chr	start	end	Trophoblasts	Stromal	Hofbauer	Endothelial	nRBC	Syncytiotrophoblast
NC_000007.14	87398570	87398571	0.147039265113933	0.84795657528462	0.928835013551631	0.808001291659879	0.908807384696252	0.25138311232832
NC_000002.12	63861344	63861345	0.129599454446008	0.388188647513989	0.0987723851140981	0.126703444022371	0.221344007230407	0.140428512332021
NC_000003.12	151330617	151330618	0.883911803532691	0.866157347525961	0.142900156851439	0.885768389283942	0.72078920383851	0.923031421727076
NC_000003.12	169837124	169837125	0.89424793362754	0.545276440401474	0.904009842778032	0.88915888720443	0.93809622743248	0.941855627110333
NC_000002.12	176159388	176159389	0.680703931043893	0.225649802229943	0.147856259012569	0.396430513077253	0.109627484095614	0.409672243559544
NC_000012.12	54984626	54984627	0.858241992047046	0.752541386219287	0.443332726997189	0.896697889551508	0.0497492342496459	0.877118479450013
NC_000013.11	98507401	98507402	0.0692711632322866	0.163560273160931	0.734423367044303	0.0954779124728939	0.347980590643666	0.365923180339185
NC_000005.10	2632063	2632064	0.19491592121686	0.868106995088167	0.966212561358817	0.786314492174907	0.918690945544575	0.477105988776879
NC_000011.10	128777211	128777212	0.0338748217450761	0.088555087224782	0.692259063299757	0.436564547288338	0.168042118646574	0.0439639503415245
NC_000015.10	96341889	96341890	0.420496968588001	0.0899182553907535	0.0484940100001942	0.258313000686036	0.028016621475054	0.946450156136526
NC_000003.12	128280918	128280919	0.142022103821351	0.653214631923895	0.887392866286193	0.727390721536539	0.826671504342277	0.752614811143861
NC_000020.11	63736535	63736536	0.971410168272423	0.835985410697392	0.875494148082396	0.980410906320887	0.158046161772759	0.980717407136396
NC_000011.10	5689837	5689838	0.0786972756732844	0.430083923849068	0.0693635273809184	0.283452964734486	0.0939550457070517	0.0694476668704667
NC_000003.12	13623521	13623522	0.60682055595792	0.892828374036885	0.953579073143018	0.854709980495596	0.910140509636002	0.108416410401652
NC_000007.14	106865515	106865516	0.749763637872459	0.344798544052653	0.118556331252061	0.423769116553035	0.0948101742309315	0.317862795440562
NC_000019.10	41933092	41933093	0.0720110543401034	0.195731702328549	0.733752524312876	0.0914315406447103	0.924588378886831	0.0902446456939782
NC_000004.12	158170936	158170937	0.264855977777231	0.565825137048628	0.362190266067552	0.290537177626318	0.354561272039366	0.184082347189472
NC_000005.10	172769149	172769150	0.680699079327923	0.874272460182976	0.933528267640213	0.363446081749225	0.930750462960107	0.904895904004618
NC_000018.10	79576200	79576201	0.13260453586794	0.73241752704897	0.932725633761576	0.631946343305842	0.915567216882823	0.423291574676791
NC_000012.12	114697221	114697222	0.904762019928889	0.156237898492206	0.0693025487012979	0.289472329542869	0.0346335966179575	0.907257123699065
NC_000001.11	55212975	55212976	0.895386078856788	0.725062541235796	0.498250365715744	0.891695761951961	0.0660965689205521	0.918325002647893
NC_000001.11	43058675	43058676	0.391142380342634	0.0954730585930705	0.0584380344945964	0.0934650952168233	0.0484534108196513	0.915571963310734
NC_000003.12	196625114	196625115	0.807242310447017	0.865485690544227	0.14005037919902	0.959057836036863	0.753235707117963	0.794016720766621
NC_000019.10	14440186	14440187	0.776859154919821	0.101899824253184	0.0388972648596806	0.122581193558697	0.0171201091532323	0.77493463228492
NC_000001.11	207959144	207959145	0.157706079294636	0.122003461041409	0.107983603945256	0.59223587073207	0.104120775753676	0.402194712403159
NC_000001.11	202159553	202159554	0.877715061513095	0.686094286356511	0.440480117012707	0.916871142874936	0.0349274823629351	0.950930558318732
NC_000005.10	39219142	39219143	0.192569727499735	0.254083103499283	0.0444191300835168	0.670482533957562	0.446780640424814	0.0879767385654829
NC_000006.12	151045254	151045255	0.465916909747654	0.708575014665224	0.889692813035318	0.224183989146055	0.798931101227468	0.886692377216647
NC_000002.12	43223825	43223826	0.309673393890607	0.0848367991883338	0.0468977544276915	0.111320495118756	0.0279849597935494	0.901959518995378
NC_000001.11	217140941	217140942	0.715269632775009	0.172536817888531	0.224360467935485	0.278847612170806	0.12556240292734	0.570952434644943
NC_000016.10	67884795	67884796	0.0504374663118985	0.417987397517289	0.862816788143255	0.643840174234404	0.965057878755907	0.534257593107256
NC_000002.12	217978505	217978506	0.0393219393549748	0.259059533002058	0.672436544466878	0.0602812542781816	0.941401255997689	0.0593696193770984
NC_000011.10	47071440	47071441	0.0635208666834	0.28990694411918	0.857547636221111	0.595887529333762	0.373717535891113	0.128742811086516
NC_000013.11	114067357	114067358	0.135166769350486	0.374048714992773	0.0744438699335706	0.646798071470427	0.213034913299645	0.14917857063105
NC_000002.12	239003800	239003801	0.0614957112373009	0.770536747277344	0.936130561487678	0.677443445707576	0.91680168331569	0.190916219847438
NC_000002.12	71560677	71560678	0.131015033845631	0.819863078241143	0.969406474109855	0.778577336411771	0.978073689772637	0.952331310279597
NC_000019.10	54365141	54365142	0.416121075418791	0.431033645979867	0.0874379076044208	0.791003872274501	0.0656365239638178	0.337970296532748
NC_000014.9	69696037	69696038	0.13100032461408	0.366240830535601	0.0544722590730305	0.150043341660954	0.14572813459269	0.18343571124898
NC_000019.10	10461685	10461686	0.0515782356923334	0.379914157915376	0.0903471098273671	0.0684585938394351	0.0217321405972454	0.0656724579334537
NC_000007.14	2440899	2440900	0.0578453953812261	0.644009356335113	0.88444122879136	0.709315997055125	0.882141084620339	0.0680003951549347
NC_000012.12	570733	570734	0.0479973473009843	0.162308764364113	0.479464132885563	0.0767631448497466	0.899261730801854	0.0811359565001728
NC_000007.14	97017804	97017805	0.0951335321123683	0.0669948880606397	0.0402052185335006	0.0602014123109502	0.0750910864426272	0.89669356876259
NC_000016.10	29664749	29664750	0.92586442147713	0.707650505678338	0.526590258846986	0.92980499279787	0.0151527123013652	0.964105958051586
NC_000017.11	48113339	48113340	0.930057343067311	0.904673263011	0.217646125924142	0.924541422121775	0.832110651628654	0.935200505558723
NC_000004.12	78075009	78075010	0.869522729272678	0.468572467751837	0.701820641194964	0.878432757512188	0.828589263737716	0.891027656715785
NC_000002.12	23939570	23939571	0.123400604640598	0.0540589251979548	0.0449920139044486	0.0744466434088011	0.0416539546341975	0.858174126959033
NC_000001.11	3219147	3219148	0.120650673241538	0.723328219333955	0.961706958188041	0.634391094053923	0.925327784568753	0.355265038937699
NC_000005.10	81396447	81396448	0.0459045804267889	0.359656974772934	0.0880542917293516	0.150387457260585	0.102635763206267	0.268941660189981
NC_000013.11	48585630	48585631	0.802561275374775	0.798072230956011	0.762735749352159	0.310282086868098	0.845953710921436	0.876135783600571
NC_000007.14	129627116	129627117	0.903617646140798	0.889025510331785	0.170235519663295	0.912477282057162	0.73744943432354	0.922075853173855
NC_000005.10	123094738	123094739	0.771736111356675	0.0952615724783941	0.0650581892149657	0.203380084073526	0.0545949649788202	0.643224427725144
NC_000008.11	13116392	13116393	0.146597077138797	0.193865062640784	0.81604499696058	0.161280988254458	0.296407876588895	0.578960725732911
NC_000004.12	158170684	158170685	0.325018682604342	0.721831658104608	0.481121493415385	0.391610068243075	0.460666694932629	0.268334684219518
NC_000019.10	7473197	7473198	0.923324836121619	0.890377282726743	0.163230575817285	0.925439215145654	0.736628350463698	0.937032290639774
NC_000008.11	23547782	23547783	0.051959281511376	0.366679803446803	0.0725227362326812	0.0976518326571681	0.83577283253593	0.0513962259161056
NC_000005.10	115819826	115819827	0.839371584453586	0.815369531126883	0.846523946460885	0.849030249143792	0.108212295342375	0.86766066328919
NC_000011.10	75350793	75350794	0.289397331951238	0.452321584886228	0.128979509920207	0.195038606163519	0.148402162478223	0.180553813480955
NC_000015.10	90000782	90000783	0.201448859781624	0.041581821852359	0.0370261743185024	0.0417506687836943	0.0339169984429125	0.914562446348237
NC_000005.10	123094539	123094540	0.706228832744923	0.140528048935797	0.0930230390534346	0.271515232225022	0.0379264414271493	0.650044211413221
NC_000012.12	95277369	95277370	0.48990231543554	0.644902474892723	0.908262146940496	0.21316159814617	0.902438613218711	0.900915702910169
NC_000006.12	30730928	30730929	0.159413814983336	0.568698843972019	0.229952679798471	0.234142622381317	0.0610616846212691	0.308673209056223
NC_000010.11	99522166	99522167	0.0353405942511946	0.0655777549004226	0.265475665208795	0.0297252251044463	0.924802563629838	0.280004321362773
NC_000010.11	33095966	33095967	0.915848528524717	0.899659828130252	0.188932241127173	0.916557240803608	0.734329749279108	0.919470109969838
NC_000007.14	98682069	98682070	0.0615997095965735	0.390628687346982	0.0898269991246223	0.272361028252277	0.0309566714195459	0.0560912766618044
NC_000002.12	218806482	218806483	0.0498374016049078	0.160970201748548	0.0490854179746792	0.642828689358062	0.248785628296757	0.066523221785363
NC_000019.10	908893	908894	0.789074231275231	0.774090371000984	0.672314062119478	0.917510538672603	0.0356826019134444	0.584606326199764
NC_000007.14	100813007	100813008	0.481103790565527	0.855217099471978	0.910492227481906	0.839210942914779	0.9345436292756	0.0508074916659171
NC_000002.12	144580941	144580942	0.89698523899859	0.730825282810908	0.699538867665402	0.645348583759725	0.0678957486441011	0.910172915416413
NC_000012.12	6364132	6364133	0.0677425602699987	0.399255183126893	0.113359531549336	0.135853168410293	0.151880744398043	0.0770928874840883
NC_000001.11	217137040	217137041	0.810505262180739	0.258823205943355	0.0548014420912758	0.320190528713357	0.0211970073674468	0.730881186600798
NC_000016.10	89523948	89523949	0.835157698605429	0.813024566030827	0.571906056169025	0.239200126778645	0.872573505654828	0.874887070000421
NC_000006.12	116528893	116528894	0.227271712248548	0.394606235786883	0.856531316089886	0.20647615621583	0.549075818937389	0.0749277767178926
NC_000013.11	113258779	113258780	0.931111075276811	0.925603417720864	0.178904970622098	0.933675294253159	0.889070684620007	0.940843620774666
NC_000001.11	235984420	235984421	0.513068628253672	0.587756954522371	0.890795402208876	0.205176242519767	0.837859141248086	0.874025080629645
NC_000012.12	27869842	27869843	0.801702795956289	0.439558881561674	0.816758752681844	0.79400860364328	0.748181795939284	0.858019394820087
NC_000003.12	11496145	11496146	0.791494029909872	0.743630057199127	0.90636620705212	0.228485965452942	0.869201901302153	0.923031695912612
NC_000006.12	28607203	28607204	0.0726124133509439	0.0434554369901396	0.0419562414108744	0.0475614341495574	0.0483215574727346	0.868721764898122
NC_000014.9	71489011	71489012	0.814333596836345	0.474808055811513	0.898406918087224	0.866411023600469	0.71572203364294	0.923263010198436
NC_000004.12	24795365	24795366	0.0261470267458107	0.162520320353642	0.611208018653615	0.0636326933870803	0.870674607714436	0.0319097067034153
NC_000001.11	53183545	53183546	0.0433916421301361	0.137911039934878	0.821294162001735	0.447938442508635	0.285328604121557	0.181587231094034
NC_000007.14	2244964	2244965	0.965153884061923	0.942022464840626	0.178469569168538	0.965063128800453	0.936026303122143	0.963023112729832
NC_000010.11	124568533	124568534	0.636707597351629	0.940906373847196	0.968116800339452	0.945714022603025	0.9573995912435	0.137827247253661
NC_000011.10	57180543	57180544	0.0578633211460698	0.0895983055617397	0.063028132851908	0.506611318376778	0.0529801145266707	0.0657273292261784
NC_000012.12	114697432	114697433	0.597975704220886	0.088779558579159	0.0559168882096578	0.170192985945954	0.0491950476518988	0.608777952940708
NC_000011.10	86519621	86519622	0.0719000484272656	0.686860462701392	0.892118441314849	0.571291362043756	0.7910139949054	0.627827859199427
NC_000013.11	73695535	73695536	0.554609054096447	0.89513918511462	0.951551036267827	0.880947639061739	0.951510314207289	0.120556456223484
NC_000014.9	68651705	68651706	0.929024328252302	0.537661980908932	0.901031888441137	0.887864028723514	0.907233751918849	0.916122551441078
NC_000010.11	11164257	11164258	0.321996897652096	0.37355688721693	0.187778916276992	0.705132141537811	0.0834091908191227	0.245353291336112
NC_000017.11	43480206	43480207	0.156351769999938	0.668669367416497	0.862261430189125	0.78352628850754	0.821591623446701	0.811874579579683
NC_000002.12	235374553	235374554	0.570728510267024	0.889860815202505	0.936901593592556	0.865341992626386	0.914439182129078	0.0971558918270789
NC_000014.9	99757473	99757474	0.19842250028743	0.7754468066393	0.943209534970569	0.743240937410334	0.878358874498995	0.796480382502525
NC_000001.11	64540250	64540251	0.440601870118964	0.776374941302816	0.887769300273666	0.261362256918267	0.884397240021143	0.881673429380294
NC_000006.12	170096370	170096371	0.0617775079620879	0.748608874411777	0.92211898710192	0.71711881014456	0.834838857145879	0.121129825146909
NC_000007.14	17234712	17234713	0.62905120255162	0.259100538327405	0.0556696304330557	0.375265055292451	0.0693223031749199	0.0996398101598298
NC_000013.11	24263798	24263799	0.312189028972466	0.143127070790549	0.826927866247508	0.410473206090654	0.243489523674535	0.425899475464074
NC_000013.11	114064837	114064838	0.0384331411440343	0.139515732991336	0.286187888278508	0.131233282994334	0.831076931031242	0.0534998107618176
NC_000006.12	28606814	28606815	0.04973038935731	0.0239562495577578	0.0195393564252017	0.0939689360750984	0.0361796621666651	0.861849505404841
NC_000001.11	234707844	234707845	0.893934832103687	0.867060009629718	0.169909202419231	0.888735057712381	0.840304372305725	0.81746268071075
NC_000020.11	45348890	45348891	0.214207309548567	0.789755599981552	0.936516242588167	0.785327089518548	0.958096282631752	0.807709475388468
NC_000014.9	22916174	22916175	0.901614689297047	0.802976070864857	0.121382315430384	0.919906274416039	0.867521508181346	0.909306471437585
NC_000011.10	65607595	65607596	0.0503180019138812	0.261288778476721	0.580602070043464	0.147920336270823	0.972697013577453	0.153569296714524
NC_000007.14	2039150	2039151	0.718433523740792	0.443402180937151	0.852489724677227	0.713547476777336	0.879180789375054	0.827111413516303
NC_000005.10	119273771	119273772	0.560171344116476	0.256033078553589	0.074222472744449	0.83832980790568	0.0839903547278577	0.0790659858454396
NC_000003.12	72521166	72521167	0.088711828267201	0.698395765676675	0.906110712252432	0.723820144068071	0.826628604629249	0.330440987758207
NC_000004.12	39121321	39121322	0.137757176834658	0.716562984769087	0.921601789282695	0.780220538762469	0.836505434728227	0.800181461830793
NC_000010.11	129892952	129892953	0.579036551164732	0.725893064846834	0.920541215050699	0.904657304541695	0.899209005830465	0.0704763062912535
NC_000006.12	157184861	157184862	0.588668436883547	0.888943656499713	0.922043755731696	0.872056273846042	0.927806758073972	0.0916759596895066
NC_000014.9	91416923	91416924	0.173416309373075	0.0895940644719152	0.0638425434725178	0.0918044507517169	0.0326557198228585	0.872168665890656
NC_000013.11	113978067	113978068	0.07328714032644	0.794357987412513	0.928577139139023	0.736846871512573	0.944802250692404	0.0816973090475755
NC_000005.10	60488375	60488376	0.596227182435734	0.89273968099843	0.956025263657925	0.830778878443507	0.915132279596773	0.0977517283707569
NC_000010.11	132230250	132230251	0.455316873230864	0.624098935588917	0.439483784050065	0.381791525541194	0.306160552616041	0.287224884610355
NC_000008.11	144503123	144503124	0.19704106744121	0.698315677075057	0.923629915042442	0.800856961412556	0.979254821002069	0.904883752905591
NC_000006.12	27545699	27545700	0.0391274599058894	0.0278708477205015	0.0270161997734846	0.0325388933681676	0.0234913128987529	0.850265784449478
NC_000017.11	82297542	82297543	0.229622525571648	0.615644093187838	0.0994822214613703	0.329393459908971	0.025646363280482	0.305848805741313
NC_000011.10	351124	351125	0.385645298663881	0.2620458028976	0.0538371784033261	0.620844193894712	0.0688391748692317	0.0806217579571804
NC_000017.11	40552212	40552213	0.14138597378575	0.672317308407366	0.906392678455588	0.717533780350482	0.864994285952002	0.845965046294824
NC_000010.11	17349003	17349004	0.0336255519378023	0.115960943856086	0.744591932354039	0.0706762658392659	0.359707144592069	0.0389799178171859
NC_000012.12	2064184	2064185	0.0561504923040395	0.373197082394665	0.0699327416249455	0.0911278903712788	0.0727512660949723	0.112028028763946
NC_000013.11	110676873	110676874	0.904903321792711	0.899656249244011	0.171156951492115	0.90728951658399	0.80846847412393	0.913511937559552
NC_000008.11	48583830	48583831	0.777700320334535	0.474223318232711	0.883136280647123	0.800122543205035	0.877636571064652	0.879827902612329
NC_000019.10	17842347	17842348	0.0697779902047585	0.616888074487307	0.829980751370034	0.61931597083066	0.97997105275258	0.234641012406393
NC_000016.10	1258101	1258102	0.517605396543227	0.86666118401623	0.92519837498332	0.842318316632287	0.951049210942183	0.0933909170132713
NC_000022.11	50085256	50085257	0.328553260083408	0.274136315916151	0.0475731356301523	0.623514890222201	0.0335425955704641	0.156465821827222
NC_000005.10	9498668	9498669	0.670851660987276	0.940891484907834	0.96812143967375	0.944769381532844	0.915943906930804	0.147419334196553
NC_000010.11	113151855	113151856	0.966203574764869	0.946564769864997	0.171618429584667	0.931912235154898	0.873707655347929	0.968475220849075
NC_000005.10	173918666	173918667	0.131728076444175	0.162500432347527	0.044717106235411	0.120536781671805	0.0513474265557316	0.882308624887157
NC_000012.12	6364144	6364145	0.108155353517759	0.471150452213369	0.139645426076835	0.186720111731869	0.18370756579043	0.12835074557898
NC_000002.12	60366049	60366050	0.723421885632598	0.234865612780606	0.070624969631176	0.322857775905719	0.0918140775704859	0.294823725328259
NC_000020.11	59008272	59008273	0.950287946670886	0.943816551481186	0.135510556495437	0.94956346087057	0.87828764132933	0.95548975456709
NC_000007.14	4703424	4703425	0.751265230846591	0.404617010018825	0.887891635464211	0.653737962832996	0.844165069522092	0.899323260842417
NC_000008.11	6627126	6627127	0.703459862316897	0.276304976875268	0.87724924307493	0.826169471679291	0.626942375171902	0.853856483730616
NC_000016.10	49652655	49652656	0.0971416357176106	0.646642090449538	0.864470396012872	0.652036849124362	0.766569331756324	0.652027853414777
NC_000007.14	4744542	4744543	0.686993175312385	0.742425734613114	0.861377479714505	0.277835040913569	0.772512864921481	0.900105335600948
NC_000002.12	127295201	127295202	0.912416882486208	0.895556299779944	0.19555746630377	0.929922066127896	0.810831574970164	0.936935001589359
NC_000002.12	12456716	12456717	0.0813925826758853	0.208176688337287	0.073263002822639	0.599187601034692	0.122661546724871	0.0869568532212796
NC_000016.10	88936628	88936629	0.157677427717021	0.521973618760449	0.127456124396574	0.218080243630997	0.262387350261115	0.185191823893387
NC_000006.12	31834251	31834252	0.0640274776480202	0.10203000414802	0.419904659432945	0.0696686094822163	0.876379890099047	0.0530411045210527
NC_000007.14	151199362	151199363	0.152133576322143	0.733790589198264	0.91580015418529	0.65377854084443	0.893754197202396	0.743002057118209
NC_000017.11	31825081	31825082	0.456696574350488	0.835061082095015	0.917094617977451	0.292333699704017	0.87942378924757	0.897790245118208
NC_000005.10	68522850	68522851	0.0900656030189581	0.648974100530578	0.884413230234352	0.68950853822913	0.862363048886091	0.562043910425572
NC_000008.11	121796682	121796683	0.114826165200887	0.76161368792612	0.876692877189848	0.698781815748349	0.824504498815303	0.848640719700676
NC_000016.10	4003407	4003408	0.906295255426892	0.539296988025916	0.889508233247056	0.907338566009459	0.873476130306429	0.909307520239257
NC_000011.10	64868301	64868302	0.518833107593354	0.863895640222102	0.93088138399741	0.867235021872237	0.971980545771157	0.0963985119174251
NC_000017.11	82696458	82696459	0.59583460272064	0.903445395132977	0.941576540736933	0.901204044631847	0.947204890530501	0.129422112564383
NC_000011.10	108552208	108552209	0.0506178530126435	0.135455929517537	0.678628841996023	0.107307460636665	0.254639243436912	0.0936249786123955
NC_000007.14	4707629	4707630	0.480203860874805	0.832060383379949	0.937846195344737	0.248501674240773	0.890120210679088	0.936010455696134
NC_000020.11	36462913	36462914	0.179516320794662	0.0665745079541448	0.0471068871646736	0.0598726695834728	0.0514938688757934	0.867862929283219
NC_000015.10	96344729	96344730	0.911306651440268	0.939602262262011	0.725427047452502	0.969355583338867	0.0274042726565734	0.982714447939466
NC_000010.11	73651812	73651813	0.768682893368735	0.466348833818451	0.844258774460723	0.816036461772115	0.828607305050102	0.850372526922464
NC_000002.12	201433664	201433665	0.455577166122205	0.314554861563131	0.834335505112905	0.298275955591197	0.212151607889282	0.160366412508505
NC_000013.11	114067959	114067960	0.108204767605323	0.50144641139725	0.117517375087693	0.668146972797284	0.0536114125888554	0.0933812220880167
NC_000012.12	104677704	104677705	0.657075891262416	0.923109151592062	0.93183213502567	0.903902909362136	0.96440434000584	0.110954197464184
NC_000010.11	129046342	129046343	0.629137215307735	0.817990438590474	0.936795438405908	0.177114382071042	0.936650843713239	0.326504631215875
NC_000022.11	50085944	50085945	0.542732593178832	0.247455796080134	0.149972283955266	0.799130447612985	0.0811398492846847	0.381285894257034
NC_000017.11	20073842	20073843	0.190935791325142	0.315503194014438	0.0907081139009851	0.68281358170236	0.0748152324963366	0.546845417573479
NC_000011.10	72079232	72079233	0.0655998910122374	0.0883112219267751	0.640320319813221	0.114611318441461	0.234295235715807	0.0688140981402732
NC_000015.10	69045344	69045345	0.109248188244772	0.809354596266181	0.898849385122953	0.680431381756653	0.850311141238224	0.168417945267459
NC_000011.10	60971699	60971700	0.898955176373676	0.676437373158538	0.366005645360812	0.903544729823609	0.03447762781117	0.937459227965613
NC_000017.11	55496607	55496608	0.0815390143564633	0.246767854133681	0.0477481374682373	0.681975382621452	0.19305241024752	0.0531766439557506
NC_000016.10	85575052	85575053	0.518127720880166	0.691022552563592	0.958132007569406	0.227995083927215	0.942614682439761	0.943992210225453
NC_000010.11	124341132	124341133	0.77576247086889	0.275023328986942	0.109760419813421	0.344155438354236	0.0405705771760383	0.628834330860441
NC_000011.10	128777057	128777058	0.106502006899571	0.241204550703148	0.843528693320514	0.63581743240218	0.307246393832637	0.250982365413788
NC_000008.11	144373253	144373254	0.0679214666919036	0.304661289510155	0.697653485713617	0.266350038711032	0.97445790145593	0.0242044700122429
NC_000003.12	149555116	149555117	0.525301818103735	0.834180338541699	0.922678938733869	0.253942324754919	0.784766044182526	0.921571981493751
NC_000022.11	45212634	45212635	0.161232612977671	0.334939813444568	0.319860163475432	0.153946063292086	0.945587247921696	0.154909629556588
NC_000002.12	170716712	170716713	0.344384449233762	0.1160147760723	0.0630315561773411	0.112351608071666	0.0358405080867976	0.914137439148268
NC_000004.12	150579778	150579779	0.274983898991048	0.155349001451135	0.47991811783791	0.247682997977136	0.935436194757385	0.0468601044495974
NC_000001.11	24931013	24931014	0.0841982566129249	0.164204896668048	0.396143828457984	0.0471088617898498	0.869887609357588	0.19495826387596
NC_000004.12	187066051	187066052	0.0849470158592094	0.793596512043276	0.939893305437819	0.662913314256459	0.850988372744434	0.18696770180807
NC_000007.14	1101617	1101618	0.758813705052221	0.823400713680825	0.892119079657195	0.287328708983462	0.90925045491242	0.881664597468915
NC_000012.12	114697197	114697198	0.907827181468424	0.190569548271997	0.099655939777645	0.315848096080846	0.0304801814858906	0.914503469575248
NC_000014.9	68790170	68790171	0.0181757191395954	0.107535145041456	0.216634501164853	0.0176492737472324	0.77629309746537	0.0243645270158179
NC_000007.14	152924893	152924894	0.624294226016221	0.205730850715671	0.136967734676712	0.243197821580974	0.0674241667063795	0.262479365932947
NC_000008.11	30723286	30723287	0.0783611688163507	0.297592179449868	0.0549414534437622	0.621498953066732	0.0379962100855492	0.0496457853657555
NC_000016.10	4475916	4475917	0.592298733740534	0.781610155869604	0.929816129184602	0.791410929723477	0.937328816166871	0.0748606896455174
NC_000007.14	4707394	4707395	0.355849553480677	0.743918345205471	0.873525027697533	0.14259755143044	0.852820095278215	0.896556424177279
NC_000002.12	172080545	172080546	0.781032077551058	0.103555880917259	0.0566627404781081	0.176887614974315	0.0346525342184476	0.824364239978419
NC_000003.12	3110214	3110215	0.110210577826356	0.121453493359176	0.709519331688126	0.246961167679918	0.311005486529824	0.0457876753102067
NC_000002.12	174052002	174052003	0.0745875562455484	0.130237713156828	0.803917168213369	0.244820553911306	0.347353833369584	0.0912269056246
NC_000011.10	123452917	123452918	0.907460419710576	0.886635456272998	0.169280095157858	0.904166054271593	0.808768603620901	0.908395866928123
NC_000016.10	29663637	29663638	0.954517069152755	0.600952546221708	0.260778820307278	0.934395037404116	0.0170546002876485	0.977697077596289
NC_000011.10	14361208	14361209	0.54073339884004	0.819201355117632	0.909420849910553	0.839164345890424	0.933640552456371	0.0840141196877847
NC_000006.12	25042266	25042267	0.896799759099382	0.74883416828894	0.567086260348337	0.793519921311679	0.0389743319667684	0.931157462258922
NC_000007.14	6485366	6485367	0.616557372574184	0.934310572486349	0.96834323410794	0.911378075936141	0.970251074741264	0.126665625962742
NC_000012.12	57220398	57220399	0.168518158447789	0.0489707139992187	0.0341215184682802	0.0612628347861722	0.0597098898009439	0.896739685353461
NC_000010.11	60943330	60943331	0.15025379990897	0.0487727653196571	0.0387369806150084	0.0567836265203922	0.0214778288560414	0.864268261462829
NC_000010.11	49298839	49298840	0.0349834280022472	0.193263049173083	0.689604047559489	0.173187648355299	0.930577922965637	0.0299432733756255
NC_000016.10	81493898	81493899	0.108730560889245	0.468562608151164	0.243929220003504	0.123366758251185	0.293802025284815	0.101327784438252
NC_000019.10	15457548	15457549	0.0207514778082062	0.177424103078962	0.498134955075696	0.120084911731427	0.965493417928568	0.0343348046502236
NC_000017.11	79115666	79115667	0.0898925569073078	0.723080843279574	0.95004464070926	0.700153091530757	0.901618202509973	0.117089488197739
NC_000001.11	3697158	3697159	0.615510880021111	0.878270728540168	0.95116429571329	0.89283240033499	0.955996087013666	0.0788723144165801
NC_000016.10	1471615	1471616	0.912952189995706	0.893714205985504	0.421401895286985	0.817839880488644	0.0731006608705319	0.970024504465337
NC_000001.11	3063252	3063253	0.0623106907563034	0.216099836932577	0.550020015096243	0.0458337399256881	0.912764426088539	0.211993717593809
NC_000008.11	22589554	22589555	0.0504168267605014	0.142779013810316	0.487625994728446	0.0319652287267363	0.876688604739982	0.218471723845764
NC_000010.11	70834708	70834709	0.896053876575594	0.803421496982402	0.155743903011489	0.890465434962694	0.752058087295259	0.899248810579562
NC_000008.11	96145649	96145650	0.0927791062755232	0.378279298511817	0.128882695745546	0.141971476169094	0.0353054696750408	0.171918026659985
NC_000016.10	86087433	86087434	0.823924518814106	0.485479700242284	0.859308143096831	0.82071531321348	0.870593440273739	0.786888752464425
NC_000008.11	22646063	22646064	0.62824439735852	0.777282518214336	0.824563201193978	0.290540991656568	0.926966285876368	0.843182078791827
NC_000017.11	1643108	1643109	0.13750448030469	0.725052482797046	0.956661433900436	0.875597923249268	0.957136251023067	0.218340555073841
NC_000019.10	47110813	47110814	0.129328867763182	0.0327072577076631	0.0279279298290798	0.0478720634595686	0.0274235209439294	0.883704806653536
NC_000008.11	29103838	29103839	0.895676023384643	0.89582366948022	0.186405343726067	0.9109269581913	0.793223444799416	0.926261509550058
NC_000006.12	170271996	170271997	0.952257438616187	0.772501543581374	0.20061800742906	0.971076891109523	0.0324869502891988	0.94733962546381
NC_000001.11	27635168	27635169	0.946813116161952	0.871463784145574	0.334687864650979	0.853638233550747	0.0501207364434917	0.942843746201354
NC_000011.10	12201022	12201023	0.152513342897542	0.185941209512857	0.74892659947306	0.1594460650567	0.281585260138354	0.101688252384745
NC_000004.12	101176068	101176069	0.443373741175354	0.817514190606082	0.854523009696766	0.255200862340018	0.832511338382969	0.906047963929225
NC_000003.12	47347245	47347246	0.41335996694349	0.274275615361433	0.0439913226683933	0.810891520337413	0.116101326702052	0.310566392278446
NC_000006.12	163955543	163955544	0.762123300924083	0.787734144840282	0.902914744664013	0.895653518701124	0.912330244341664	0.121681872169538
NC_000015.10	58547355	58547356	0.670204187444883	0.812507093311644	0.92389870161595	0.923775365359752	0.865512727893059	0.0735867876108958
NC_000001.11	26351608	26351609	0.594163231957799	0.8866698412674	0.95914113663585	0.791010370172459	0.907274979170539	0.0941979342795111
NC_000006.12	167291764	167291765	0.467466245371152	0.399553733992226	0.12267051869186	0.721822862434589	0.153647154296914	0.138280816707337
NC_000007.14	139091903	139091904	0.915344658373901	0.428304263961829	0.842528235019606	0.769096191284339	0.789967538241944	0.91890680186604
NC_000010.11	45428229	45428230	0.16833071398123	0.297315390254553	0.840166027326495	0.160367469235009	0.416047477196193	0.268837638294568
NC_000016.10	29746022	29746023	0.938168842722817	0.744622200036746	0.329268881173505	0.931611089902416	0.0235446912745295	0.973996585336955
NC_000019.10	8335318	8335319	0.0352952778252987	0.116743495694368	0.0729055046911471	0.563133344319946	0.0338806969385447	0.171769492470394
NC_000002.12	216206229	216206230	0.850288825452821	0.87233947159588	0.145114300542035	0.908961169809358	0.841061031532258	0.907537096622193
NC_000004.12	8183435	8183436	0.0496561859965415	0.273372394110144	0.818615592852194	0.10476084004022	0.346184978573898	0.0479007870356191
NC_000017.11	81064911	81064912	0.883435592574931	0.515044011409	0.886378410200291	0.809181069281243	0.896842878638533	0.91546419997587
NC_000017.11	3945029	3945030	0.0275319904660803	0.0909792574828539	0.361146762589609	0.0257064372706772	0.959256667417615	0.0250954561704835
NC_000002.12	176172635	176172636	0.74210244262152	0.12160044976345	0.0461579580727127	0.303914435749243	0.0242673628856398	0.666454800091597
NC_000008.11	11679391	11679392	0.578501397369511	0.0744646285797672	0.0604966309447889	0.0999378745568864	0.0639515269560673	0.452950265247106
NC_000010.11	13708688	13708689	0.518725807434496	0.898996618315873	0.942171601055654	0.853875385639274	0.948889091121949	0.107084547567898
NC_000007.14	80638302	80638303	0.942697558635022	0.887170113234988	0.138373924200787	0.530831548381847	0.898784267186279	0.937470820911271
NC_000012.12	5047301	5047302	0.593181994491032	0.339754081748887	0.804801383119249	0.650578754117819	0.678434268865754	0.81686907816468
NC_000004.12	128354369	128354370	0.12052465479684	0.202755954166701	0.752587230539821	0.178088854709852	0.304761520807573	0.126965451926975
NC_000007.14	2521341	2521342	0.163572908983265	0.42143240229005	0.225859882062419	0.141219170566937	0.109226060558673	0.160742102566498
NC_000011.10	76588637	76588638	0.64333619447111	0.210794281556772	0.0669568721482133	0.261917995289495	0.0436226926776471	0.544125056701461
NC_000016.10	73019879	73019880	0.842342526320281	0.501940317750193	0.881994072570683	0.807947273899356	0.865714250990038	0.904312598476062
NC_000002.12	26788981	26788982	0.915329299906748	0.879766551465651	0.1404554190041	0.888114840495302	0.94271912210273	0.9404028410797
NC_000003.12	46202607	46202608	0.885632887098163	0.795697345075882	0.12470339571465	0.847787750916669	0.655976545557756	0.933444087410897
NC_000001.11	207823674	207823675	0.202007798529969	0.926920916736982	0.945429207235609	0.903960667363755	0.970031745659439	0.150689688152812
NC_000010.11	99521445	99521446	0.173898888687392	0.307114458915344	0.573084242468425	0.199058333361262	0.958884828120347	0.0889016576327977
NC_000007.14	158853561	158853562	0.18305351724246	0.493943191886115	0.277753600044447	0.313834443576558	0.11972179388311	0.292584825659409
NC_000010.11	122374305	122374306	0.784342345697425	0.782867056175271	0.957662681800699	0.81584297231878	0.0526586636977621	0.959157985409541
NC_000011.10	108552063	108552064	0.305331888510957	0.530592431788876	0.905156454789854	0.350749342159651	0.270771739613605	0.555455070599051
NC_000020.11	63687079	63687080	0.169682194580409	0.402868352207579	0.0633454334031014	0.108087025317814	0.0620227982180642	0.0351534767650567
NC_000010.11	60263906	60263907	0.562560539277552	0.892654798768781	0.923739358119427	0.872572808512457	0.905178568607681	0.0991396353030937
NC_000012.12	570501	570502	0.0480670541379114	0.221813653854743	0.495981771241907	0.11515331416922	0.946192464298784	0.223486834701466
NC_000012.12	6550357	6550358	0.894351555833419	0.843197465232031	0.155010727666394	0.901793979129399	0.686093515092836	0.898411046581935
NC_000013.11	110233056	110233057	0.595169776330493	0.494061927523495	0.840968762845069	0.198276837835732	0.749645926713854	0.899199520753298
NC_000001.11	217136563	217136564	0.782412188476963	0.231575298584411	0.14429432780169	0.26589844310333	0.0869284012085316	0.748005861190316
NC_000017.11	35607756	35607757	0.532057589532409	0.600910507760056	0.867284247521146	0.239322359924776	0.90460447808552	0.848789582602543
NC_000007.14	88218926	88218927	0.199182417976322	0.116877642747131	0.0827110237186323	0.112471295577165	0.0681925797738456	0.901929462292601
NC_000017.11	77100299	77100300	0.965081850594943	0.933641580360367	0.202843541842854	0.95757013493643	0.936593500434643	0.957633893206152
NC_000002.12	239303446	239303447	0.975519257337213	0.957122428906157	0.214045080177353	0.980065064877659	0.911557219555059	0.983424084532973
NC_000004.12	24795384	24795385	0.0735292228218219	0.146910887569734	0.568389025363239	0.0744339278046159	0.872740430350432	0.0658909721791398
NC_000002.12	66440416	66440417	0.403188032505356	0.0749739750098647	0.0560533478793539	0.0988587059500721	0.0199807007162641	0.917176822471612
NC_000011.10	117505522	117505523	0.532788214367778	0.856438352036816	0.943599157286024	0.873786587442668	0.959053352152353	0.0943409331776695
NC_000008.11	48683177	48683178	0.711745190607865	0.398141039027536	0.311216814030239	0.33955698612646	0.0696738271859476	0.253049580439069
NC_000017.11	77100156	77100157	0.953112364272425	0.894810167603984	0.127511715296802	0.947821373500729	0.91963602646872	0.959288140310564
NC_000022.11	50085259	50085260	0.369409281541834	0.276897651443587	0.0671624522291131	0.633991610292796	0.0388147616325748	0.209331429367672
NC_000010.11	32971819	32971820	0.28160081445732	0.139301785126832	0.718050449303131	0.196833910794422	0.197564668834669	0.105897386475525
NC_000017.11	81342296	81342297	0.876549042480319	0.247259456622252	0.273512772313187	0.339159320204933	0.173628104147929	0.860831546379332
NC_000001.11	217138650	217138651	0.646482723189837	0.236976268199823	0.0711990671254163	0.315364818050011	0.0523873370127934	0.502059975425322
NC_000017.11	77543830	77543831	0.657516796179152	0.633446390705589	0.898232493423707	0.188150672389326	0.943989683584462	0.555510727153922
NC_000012.12	114697150	114697151	0.850079990851994	0.164087893982428	0.0741489331106738	0.249474200975237	0.0258664383266656	0.869365738372693
NC_000010.11	6722085	6722086	0.533140725972088	0.673920477743036	0.897339781606088	0.245141571195713	0.880489592023851	0.691147343081907
NC_000018.10	63476727	63476728	0.566592255157186	0.892755976066888	0.945886710730616	0.887248924902987	0.964733061498124	0.0604420730240431
NC_000010.11	71965282	71965283	0.247580431764748	0.0941424897446526	0.0868371308267986	0.0987957564015136	0.0444925379149044	0.896126094324675
NC_000012.12	117143261	117143262	0.512349665429415	0.87527668797985	0.943839245672187	0.853760299395058	0.89156499677694	0.0850567188639504
NC_000001.11	3063834	3063835	0.0502677733158452	0.108090139913814	0.401938499216507	0.0235972338660074	0.904964244215002	0.181820849675494
NC_000010.11	101061926	101061927	0.296725329876874	0.0539690795416842	0.0467740645057872	0.262942665044349	0.0257841068858959	0.942785796338159
NC_000017.11	64778820	64778821	0.0802436654139977	0.0626347381382834	0.0439335894180605	0.539017574418055	0.0224102146005592	0.182473659285577
NC_000007.14	37353275	37353276	0.941463933182667	0.813658111531886	0.42343078634914	0.919289082813068	0.0373477197079765	0.940295933012391
NC_000003.12	16801879	16801880	0.0610180998633746	0.351605044847946	0.0441548839698853	0.132985197855187	0.0560612195434448	0.243625089054473
NC_000008.11	142609381	142609382	0.0732928715010152	0.339050685472229	0.118098724019358	0.0875429569513658	0.0555995085759478	0.093783047535187
NC_000011.10	1853214	1853215	0.929673010432789	0.750269531540799	0.301691854677269	0.898086035848964	0.02324959215906	0.917112822700926
NC_000002.12	27779556	27779557	0.548330470149513	0.862596409944659	0.829146823560864	0.279132168495419	0.862671144514401	0.918123019538077
NC_000005.10	135190578	135190579	0.89864799813149	0.385613187355023	0.683521088852802	0.755778196942798	0.885287700020746	0.949607125021125
NC_000003.12	101565321	101565322	0.864355951803222	0.802855553426275	0.151947471590554	0.867683740370881	0.862857445027045	0.885740893720759
NC_000001.11	2267439	2267440	0.849956849773071	0.902305930454189	0.947928015756794	0.386507972047325	0.966930944059545	0.914208615397678
NC_000017.11	82297633	82297634	0.139858441364419	0.4269629036692	0.0860818661223077	0.206355958418888	0.0211254091356344	0.176485694914311
NC_000001.11	217136627	217136628	0.759548332789895	0.27698590796258	0.110692396926851	0.329128707319901	0.0366666886663245	0.662674056626277
NC_000022.11	50043084	50043085	0.611968378621101	0.925287156742795	0.959199517353876	0.914897030787641	0.957071250985446	0.108716611544841
NC_000015.10	41968955	41968956	0.941430200829127	0.941647503254643	0.175802751802029	0.921729433718777	0.79748586535753	0.960946735510925
NC_000010.11	13729426	13729427	0.596978183297836	0.929049313531147	0.948268265581631	0.905063664952477	0.979411985058678	0.130119130024356
NC_000015.10	41487423	41487424	0.77970619511176	0.831529884984952	0.891793695291056	0.234102578622664	0.839867111980912	0.922009969606315
NC_000013.11	110248315	110248316	0.848985133343579	0.505203782310991	0.890729937262635	0.896344717071464	0.932089312007387	0.857319903812944
NC_000011.10	129696013	129696014	0.149153875389127	0.0657817006369486	0.0416537578048883	0.0935981898061588	0.0286398768187996	0.857724778977866
NC_000018.10	59898123	59898124	0.864229270012315	0.408633066660728	0.745175848888135	0.75707848918082	0.750283712386442	0.893121004223296
NC_000013.11	110248345	110248346	0.854642794933137	0.494369571499049	0.897871743529168	0.881221509688877	0.870535374140682	0.872109541197967
NC_000006.12	28590292	28590293	0.263564325830184	0.0875730055669103	0.077511668472918	0.0816461069229179	0.0491516304476213	0.903700542145988
NC_000011.10	77287775	77287776	0.106463453640466	0.708532058458176	0.72699244832752	0.735896941744865	0.867992458563825	0.553994417895657
NC_000003.12	46407471	46407472	0.140959005212637	0.0893780634878724	0.0322092102806247	0.0676163559923125	0.0291986640766722	0.861433678765265
NC_000023.11	48827532	48827533	0.821543391667783	0.308972602852527	0.358856401763274	0.281343503309203	0.256487008298158	0.722878808517664
NC_000013.11	113533674	113533675	0.616676049236067	0.788367394984745	0.950347398261975	0.90306003379329	0.967857063487136	0.0983675972424544
NC_000009.12	137326944	137326945	0.955521772187769	0.845794770078948	0.184223813319727	0.975989259803306	0.0385493470083144	0.955291134212037
NC_000010.11	78757135	78757136	0.250970072451742	0.568588410033496	0.136829847837713	0.272976797651799	0.219333507989806	0.365813359841542
NC_000009.12	136008777	136008778	0.603571945913813	0.916231817800763	0.961251424232936	0.208836205274726	0.954487524622169	0.934076691621485
NC_000013.11	43022469	43022470	0.105802944778434	0.715574739531346	0.8797852713995	0.784665657140246	0.89340468681608	0.529029064174157
NC_000009.12	136698136	136698137	0.353661491194796	0.545181564211823	0.104139381923855	0.798365031768027	0.346922014931292	0.117252402747246
NC_000009.12	122217761	122217762	0.31309796847542	0.447312330500988	0.205859401625079	0.735363507378122	0.0584794348249214	0.35804008382261
NC_000007.14	4744332	4744333	0.691931417866105	0.649703760932883	0.827982739006661	0.214261819131985	0.955203499787421	0.841255827532599
NC_000010.11	92834482	92834483	0.636275086491894	0.658095642957066	0.733246323038426	0.222545745315358	0.864521006999076	0.905633966224882
NC_000009.12	127755489	127755490	0.0677366029012293	0.419426162046415	0.602953299458163	0.118348429491244	0.956658379791916	0.161752231757565
NC_000009.12	81602303	81602304	0.820305139559728	0.695306048833752	0.889967641154997	0.326906181665692	0.875219974040725	0.876532148539503
NC_000009.12	70043441	70043442	0.0721907464831877	0.13981856279296	0.741568028135599	0.190524251485417	0.156335743867758	0.0758142918126686
NC_000001.11	150975355	150975356	0.146977729062845	0.0456506474295632	0.0585601420949481	0.104445290385026	0.0311542684926342	0.892239101507049
NC_000020.11	57560955	57560956	0.0584484454304771	0.25268748534581	0.811741558925318	0.58786561455181	0.248655176799723	0.11034679961186
NC_000012.12	107581119	107581120	0.101295352465902	0.474186311146748	0.799469491857574	0.209891343557318	0.189613410001157	0.384362994634361
NC_000019.10	48720907	48720908	0.0225616070494717	0.0719010753109832	0.199334686288841	0.594317265056762	0.170449025299223	0.0398409067762938
NC_000011.10	67115645	67115646	0.920697568662985	0.894720765083922	0.122941203444993	0.918263484336595	0.681290077119316	0.923556106458832
NC_000017.11	59840227	59840228	0.0459407838284803	0.341389750142356	0.40734323274195	0.176662601436704	0.912039985938631	0.0926479231577444
NC_000009.12	136352921	136352922	0.0706402794651498	0.686244260885131	0.921817718770218	0.636336272934742	0.907247967962054	0.255421302376041
NC_000009.12	106921552	106921553	0.0579451749436774	0.0917097291707612	0.707198383664088	0.265005228572585	0.201041681821466	0.137220762911445
NC_000006.12	25041861	25041862	0.948983161254234	0.833223821794535	0.565275082736173	0.865944447461593	0.0456095275131727	0.952209161475122
NC_000009.12	86337961	86337962	0.91721456430727	0.892628466217557	0.169562484608411	0.909047344804234	0.672942418589031	0.91796352576854
NC_000011.10	108552303	108552304	0.099747026856647	0.138214735520002	0.794334569687697	0.170631589425234	0.27238483496239	0.396064845329268
NC_000001.11	182332235	182332236	0.872026617025369	0.475967161206677	0.845155245503396	0.8192262048238	0.789922640931149	0.880511454184035
NC_000010.11	131915684	131915685	0.816407060681138	0.472820868482327	0.876525128382776	0.796274844803857	0.916353294147849	0.907675654927377
NC_000014.9	101443343	101443344	0.577844201516956	0.890787091856424	0.939522199306494	0.890193385554454	0.929863543242065	0.116977336707775
NC_000009.12	123401803	123401804	0.794388326322705	0.463063373026076	0.86775977064188	0.758324979057685	0.86463294141812	0.8603782090571
NC_000002.12	72143198	72143199	0.0208072071576751	0.0253299439665556	0.0291981341748956	0.510972954977253	0.0245208723652133	0.102966778690493
NC_000013.11	110408654	110408655	0.919283699731167	0.922009477882179	0.956792070015759	0.415063205498075	0.94064141414353	0.946861829096908
NC_000010.11	70694269	70694270	0.063519738588853	0.652730944708046	0.936714534387359	0.560800032895925	0.910446762135253	0.194256789193865
NC_000003.12	129343987	129343988	0.230593530992428	0.291207003168986	0.112590613004522	0.610283796145679	0.0680299361060054	0.130386453644727
NC_000009.12	2241255	2241256	0.656701422502452	0.766068929994166	0.916441377919912	0.253181203672516	0.937579401281071	0.95420284611657
NC_000011.10	47337465	47337466	0.476946551804695	0.849974765325637	0.917628921946329	0.823769079164802	0.97520325325528	0.0851442966395109
NC_000008.11	144523163	144523164	0.117457469331013	0.354212254243852	0.130881751765502	0.139493572372792	0.0839986922788508	0.10493564651452
NC_000018.10	13611370	13611371	0.048014311388733	0.393169799126476	0.150053373624507	0.0988418603063416	0.149809377174446	0.0653359611262133
NC_000001.11	182393094	182393095	0.861440808931906	0.839327590878265	0.116977691392451	0.788700537727818	0.744410336463958	0.768101236184121
NC_000019.10	39404123	39404124	0.354536410544402	0.0668717902868814	0.0494731237040247	0.0702243621506181	0.0418655952841579	0.897721460225159
NC_000012.12	117048358	117048359	0.0299625690899489	0.345150354654914	0.675585234781331	0.0713602988442423	0.931531557735877	0.0351574958886321
NC_000011.10	60910337	60910338	0.836512403464816	0.788782416608642	0.135180914836968	0.899208884621589	0.794050228957314	0.906184793479101
NC_000011.10	64145249	64145250	0.937015375596306	0.582215440717876	0.945887905743755	0.928231864786934	0.93996737024453	0.974834276316908
NC_000006.12	1840918	1840919	0.0873767211883653	0.749354668639883	0.922191765247075	0.749490378354207	0.821911015628241	0.108138849510514
NC_000004.12	109642373	109642374	0.163287727463653	0.809890848025838	0.925395002658457	0.788308050387569	0.89326588857983	0.887934571533378
NC_000012.12	131985391	131985392	0.865608053434748	0.90541422053773	0.15569519006016	0.903527832054549	0.804591472099344	0.897096656855253
NC_000017.11	48554791	48554792	0.884868763509729	0.491718577975472	0.893937499407057	0.792085481736511	0.89685479003711	0.935797290975149
NC_000003.12	61688535	61688536	0.875194589382063	0.379636416975352	0.819291221750073	0.87765220508049	0.708800607413996	0.946418198170446
NC_000008.11	20220424	20220425	0.937737173600899	0.924263006083341	0.160503713692812	0.935212131796558	0.962485591654639	0.939123598769539
NC_000002.12	105439049	105439050	0.779577327084765	0.458104462149815	0.811270004701078	0.774502953674376	0.934100526145161	0.809612661192187
NC_000006.12	53048628	53048629	0.91497389462228	0.819847807522431	0.471288907808021	0.844843003527937	0.0767770183666033	0.942735158685949
NC_000001.11	185284362	185284363	0.411309904336165	0.274145220810378	0.847690077521315	0.400081756486185	0.308253812407025	0.0533026620554999
NC_000017.11	67475186	67475187	0.889119170444521	0.765155132875237	0.818256174472508	0.841998042885543	0.151475518540679	0.942625168685671
NC_000004.12	4641550	4641551	0.864300010910124	0.425856674271249	0.815500785777765	0.803133451740358	0.867764390314205	0.870518150101481
NC_000002.12	236572436	236572437	0.163064073644961	0.170129104040136	0.801344046434281	0.187640526273706	0.195552299100524	0.559703294874283
NC_000002.12	205358561	205358562	0.24917137051076	0.440514809547339	0.836062737452671	0.31830140863607	0.297554544595799	0.0967658010722457
NC_000017.11	82846201	82846202	0.805623712521669	0.945361667802677	0.964964246398014	0.35104058213124	0.952876184506811	0.849804605602502
NC_000011.10	47378261	47378262	0.966749317506069	0.833799537308283	0.263308383782491	0.968373511940569	0.0736622643838056	0.976010467605443
NC_000017.11	2406983	2406984	0.0332590312809594	0.221199124570477	0.752328619075528	0.155498659857346	0.414667032655737	0.0384037334563928
NC_000015.10	96368301	96368302	0.872568790856731	0.221404087557076	0.0922686231613595	0.287317596348092	0.0340751056616698	0.893961251427482
NC_000005.10	170106342	170106343	0.844423920262227	0.788362080360939	0.406430753324677	0.967227257296843	0.0195346912516872	0.966872951753219
NC_000002.12	66439968	66439969	0.422736302972254	0.0739614895152348	0.0451754122261698	0.0841438907607905	0.0174021845112604	0.911349899434564
NC_000010.11	101749568	101749569	0.768227149453934	0.440110342612194	0.852786664181113	0.687603804054296	0.802404309784139	0.952470521646366
NC_000006.12	32940827	32940828	0.285461512130924	0.495202602096049	0.338968443274313	0.253169263648937	0.117880068467535	0.112318966849007
NC_000006.12	32941202	32941203	0.286548218394884	0.536248210343323	0.332713458408171	0.271206037198712	0.183494370747241	0.23523251802124
NC_000005.10	172879108	172879109	0.89316666117493	0.902148347208549	0.879901764296325	0.394093232780948	0.941472228408961	0.94418288227375
NC_000012.12	57736071	57736072	0.0600747444489269	0.193035562252486	0.504112509320025	0.0592137757533423	0.902812029001761	0.0572580459841698
NC_000005.10	163504626	163504627	0.290153684832654	0.0662658742911695	0.0418954559382806	0.0656702205805684	0.0358262197728534	0.893195886452081
NC_000001.11	224510377	224510378	0.855633702612477	0.49722671131483	0.933168554205121	0.945392695649245	0.928735087916526	0.967787730587713
NC_000008.11	141179435	141179436	0.922350195589932	0.490169487411109	0.933170043278868	0.910892455312368	0.72925635737352	0.954618377789415
NC_000011.10	13673099	13673100	0.915674522304201	0.912065895394305	0.196719002793232	0.910508333142603	0.9078360349016	0.922923756920928
NC_000002.12	44932294	44932295	0.670489685517323	0.154208525604882	0.0800027938975469	0.166255077455801	0.0249851920379603	0.671186561831986
NC_000018.10	10589171	10589172	0.543395231550922	0.868063248143174	0.924114630317287	0.8703451625904	0.928010155595328	0.0830807714335202
NC_000016.10	89833785	89833786	0.630189542497305	0.875231940783642	0.929105652289947	0.863788131469091	0.861599208696101	0.0850135864774555
NC_000010.11	48466486	48466487	0.0375639491614597	0.35808205872812	0.764882689547521	0.195121884921095	0.981011335375853	0.0658304708735544
NC_000017.11	81400526	81400527	0.710683675781517	0.158927925027669	0.0977606565307483	0.209459671271359	0.082024358821926	0.746794229369375
NC_000012.12	98593108	98593109	0.211753844898027	0.191625025959382	0.784378268982777	0.394241850443268	0.180183330217233	0.0355289533365021
NC_000002.12	43224702	43224703	0.355684029187682	0.0884214451198175	0.0776410430106714	0.14947188713671	0.031261692763447	0.951187682536577
NC_000011.10	108552396	108552397	0.168344936894169	0.155382963658867	0.791305305668272	0.242693636015161	0.25286353566958	0.200473288051891
NC_000013.11	112929864	112929865	0.185623985193351	0.359080891612712	0.0818755928000826	0.13368713746383	0.0552568867046726	0.178101034477112
NC_000003.12	150761296	150761297	0.128094184716394	0.261495074490445	0.405202469635736	0.65427879623256	0.144827294924014	0.110569012836275
NC_000004.12	185638257	185638258	0.954661955977141	0.687767477749803	0.269215686729023	0.911756052412433	0.0188127643068927	0.960996812060846
NC_000003.12	112767224	112767225	0.878572146533023	0.864937813250455	0.181783398844658	0.888608692465329	0.856803377242998	0.900712688766108
NC_000013.11	75541389	75541390	0.869005099301783	0.813638628154775	0.143724146353397	0.902766710909495	0.678410690329673	0.921258602407548
NC_000008.11	79828377	79828378	0.064561464348379	0.349691819048378	0.126103668822737	0.183252917381573	0.059919225048645	0.120878650508443
NC_000006.12	32584238	32584239	0.0152939054592174	0.0451239103006316	0.247331425439123	0.0179258775139185	0.765449722283191	0.0518260396747936
NC_000019.10	38265741	38265742	0.244243141140692	0.35963892216701	0.0687126504228644	0.761663037146198	0.139053873789654	0.193832700190685
NC_000021.9	33402320	33402321	0.691878870778948	0.721015278276047	0.0841143040339922	0.88279875106267	0.852460813771624	0.681070740924739
NC_000005.10	172769742	172769743	0.571353755144373	0.843864114264475	0.912995463343734	0.302072274492864	0.913760980787297	0.702909811231386
NC_000021.9	44353305	44353306	0.0835795238453716	0.265230337672282	0.0332606073550508	0.586876496663246	0.13954623069088	0.0645366610297877
NC_000010.11	15322093	15322094	0.122513729386511	0.205058054694108	0.812932574707259	0.399944368335694	0.429022437225682	0.196663917950454
NC_000012.12	114697632	114697633	0.701190433522701	0.209962861879951	0.111577561005352	0.326338641871122	0.0474894403484833	0.57302233226954
NC_000001.11	3140114	3140115	0.0904722655011981	0.743443815379677	0.94845089274784	0.65636029750942	0.870619086841219	0.323928679379143
NC_000019.10	3178956	3178957	0.961891427671702	0.731734716068679	0.537700541734963	0.897214083479155	0.0129838406142095	0.949671889700785
NC_000020.11	63687072	63687073	0.140487553054864	0.338043068416021	0.052592048629605	0.0987104019001686	0.0170974829058655	0.0308105962236731
NC_000013.11	30690626	30690627	0.0673183552473207	0.511749304376267	0.154977255762401	0.330331558772984	0.926091454375327	0.0408568668349073
NC_000006.12	163325112	163325113	0.0530400895501012	0.0796525058412358	0.0934782974581064	0.571918011111432	0.0817774459675778	0.0533434746772785
NC_000015.10	66497457	66497458	0.0365220589035761	0.3085369827852	0.0704717993367687	0.159664792842532	0.0315338846414478	0.0571912287205552
NC_000006.12	10391178	10391179	0.433672840605741	0.0725959170916635	0.0550499287669203	0.0797878944245949	0.034311564811797	0.922549228150186
NC_000013.11	99742157	99742158	0.142853741269374	0.816478213121535	0.918488387896846	0.693003536173419	0.910868123248302	0.478620751808535
NC_000014.9	91417210	91417211	0.219102167897969	0.0889949404153142	0.0493003144042454	0.0772633356284678	0.0312028358646796	0.877132001998653
NC_000001.11	101239341	101239342	0.862598468956615	0.749560618896165	0.886563688467821	0.324743270563526	0.779313806428653	0.869694976026958
NC_000005.10	173901842	173901843	0.882514339235789	0.498836082225833	0.8473121653763	0.875506945232994	0.800647307454055	0.876241619928568
NC_000002.12	38604023	38604024	0.858938845200805	0.817586311864852	0.101852514436323	0.620225097132876	0.83360507180308	0.906201320650037
NC_000008.11	141179443	141179444	0.923427748917645	0.452318035274969	0.894057134264251	0.914983102376742	0.670795808749584	0.943882191807105
NC_000003.12	13623507	13623508	0.62503131432371	0.882956115097035	0.962058860398557	0.848185298332966	0.929703583079325	0.110087025260118
NC_000008.11	23566446	23566447	0.109145187714806	0.823366868264295	0.893646359496182	0.736272980322073	0.904979924071458	0.615429642269306
NC_000008.11	64368938	64368939	0.559157683038389	0.0742556823548773	0.0239849176094837	0.173233305953303	0.0252261591278506	0.425710316557294
NC_000015.10	96353921	96353922	0.143023246149912	0.0734149048163583	0.0554476579943694	0.0813131767214083	0.0275298066117881	0.883987352522757
NC_000010.11	69087673	69087674	0.200148173773058	0.618620592646149	0.12901793018008	0.2982973863779	0.0628814327728603	0.0961207405544025
NC_000011.10	47590227	47590228	0.0629706289974363	0.193972491727781	0.532231352349547	0.0486129503380914	0.967694046653884	0.035911181984148
NC_000001.11	202160437	202160438	0.899579855355487	0.796154527865259	0.499993753103022	0.916666561630188	0.103543489169495	0.927945695857285
NC_000021.9	38387216	38387217	0.333599506187587	0.183417288065508	0.0565217313997554	0.636424286092525	0.032333321472261	0.153400280335173
NC_000008.11	140599280	140599281	0.97874200619881	0.61121715566137	0.418321617191193	0.963754341491317	0.018707812911956	0.981164310002617
NC_000001.11	90834829	90834830	0.641357096277082	0.192059734593409	0.103171633580719	0.235625595920111	0.0465503839639375	0.580020448598604
NC_000015.10	96354184	96354185	0.106997875037664	0.0731171021149615	0.130556840958673	0.0704471929777983	0.0649772906727338	0.87609818441056
NC_000008.11	96145224	96145225	0.0600011672661464	0.425418842322226	0.117390149319122	0.166253227038759	0.0141915441018094	0.196057814250627
NC_000020.11	59008335	59008336	0.856366597038389	0.896855441652755	0.151726689040755	0.919325564904318	0.82345154568546	0.921164060932839
NC_000010.11	121596721	121596722	0.684287074668071	0.144649009451162	0.170565240711783	0.262179162162002	0.338162356249235	0.278727867160786
NC_000014.9	20625641	20625642	0.0842125578745707	0.0386244091531608	0.0382933338206641	0.0455524364572962	0.0413668357201589	0.832736236025248
NC_000011.10	1890316	1890317	0.968675607998804	0.884237483545198	0.512309201847813	0.96967097437201	0.0920240266817153	0.971316135263556
NC_000002.12	196268144	196268145	0.234850986128529	0.167441637471713	0.0574297649200103	0.615229934647586	0.0846026502236798	0.269006359298166
NC_000008.11	24293958	24293959	0.357187836424224	0.548163433486943	0.0867855614263522	0.269262569575629	0.157794279754966	0.122644708279386
NC_000006.12	30730999	30731000	0.103667966093181	0.458273123737421	0.176881105818084	0.194386767066486	0.0201042744629985	0.171801488324746
NC_000006.12	26545827	26545828	0.91414524111297	0.891559342910325	0.16130527708933	0.899853204895231	0.840349773777329	0.926358976044079
NC_000004.12	138688997	138688998	0.933214857433247	0.470711719102673	0.889088568975867	0.858723357308426	0.928849163985749	0.922410164283181
NC_000001.11	43348686	43348687	0.0243078022931481	0.215670299656152	0.61137414152532	0.10136655007046	0.956611529456933	0.0294348258968937
NC_000014.9	101005149	101005150	0.161805691674092	0.4065192857279	0.0867076419009997	0.66898929428807	0.10803618152516	0.112770661264027
NC_000010.11	3238881	3238882	0.686199047821289	0.313960598609869	0.766385930824748	0.696133462793213	0.567639742339155	0.77511440148217
NC_000018.10	63476711	63476712	0.609509936297277	0.898019183349697	0.948043736313766	0.894233290691418	0.961884404573318	0.0677966100944353
NC_000011.10	61920463	61920464	0.0852152005027075	0.144390831265112	0.766723018839141	0.531280334062093	0.19937111081786	0.307871860706785
NC_000011.10	118526879	118526880	0.20504811674544	0.864014232397426	0.922566270172402	0.809691775374192	0.907850388447406	0.81101640523646
NC_000002.12	224401545	224401546	0.947590076685399	0.805628053619195	0.568734421266385	0.528687271532495	0.0175888128456878	0.970236884616342
NC_000006.12	133854259	133854260	0.692481948643794	0.321015590304236	0.128139290161442	0.272447253322638	0.0532177018	0.579758728966218
NC_000009.12	273071	273072	0.916200080054662	0.87367080338832	0.39003488101996	0.920333287641914	0.0542303614896849	0.925593598909096
NC_000003.12	48223262	48223263	0.468546392950531	0.37788463932078	0.052460980823947	0.704703238527885	0.0960101277732504	0.278451183208017
NC_000006.12	30731006	30731007	0.17291061999226	0.488828060883321	0.197277814120683	0.259167601376311	0.0447050123699106	0.18898341521709
NC_000017.11	40316866	40316867	0.0167288536255856	0.196069876438365	0.541037420976348	0.0295508368622634	0.880091804775522	0.0215348278662171
NC_000019.10	19664870	19664871	0.651669084220836	0.916650097728618	0.948109777527982	0.915300221129546	0.939285658481258	0.0980637436321394
NC_000010.11	12214343	12214344	0.355670228833867	0.627453755850375	0.799310586344239	0.139563222188757	0.819483529287396	0.864781886364286
NC_000006.12	166488342	166488343	0.680602985142388	0.219882998777227	0.0543203691828089	0.108933073410182	0.0950420672815376	0.452636988126591
NC_000012.12	94616081	94616082	0.332771447620402	0.183489327926965	0.775662761324663	0.253248636792916	0.291022059461418	0.0680571360246235
NC_000015.10	49460570	49460571	0.141921518861194	0.753523673788865	0.887951021772033	0.648982103225377	0.834104492694833	0.699399722884341
NC_000012.12	149188	149189	0.612893978411377	0.940449848631001	0.967271378372828	0.915443827659718	0.964209715579932	0.118152721874222
NC_000002.12	73926085	73926086	0.612663858720971	0.876644982622819	0.939461587234192	0.902875675496481	0.939191361946312	0.11264189264107
NC_000007.14	98682123	98682124	0.0545936101456214	0.304386847612938	0.0565251317012828	0.122442764685106	0.0276482796828122	0.0299451204504426
NC_000011.10	65607191	65607192	0.0400579768796872	0.116263343570366	0.537244366757191	0.0502662780636748	0.903560323532734	0.0512235946434913
NC_000014.9	104769553	104769554	0.0799360650560564	0.713382292463778	0.86179584843538	0.616150197222563	0.893772218134555	0.306778369290855
NC_000006.12	158707303	158707304	0.046401857197316	0.0643449774211272	0.684617576306386	0.0912304884822793	0.156573209355254	0.0557787960839117
NC_000022.11	45212610	45212611	0.14562261025635	0.318575290093405	0.408864848729956	0.152145380820279	0.941573644375892	0.181790042743987
NC_000012.12	121038792	121038793	0.176708093001315	0.414333396641231	0.165596983743864	0.316880372344916	0.0595275798272249	0.111076000612568
NC_000008.11	948406	948407	0.907325974347668	0.764869711761072	0.319710793302128	0.95820301826254	0.0285109518199775	0.886670560815121
NC_000010.11	126910438	126910439	0.550748289352318	0.896083136582721	0.914513874466189	0.877300142314198	0.933141476781321	0.10814648998789
NC_000012.12	123268724	123268725	0.928823273903644	0.893167290277622	0.526935032347507	0.866955055328694	0.0672142194039474	0.972257282456635
NC_000010.11	8047769	8047770	0.257982219516437	0.0491239780321659	0.0423584866899876	0.0521032203178205	0.02847713923547	0.922154195900955
NC_000001.11	42957400	42957401	0.193925833523717	0.419919446739271	0.855913534114626	0.333669887487216	0.494090654587441	0.116173873116108
NC_000011.10	57322269	57322270	0.195402871424399	0.235817559357729	0.788737988480182	0.428136389441652	0.245492551063699	0.106047327956337
NC_000001.11	53957528	53957529	0.0371045550675144	0.143878518069484	0.711299956260336	0.0706492955622707	0.24744624031076	0.0332703542724774
NC_000020.11	63736540	63736541	0.960608305264437	0.891645189248607	0.883730830786602	0.960819038776064	0.197358729952847	0.963045124649689
NC_000013.11	110475723	110475724	0.808140413172917	0.938653356881225	0.899318972197988	0.929381065156961	0.885152997530479	0.154179929078611
NC_000017.11	77100119	77100120	0.936817398641281	0.92144074556874	0.167584169974084	0.942570130861864	0.932506830201301	0.946582210604842
NC_000002.12	239062333	239062334	0.920541252301473	0.725489982513679	0.747442920280384	0.902150978096283	0.0874616548752252	0.975312313831642
NC_000022.11	39456856	39456857	0.0281957885703156	0.134059922859224	0.610055740610689	0.0472038230922375	0.908927101323003	0.0387764651562594
NC_000001.11	231020198	231020199	0.622386259941701	0.79752566993795	0.739489457096706	0.870762625610019	0.948436022693004	0.0381970559209619
NC_000001.11	205285953	205285954	0.259299670077849	0.310310199487177	0.187380405560832	0.698328973659185	0.0613967504905138	0.481586324251607
NC_000020.11	19886491	19886492	0.0295257502378421	0.202425518010183	0.0864359679060068	0.0552091973893494	0.896478041499659	0.468961206347179
NC_000013.11	50128273	50128274	0.655663322543098	0.439778825022402	0.7344748563929	0.733422034775166	0.931380956056501	0.946124603506253
NC_000011.10	72584490	72584491	0.113641739533159	0.136030557487958	0.131317708363393	0.571389076891431	0.0481211566447573	0.144595430982246
NC_000007.14	131606496	131606497	0.227719941507348	0.466984907782849	0.116920156940898	0.683086369216789	0.18850737840896	0.166945470974392
NC_000011.10	44862413	44862414	0.0584685272062893	0.0857903092176991	0.0338322788046813	0.506565540151843	0.0447754705382273	0.194177601778452
NC_000012.12	114697251	114697252	0.828259105471331	0.137481866622035	0.0599762984460432	0.211962471609108	0.0278396878689827	0.870193261584913
NC_000005.10	113203442	113203443	0.75825178286375	0.271688954389657	0.748618661744264	0.645551585179487	0.664146777828531	0.857298063389879
NC_000020.11	63736531	63736532	0.952617795417452	0.813880114352464	0.748512823220926	0.962615118304271	0.142325396473996	0.971854279518581
NC_000015.10	64894106	64894107	0.218429235072019	0.0417860040438662	0.029895625968258	0.0513747504870715	0.0199964536619319	0.857529815629788
NC_000006.12	42710575	42710576	0.669401354111243	0.205321609254039	0.727693140998286	0.645531056321225	0.685463384223151	0.95961568723509
NC_000012.12	114686962	114686963	0.332764216954355	0.0862047991759261	0.0440630760523534	0.0596444109020241	0.029513600169887	0.898383500670734
NC_000017.11	78365084	78365085	0.932608546360108	0.260508096499565	0.115003475470758	0.324858680278874	0.0170512477289677	0.850157406980098
NC_000020.11	32031440	32031441	0.106137851994565	0.183153035505237	0.137126031772037	0.639057589815268	0.14667894592669	0.124164403801299
NC_000017.11	82297580	82297581	0.134746781140959	0.621987364620196	0.097017902322915	0.188315295447855	0.0312636438653907	0.312196166619344
NC_000017.11	82400999	82401000	0.94382108574374	0.709071704343499	0.300556120034239	0.890360923608907	0.0438597309700838	0.944727558839375
NC_000003.12	42809448	42809449	0.560536711496258	0.881071853953685	0.920205662661039	0.880522083521814	0.928613174905557	0.0726734369481517
NC_000006.12	166615591	166615592	0.939400650035513	0.971091053016615	0.98018299787006	0.40913513317749	0.927841005579883	0.942186507820036
NC_000005.10	173885862	173885863	0.719000093140611	0.392282282324627	0.0899481189850143	0.401983979412817	0.0827919170224515	0.343061278906079
NC_000002.12	238421529	238421530	0.0434601942515405	0.0992200790780931	0.637308168095867	0.0637235914243539	0.229665053357715	0.0974648184340895
NC_000002.12	9393476	9393477	0.495732834441126	0.698166803231402	0.961170841917657	0.192058352349882	0.895200929150955	0.957218555384523
NC_000007.14	928856	928857	0.16463604646843	0.507877420159819	0.098236096554184	0.694584107582312	0.1427732971481	0.405719558356197
NC_000019.10	54365120	54365121	0.394966269474837	0.39694422074351	0.0764118974087081	0.796230223863405	0.0545570674739179	0.493646213284662
NC_000007.14	151088994	151088995	0.145961573944075	0.0846066745547181	0.0512304871276179	0.0589003755717726	0.0440422401774083	0.9353937619246
NC_000022.11	45212583	45212584	0.128928634072208	0.265599225632678	0.355408901614425	0.111064085166256	0.903306647478881	0.187793894124319
NC_000011.10	1890280	1890281	0.975052544042066	0.898965439572999	0.612514118034656	0.974743574408426	0.109779629836677	0.982755908013387
NC_000007.14	151088963	151088964	0.336714529724445	0.137117127536721	0.0418232112598111	0.078753711500131	0.0487833033146945	0.951913229288806
NC_000011.10	2301577	2301578	0.862019853593741	0.729687063622239	0.311408152220729	0.932092977415553	0.0173540870662951	0.802495313685708
NC_000001.11	145996789	145996790	0.303239145208692	0.0485860263223709	0.0468699488743953	0.0701256497377375	0.033100426077976	0.892476407468084
NC_000017.11	81398453	81398454	0.913823131180944	0.218112881475142	0.14307479330128	0.364623505388997	0.0796125273256235	0.893304544161154
NC_000003.12	141077261	141077262	0.368952811405441	0.0562481495011981	0.0368979233771716	0.0916494498035756	0.0359565256374479	0.90618030087244
NC_000002.12	145185038	145185039	0.12677688990249	0.799530132256731	0.933455924842619	0.77255926326165	0.841262736491943	0.212767376785345
NC_000013.11	112651586	112651587	0.14853810991798	0.288331257394947	0.765979420893447	0.313643226928532	0.224878745727847	0.265455553536939
NC_000006.12	75207843	75207844	0.673485456715563	0.209614607635866	0.085615145279805	0.313174991810716	0.033984127118182	0.344471678976826
NC_000007.14	28052255	28052256	0.138285837361851	0.772733050554724	0.876085275691367	0.588628523977937	0.911889389282293	0.880862412238086
NC_000021.9	44870005	44870006	0.0481632056649773	0.361973975191336	0.0644387269604414	0.114129377358749	0.92552338704533	0.0389112727282908
NC_000015.10	90098146	90098147	0.0329790642522313	0.0520821922949808	0.076931847616959	0.486878678265849	0.0510695738441773	0.0378184149287307
NC_000012.12	57737984	57737985	0.0363473044868436	0.214276395167448	0.500449186464951	0.0397291751066647	0.881506377877177	0.137264204074212
NC_000005.10	170331050	170331051	0.102029686242177	0.350665944543339	0.0669115792667594	0.174092152134146	0.0330553120570959	0.0640786242861104
NC_000006.12	168413284	168413285	0.126750385965214	0.248698086892329	0.50407108780771	0.219057566228575	0.943238714375443	0.0297302153736242
NC_000008.11	134830055	134830056	0.116860923523511	0.223970610196302	0.754245925505794	0.230175462415836	0.284351076074794	0.134460742307555
NC_000010.11	79454468	79454469	0.0565957886432149	0.0969621208521934	0.311437690766017	0.0645713901702553	0.824098556593492	0.196854629420061
NC_000002.12	233117174	233117175	0.880011949979962	0.829018137692475	0.109176567102445	0.922760494561746	0.746463626348942	0.928701350148529
NC_000017.11	20122748	20122749	0.7256049180419	0.811666832885336	0.132903284208755	0.836045775130579	0.910317001728075	0.777251930917109
NC_000010.11	49298829	49298830	0.0427083994117652	0.220722458594089	0.759956289208354	0.15251028576634	0.956474953815759	0.0455225618889993
NC_000003.12	46494481	46494482	0.169425769915686	0.113852206426864	0.230568708712001	0.12307000321647	0.826624755828375	0.113946073408118
NC_000002.12	64861865	64861866	0.919032812592726	0.855881031053479	0.179557070259015	0.938633488657218	0.737723248764219	0.962051714744885
NC_000013.11	114031872	114031873	0.104920320932776	0.753173408313077	0.953663615197984	0.722779110485587	0.933408425323651	0.127132707763357
NC_000005.10	102876117	102876118	0.432110573996604	0.59188789322831	0.883981689772889	0.20294386394221	0.779044515434949	0.831757245678348
NC_000013.11	106702252	106702253	0.70609816275699	0.628887055610704	0.947710037638548	0.239780800641509	0.718790342864188	0.899972598689596
NC_000008.11	42857168	42857169	0.895591121861262	0.842206027470167	0.128435621322336	0.621010147172681	0.855193801953585	0.914246150072646
NC_000010.11	21502560	21502561	0.770607032590346	0.413906521172536	0.82006379637942	0.804499788533574	0.685878674079302	0.912070705519841
NC_000001.11	91104654	91104655	0.916704753018756	0.467774463032743	0.900730165417559	0.774515008521875	0.755684131699396	0.927925608986522
NC_000012.12	114697562	114697563	0.808602357440076	0.335133606244099	0.215931129945221	0.471383489495613	0.0982825103529476	0.650699057479743
NC_000011.10	1952988	1952989	0.866330008104019	0.495449075770601	0.876638416951706	0.835696307717507	0.939984594235711	0.844665126272782
NC_000005.10	123094780	123094781	0.867813860817119	0.201101765281256	0.113893741619056	0.383117151273025	0.12155593596119	0.647229967345098
NC_000008.11	79818908	79818909	0.198008654559553	0.0599565531514417	0.0732072309521088	0.0957825107672325	0.0650207522448603	0.880782184250788
NC_000014.9	105197140	105197141	0.187451100619089	0.500877387621344	0.304758546430939	0.215348584485276	0.167597995606379	0.209629227013338
NC_000003.12	127218552	127218553	0.237373276606998	0.508399019713488	0.284720555564009	0.282010604011044	0.286076886589251	0.157822273385062
NC_000018.10	58258875	58258876	0.909531360737909	0.456882059131792	0.899844235967299	0.908785928639179	0.691192718299777	0.91724058997737
NC_000006.12	31662131	31662132	0.91343762113684	0.905550457344431	0.182570273727131	0.923738636541135	0.7096193791342	0.929653834596294
NC_000001.11	10672232	10672233	0.353933278599904	0.783927592765018	0.923429089974418	0.150443560845705	0.873253068481463	0.935500265660166
NC_000008.11	122969694	122969695	0.113153121782403	0.207501521418273	0.838245549468882	0.0744458167692845	0.310472941106471	0.496335534874032
NC_000008.11	30442706	30442707	0.940189432541487	0.812992207781514	0.771954336973156	0.347305105664006	0.956768087747401	0.944869756235791
NC_000006.12	105981783	105981784	0.706232855048329	0.171667985223642	0.125646732772229	0.261939833838274	0.0484078713925334	0.698511709437644
NC_000018.10	31688773	31688774	0.214155275281836	0.387186446636604	0.333426749489572	0.696635273273662	0.0765158636895552	0.147110482372107
NC_000017.11	82858825	82858826	0.556552271938046	0.905288612942906	0.949832941401363	0.897305134736032	0.921164419183037	0.0933949525531892
NC_000010.11	60942912	60942913	0.148614275181518	0.0482287370622327	0.0343222516477085	0.0748958016831567	0.0424310460790527	0.909632671346641
NC_000020.11	32018112	32018113	0.0221106655637946	0.0457628873803502	0.0682649223440535	0.524205750735138	0.0185835802431344	0.0387923552495402
NC_000001.11	24931733	24931734	0.0398970154142523	0.216056359702609	0.439551233774487	0.0679682254200659	0.876885875109084	0.0501932075043713
NC_000005.10	180555650	180555651	0.0600224767480975	0.260159609505284	0.83047059563654	0.213341138698725	0.437670719940846	0.0455939468694325
NC_000006.12	28738694	28738695	0.0834628869270315	0.0442763451232398	0.0336321134983859	0.0435856260643035	0.0312863676346116	0.887302440516699
NC_000010.11	6178979	6178980	0.184113340230402	0.175232966511268	0.804814896535051	0.568472130748845	0.315546613465581	0.0800406230549734
NC_000011.10	65641024	65641025	0.985004536578317	0.880406016668536	0.345033262104165	0.822036112962894	0.0257855113164827	0.980232598481249
NC_000008.11	10734716	10734717	0.10682421986479	0.0872353338698332	0.0999225503527595	0.568417292137149	0.0648896118192646	0.129787582361881
NC_000006.12	10390685	10390686	0.449016537332461	0.0886717793887742	0.0582069878285606	0.0944147185088969	0.0352586134737861	0.923750803674619
NC_000011.10	114083089	114083090	0.472840261822587	0.234313472287743	0.0494439718400396	0.732483204422525	0.0254246722898785	0.0622839367997932
NC_000011.10	57180540	57180541	0.0728427742294672	0.0982776423384683	0.0809906679347105	0.555484609251817	0.0537798353556635	0.114765205181218
NC_000021.9	32741452	32741453	0.525278340899023	0.882891623884968	0.9199021544744	0.871305961440598	0.901051403516012	0.0942339266327448
NC_000004.12	1301207	1301208	0.633117673115754	0.605479311393056	0.0608374138795298	0.794795649814597	0.85140595010361	0.894614697774691
NC_000012.12	51243136	51243137	0.855654708128002	0.867664888488673	0.138882179264816	0.879723641506245	0.678305745629421	0.912595685067145
NC_000019.10	13100446	13100447	0.882976408996755	0.792739473119537	0.557500716649335	0.897254540251133	0.0849558517744709	0.896648652686973
NC_000001.11	1049047	1049048	0.505453141619496	0.860793368026043	0.924362432453801	0.837963186969537	0.960265488222669	0.0923626182474131
NC_000001.11	6034932	6034933	0.0863312724142495	0.712188717970083	0.92686807842666	0.652629374537611	0.850464870623257	0.214933826412538
NC_000018.10	59897664	59897665	0.828710154872743	0.414739095817264	0.664525763161869	0.777345522859154	0.756370873732324	0.873378093613554
NC_000017.11	76498203	76498204	0.0125764941403381	0.230016921901262	0.427791293871496	0.0315664033151812	0.84310603952962	0.0290418768387274
NC_000017.11	78804982	78804983	0.671655268317591	0.834572670263336	0.91288063040734	0.338000636168992	0.915373020274527	0.888829302537021
NC_000019.10	17264635	17264636	0.476843401965297	0.651086716773612	0.758642252387498	0.125390605907521	0.930422086890184	0.723973613063375
NC_000010.11	113151892	113151893	0.953663933086455	0.942546692744362	0.149768350287316	0.94162768075841	0.849096355377488	0.9535989300167
NC_000001.11	9690154	9690155	0.0559544003829377	0.183433606756773	0.762450300672292	0.067359672882081	0.535492466685417	0.0716660901340969
NC_000019.10	47729730	47729731	0.0605660670489335	0.368068781625995	0.112959756259924	0.125219900487442	0.0409454290447209	0.0499862930135403
NC_000011.10	129372634	129372635	0.177655088775187	0.0919223463654474	0.0534918203585221	0.0812820867939719	0.0376622012285679	0.934089723908438
NC_000003.12	128575925	128575926	0.973813822798571	0.957565788285691	0.958074368733875	0.472514834842938	0.97270071037725	0.971484516005183
NC_000004.12	168646408	168646409	0.811944964916642	0.433588864297166	0.815085460354093	0.852956809352529	0.736423294873579	0.92125700221808
NC_000010.11	48466414	48466415	0.0286981747121778	0.243264360699334	0.598428422299473	0.0591933810724883	0.975749263523861	0.0344891381569522
NC_000011.10	64877014	64877015	0.0264728839911735	0.161650058096747	0.66011077517104	0.0367503832134842	0.905777339079327	0.0268020347198699
NC_000012.12	80708969	80708970	0.819824873256827	0.273104744285516	0.139895230869153	0.418137256041211	0.0405926583270922	0.71395924004917
NC_000011.10	1060658	1060659	0.525784529781257	0.850968405395283	0.953683427998779	0.871593235898539	0.936074731655076	0.089647687927402
NC_000010.11	22476910	22476911	0.628996225381914	0.259006242200939	0.0683046919868895	0.32159633244348	0.036528973176987	0.328064449660163
NC_000007.14	4715783	4715784	0.936456408847911	0.908571521449685	0.172769824330199	0.93086889323061	0.81582146949956	0.921808036603497
NC_000006.12	119079936	119079937	0.560641515451512	0.760650870289813	0.858318638207911	0.231013703006966	0.826545406129857	0.731620518398986
NC_000017.11	58491757	58491758	0.807118007745189	0.936949815597075	0.951975318412906	0.934156109859829	0.959210322297542	0.173453288380951
NC_000011.10	30560464	30560465	0.360897299930782	0.251662982128212	0.0756993911254598	0.688131414992606	0.122561992900405	0.145846910252359
NC_000015.10	65415129	65415130	0.810275870830062	0.423784646268055	0.841507623152384	0.742652901675934	0.789684996543303	0.88072939862131
NC_000011.10	70365424	70365425	0.974950066924127	0.768993965727438	0.467179601513398	0.970252118008783	0.0252236389427842	0.975223435757726
NC_000022.11	30267004	30267005	0.944895721469727	0.847128446573864	0.23959881011942	0.941005899760475	0.0180368940850685	0.956334605255987
NC_000006.12	27545126	27545127	0.129763103321002	0.0801592695591599	0.114499848334191	0.0837052279350684	0.0973205122427448	0.887218439061573
NC_000007.14	96998321	96998322	0.186196309512551	0.163262044316501	0.0754922285145797	0.179605365896978	0.0258143005890514	0.913438530027062
NC_000017.11	3888779	3888780	0.12992667546084	0.76116216220874	0.919748313360862	0.434167505768412	0.959080242926479	0.966612782020844
NC_000004.12	143345087	143345088	0.387759276711475	0.168045312408995	0.830432519857938	0.323966928765294	0.271362073602622	0.0727891063413041
NC_000002.12	176159031	176159032	0.822935004663506	0.158956678629535	0.0584517989730713	0.361135496669938	0.0324811373251283	0.709402256878012
NC_000007.14	100707045	100707046	0.0209953113299501	0.186529443274501	0.585200914299917	0.0479973150464576	0.870125444317676	0.0702877578317021
NC_000012.12	102478824	102478825	0.0798789813477547	0.397331848790846	0.122610053845496	0.161740329111923	0.0796402024329634	0.111097052455645
NC_000008.11	6627165	6627166	0.753970477092944	0.317764090238828	0.85241205105932	0.837611553267339	0.546548991360351	0.857616574963378
NC_000002.12	46386404	46386405	0.479890763157932	0.535945036323929	0.269513817922106	0.841425538408362	0.270500903951739	0.0746695091450367
NC_000010.11	86868586	86868587	0.488755313447138	0.491886181548772	0.888822826392096	0.170284436220217	0.804904767259546	0.913995977136754
NC_000010.11	88538511	88538512	0.0815742273811111	0.626890235929731	0.904188019889523	0.576912057068679	0.839618875656444	0.455611553513382
NC_000006.12	36054844	36054845	0.166546144545353	0.821951580242582	0.888995677141015	0.769196863447612	0.929710599592136	0.651415542677125
NC_000006.12	151806685	151806686	0.0965907996422903	0.782681424967067	0.920963806530451	0.742665566028975	0.791086616654979	0.153413607799746
NC_000006.12	1606158	1606159	0.301516619634469	0.0492768620283856	0.0364349561339364	0.212946503570737	0.0315412660346799	0.934453057371109
NC_000006.12	27139938	27139939	0.128957420162123	0.0418813788317205	0.0277572021801415	0.050952495149234	0.0560668164318322	0.844774419652982
NC_000005.10	142295084	142295085	0.91877237688992	0.773823469259479	0.799184266696627	0.293601538549304	0.875208560154054	0.9057060386972
NC_000007.14	2734177	2734178	0.894925208658954	0.883135488216996	0.453971809240344	0.945864650320643	0.0868524836215818	0.949275545050614
NC_000011.10	120124013	120124014	0.527340319548793	0.870819059645441	0.95539613586127	0.879163357425227	0.908667656860714	0.0923722893736064
NC_000001.11	24931654	24931655	0.0409179504773589	0.244125958392649	0.441817713838362	0.0703978425793385	0.953923198173223	0.0195386773052434
NC_000017.11	73028309	73028310	0.954533372537912	0.592147677765906	0.935961468701608	0.939356161701982	0.979196753529913	0.957479670894108
NC_000007.14	44113806	44113807	0.543690674046778	0.893057468014486	0.948372935468384	0.892446001815535	0.982430578380183	0.113848962614013
NC_000012.12	114697363	114697364	0.855773515908695	0.179975338916637	0.0710748964185711	0.259717347984241	0.0345318324795463	0.869504966855133
NC_000011.10	95108219	95108220	0.782747594072211	0.327812958867214	0.0666847482929148	0.232311359793887	0.0558675055841958	0.574111632939127
NC_000004.12	55947693	55947694	0.276180369236858	0.652542303109725	0.160010902651168	0.290409450528375	0.0927405659252752	0.199634509397041
NC_000012.12	89355364	89355365	0.725761798447047	0.324303492271484	0.738354973672031	0.679991758717372	0.724836237449219	0.866606403315965
NC_000008.11	139933565	139933566	0.907105563478556	0.793917066503205	0.517298901910286	0.939667418646113	0.0674951766651463	0.961624537374177
NC_000016.10	29663650	29663651	0.945354403949913	0.620480354868984	0.316855399442695	0.933595977877486	0.0296250719909997	0.965728712108701
NC_000002.12	241888009	241888010	0.76495828966278	0.919437202252419	0.947601989401671	0.884274104820381	0.936803276211726	0.139828252148561
NC_000019.10	932758	932759	0.0702758498401702	0.35267094315511	0.0663952043652602	0.267464703604482	0.0248397393273475	0.0433989228763317
NC_000010.11	86535452	86535453	0.0650737130602059	0.269287089101473	0.720518456560256	0.148271384174956	0.331283271282611	0.0561852247940793
NC_000018.10	8800249	8800250	0.832174948923715	0.469481439328304	0.848070488958959	0.844727908091441	0.817525249596616	0.780825657612965
NC_000014.9	75283288	75283289	0.268578572031551	0.446687364738225	0.0819037997256751	0.708557637470756	0.146489998432978	0.187431651881882
NC_000016.10	85575327	85575328	0.543829124184513	0.574918990306931	0.907442952417446	0.234080704420032	0.872629984689245	0.901596106585487
NC_000006.12	168370958	168370959	0.557357328555559	0.894714574219889	0.945571273577087	0.885321346520413	0.95329660344499	0.0706485119948209
NC_000019.10	1082612	1082613	0.0811418950923976	0.140225563624046	0.779134718570511	0.0998910266042274	0.520582510748273	0.0528696005091723
NC_000012.12	114697144	114697145	0.768056708628538	0.110531407455135	0.0497641262565955	0.165700513399976	0.0254295782079509	0.78806180741038
NC_000019.10	3179829	3179830	0.782467271562355	0.790176998518392	0.570847517972794	0.877469327670421	0.0351584378706262	0.88084617779728
NC_000014.9	103705357	103705358	0.306946600013223	0.697952353969743	0.279383209412393	0.212736309338339	0.44117910641405	0.13404069497624
NC_000007.14	2714190	2714191	0.958875050709475	0.87815802747124	0.944286677561585	0.33940599929562	0.926109645222987	0.955690958208141
NC_000010.11	69087642	69087643	0.149205052592188	0.39126057831824	0.0635494164240011	0.196889688356055	0.0242562348460256	0.0414719020844994
NC_000001.11	175189189	175189190	0.625787737596559	0.243704665956708	0.0596136910023969	0.36586057289268	0.0321646767403231	0.228389136214228
NC_000011.10	60971532	60971533	0.920644795483207	0.750918535775555	0.509216497121068	0.947530927573944	0.0593134774445753	0.957929403447496
NC_000014.9	74501505	74501506	0.0972325778169945	0.596585665361434	0.856787312082468	0.542293945761438	0.973819681671519	0.816741870164125
NC_000021.9	44369294	44369295	0.0758215252919085	0.474850141240863	0.84569431479163	0.371643548477221	0.329232329222813	0.0696811443520312
NC_000003.12	69250203	69250204	0.776458220935663	0.272775604303047	0.699841961131683	0.551771786471384	0.639469263802056	0.8807238923717
NC_000003.12	39347267	39347268	0.0942257624750925	0.19122168021336	0.784367672488973	0.205779639273074	0.26940464287629	0.290238770243559
NC_000001.11	217138639	217138640	0.789345893049271	0.23702591859922	0.0712322273125044	0.274110497226079	0.0397276211381248	0.745912509154516
NC_000008.11	102864240	102864241	0.730770467930633	0.732731922830102	0.732996425597973	0.722614520433323	0.0356114450944102	0.718599769634647
NC_000001.11	46167023	46167024	0.381496402974646	0.0661712657328192	0.050280542459249	0.0770248929235273	0.0206273277871442	0.931517970476452
