hit_id	priority	rsid	chrom	pos	genome_build	pos_hg19_legacy	effect_allele	other_allele	effect_metric	effect_value	effect_ci	p_value	p_note	maf_or_raf	phenotype	ancestry	n_case	n_ctrl	nearest_gene	study_short	pmid	doi	citation	notes
LAISK2020_SM_FGF9	P1	rs146350366	13	22779354	GRCh38	23353493	A	G	OR	1.4	1.2-1.6	3.2e-08	EUR meta Pmeta	0.012	sporadic_miscarriage	European	49996	174109	FGF9	Laisk2020	33239672	10.1038/s41467-020-19742-5	Laisk T et al. Nat Commun. 2020;11:5980. PMID:33239672	EUR sporadic miscarriage GWS; risk OR for minor A; coords from dbSNP GRCh38 | Primary coords GRCh38 (dbSNP chrpos); pos_hg19_legacy retained for audit.
LAISK2020_MCM_TLE1	P1	rs7859844	9	81063077	GRCh38	83677992	A	G	OR	1.7	1.4-2.0	1.3e-08	EUR meta Pmeta; Firth 2.0e-9	0.064	multiple_consecutive_miscarriage_ge3	European	750	150215	TLE1	Laisk2020	33239672	10.1038/s41467-020-19742-5	Laisk T et al. Nat Commun. 2020;11:5980. PMID:33239672	MCM GWS after Firth; near TLE1 | Primary coords GRCh38 (dbSNP chrpos); pos_hg19_legacy retained for audit.
LAISK2020_MCM_NAV2	P1	rs143445068	11	19610850	GRCh38	19632396	C	G	OR	3.4	2.4-5.0	5.2e-09	EUR meta Pmeta; Firth 1.8e-10	0.008	multiple_consecutive_miscarriage_ge3	European	750	150215	NAV2	Laisk2020	33239672	10.1038/s41467-020-19742-5	Laisk T et al. Nat Commun. 2020;11:5980. PMID:33239672	MCM GWS after Firth; NAV2 intron | Primary coords GRCh38 (dbSNP chrpos); pos_hg19_legacy retained for audit.
LAISK2020_MCM_SIK1	P1	rs183453668	21	43412110	GRCh38	44831990	A	G	OR	3.8	2.4-5.9	2.8e-08	EUR meta Pmeta; Firth 2.5e-9	0.005	multiple_consecutive_miscarriage_ge3	European	750	150215	SIK1	Laisk2020	33239672	10.1038/s41467-020-19742-5	Laisk T et al. Nat Commun. 2020;11:5980. PMID:33239672	MCM GWS after Firth; near SIK1 | Primary coords GRCh38 (dbSNP chrpos); pos_hg19_legacy retained for audit.
LAISK2020_MCM_NBAS_FIRTHNS	P2	rs138993181	2	15017885	GRCh38	15158009	A	C	OR	3.6	2.2-5.8	1.7e-07	Firth NOT GWS after correction	0.006	multiple_consecutive_miscarriage_ge3	European	750	150215	NBAS	Laisk2020	33239672	10.1038/s41467-020-19742-5	Laisk T et al. Nat Commun. 2020;11:5980. PMID:33239672 (Firth-failed; listed for completeness)	Pmeta GWS but Firth P=1.7e-7 (NOT retained as primary in paper) | Primary coords GRCh38 (dbSNP chrpos); pos_hg19_legacy retained for audit.
SONEHARA2024_URPL_MHC	P0	rs9263738	6	31141990	GRCh38	31109767	T	C	OR	1.51	1.33-1.72	1.4e-10	Japanese uRPL SAIGE	0.871	unexplained_RPL	Japanese_EAS	1728	24315	CCHCR1_MHC	Sonehara2024	39019884	10.1038/s41467-024-49993-5	Sonehara K et al. Nat Commun. 2024;15:5744. PMID:39019884	Lead SNP; risk allele T (RAF 0.871); protective HLA-C*12:02-B*52:01-DRB1*15:02 haplotype OR=0.65 | Primary coords GRCh38 (dbSNP chrpos); pos_hg19_legacy retained for audit.
FAN2018_RSA_CTLA4_49	P2	rs231775	2	203867991	GRCh38	204732715	G	A	OR_allele	0.66	0.59-0.75	1.91e-09	allele G vs A protective	NA	recurrent_spontaneous_abortion	Chinese_Han	1284	1046	CTLA4	Fan2018	29476189	10.1038/s10038-018-0414-2	Fan Q et al. J Hum Genet. 2018;63:579-587. PMID:29476189	Candidate-gene case-control (not GWAS); G allele protective | Primary coords GRCh38 (dbSNP chrpos); pos_hg19_legacy retained for audit.
FAN2018_RSA_CTLA4_60	P2	rs3087243	2	203874196	GRCh38	204738919	A	G	OR_allele	1.94	1.71-2.20	1.06e-23	allele A vs G risk	NA	recurrent_spontaneous_abortion	Chinese_Han	1284	1046	CTLA4	Fan2018	29476189	10.1038/s10038-018-0414-2	Fan Q et al. J Hum Genet. 2018;63:579-587. PMID:29476189	Candidate-gene; A allele risk | Primary coords GRCh38 (dbSNP chrpos); pos_hg19_legacy retained for audit.
FAN2018_RSA_FOXP3_2365	P2	rs2232365	X	49259429	GRCh38	49115886	G	A	OR_allele	1.15	1.02-1.29	0.02	allele G vs A	NA	recurrent_spontaneous_abortion	Chinese_Han	1284	1046	FOXP3	Fan2018	29476189	10.1038/s10038-018-0414-2	Fan Q et al. J Hum Genet. 2018;63:579-587. PMID:29476189	Candidate-gene; modest effect | Primary coords GRCh38 (dbSNP chrpos); pos_hg19_legacy retained for audit.
FAN2018_RSA_FOXP3_2368	P2	rs2232368	X	49255822	GRCh38	49112283	A	G	OR_geno	1.52	1.15-2.01	0.00283	AA vs GA+GG	NA	recurrent_spontaneous_abortion	Chinese_Han	1284	1046	FOXP3	Fan2018	29476189	10.1038/s10038-018-0414-2	Fan Q et al. J Hum Genet. 2018;63:579-587. PMID:29476189	Candidate-gene; AA genotype risk vs GA+GG | Primary coords GRCh38 (dbSNP chrpos); pos_hg19_legacy retained for audit.
LIU2024_RPL_IL17A	P2	rs2275913	6	52186235	GRCh38	52051033	A	G	OR_geno	2.06	AA_vs_GG	NA	paper reports P<.05 AA/A	NA	RPL	Chinese	120	210	IL17A	Liu2024	38847697	10.1097/MD.0000000000038333	Liu et al. Medicine (Baltimore). 2024;103(23):e38333. PMID:38847697	Small candidate-gene; AA genotype OR vs GG; priority P2 only | Primary coords GRCh38 (dbSNP chrpos); pos_hg19_legacy retained for audit.
LIU2024_RPL_IL17F	P2	rs763780	6	52236941	GRCh38	52104639	C	T	OR_geno	1.84	CC_vs_TT	NA	paper reports P<.05 CC/C	NA	RPL	Chinese	120	210	IL17F	Liu2024	38847697	10.1097/MD.0000000000038333	Liu et al. Medicine (Baltimore). 2024;103(23):e38333. PMID:38847697	Small candidate-gene; CC genotype OR vs TT; priority P2 only | Primary coords GRCh38 (dbSNP chrpos); pos_hg19_legacy retained for audit.
