hit_id	priority	snp_id	cpg_id	snp_chr	snp_pos	cpg_chr	cpg_start	cpg_stop	cpg_pos_mid	genome_build	snp_pos_hg19_legacy	cpg_start_hg19_legacy	cpg_stop_hg19_legacy	cpg_distance	beta	p_nominal	fdr	maf	gene_name	gwas_window_rsid	window_pad_bp	tissue	ancestry	n_samples	cis_window	study_short	pmid	doi	citation	source_table	notes
DELAHAYE2018_1	P0	rs9510793	cg22950904	13	23638981	13	23637786	23637837	23637811	GRCh38	24213120	24211925	24211976	-1195	-0.0693928	1.28e-28	1.09e-21	0.2327	TNFRSF19	rs146350366	1000000	placenta_fetal_side_NICHD	multi_ancestry_US_cohort	303	150kb_around_CpG	Delahaye2018	30452450	10.1371/journal.pgen.1007785	Delahaye F et al. PLoS Genet. 2018;14(11):e1007785. PMID:30452450	S6 Table (stringent permutation-passing mQTLs; n=4342)	Primary coords GRCh38 via UCSC liftOver (hg19ToHg38.over.chain.gz). Legacy hg19 columns retained for audit.
DELAHAYE2018_2	P1	rs10766635	cg06409538	11	20215518	11	20208549	20208599	20208574	GRCh38	20237064	20230095	20230145	-6969	0.0961274	3.05e-27	3.87e-21	0.4026	DBX1	rs143445068	1000000	placenta_fetal_side_NICHD	multi_ancestry_US_cohort	303	150kb_around_CpG	Delahaye2018	30452450	10.1371/journal.pgen.1007785	Delahaye F et al. PLoS Genet. 2018;14(11):e1007785. PMID:30452450	S6 Table (stringent permutation-passing mQTLs; n=4342)	Primary coords GRCh38 via UCSC liftOver (hg19ToHg38.over.chain.gz). Legacy hg19 columns retained for audit.
DELAHAYE2018_3	P1	rs4757695	cg09887367	11	18668672	11	18668638	18668688	18668663	GRCh38	18690219	18690185	18690235	-34	0.100944	1.74e-95	2.22e-84	0.4059	TMEM86A	rs143445068	1000000	placenta_fetal_side_NICHD	multi_ancestry_US_cohort	303	150kb_around_CpG	Delahaye2018	30452450	10.1371/journal.pgen.1007785	Delahaye F et al. PLoS Genet. 2018;14(11):e1007785. PMID:30452450	S6 Table (stringent permutation-passing mQTLs; n=4342)	Primary coords GRCh38 via UCSC liftOver (hg19ToHg38.over.chain.gz). Legacy hg19 columns retained for audit.
DELAHAYE2018_4	P1	kgp2282717	cg13066461	11	19055111	11	19056455	19056505	19056480	GRCh38	19076658	19078002	19078052	1344	-0.232386	5.69e-98	1.71e-80	0.3102	MRGPRX2	rs143445068	1000000	placenta_fetal_side_NICHD	multi_ancestry_US_cohort	303	150kb_around_CpG	Delahaye2018	30452450	10.1371/journal.pgen.1007785	Delahaye F et al. PLoS Genet. 2018;14(11):e1007785. PMID:30452450	S6 Table (stringent permutation-passing mQTLs; n=4342)	Primary coords GRCh38 via UCSC liftOver (hg19ToHg38.over.chain.gz). Legacy hg19 columns retained for audit.
DELAHAYE2018_5	P1	kgp13184675	cg00288945	21	42505051	21	42572496	42572546	42572521	GRCh38	43925161	43992606	43992656	67445	-0.239874	6.77e-56	5.08e-35	0.05594	SLC37A1	rs183453668	1000000	placenta_fetal_side_NICHD	multi_ancestry_US_cohort	303	150kb_around_CpG	Delahaye2018	30452450	10.1371/journal.pgen.1007785	Delahaye F et al. PLoS Genet. 2018;14(11):e1007785. PMID:30452450	S6 Table (stringent permutation-passing mQTLs; n=4342)	Primary coords GRCh38 via UCSC liftOver (hg19ToHg38.over.chain.gz). Legacy hg19 columns retained for audit.
DELAHAYE2018_6	P1	rs375886	cg03885509	21	42618138	21	42617222	42617273	42617247	GRCh38	44038248	44037332	44037383	-916	0.0517836	1.47e-37	1.44e-29	0.467	SLC37A1	rs183453668	1000000	placenta_fetal_side_NICHD	multi_ancestry_US_cohort	303	150kb_around_CpG	Delahaye2018	30452450	10.1371/journal.pgen.1007785	Delahaye F et al. PLoS Genet. 2018;14(11):e1007785. PMID:30452450	S6 Table (stringent permutation-passing mQTLs; n=4342)	Primary coords GRCh38 via UCSC liftOver (hg19ToHg38.over.chain.gz). Legacy hg19 columns retained for audit.
DELAHAYE2018_7	P1	kgp6462815	cg06546183	21	42854735	21	42836962	42837012	42836987	GRCh38	44274845	44257072	44257122	-17773	0.0556406	2.79e-35	1.5e-27	0.3911	WDR4	rs183453668	1000000	placenta_fetal_side_NICHD	multi_ancestry_US_cohort	303	150kb_around_CpG	Delahaye2018	30452450	10.1371/journal.pgen.1007785	Delahaye F et al. PLoS Genet. 2018;14(11):e1007785. PMID:30452450	S6 Table (stringent permutation-passing mQTLs; n=4342)	Primary coords GRCh38 via UCSC liftOver (hg19ToHg38.over.chain.gz). Legacy hg19 columns retained for audit.
DELAHAYE2018_8	P1	rs2839536	cg07034561	21	42485777	21	42495999	42496049	42496024	GRCh38	43905887	43916109	43916159	10222	0.0788138	1.26e-126	4.72e-115	0.3267	RSPH1	rs183453668	1000000	placenta_fetal_side_NICHD	multi_ancestry_US_cohort	303	150kb_around_CpG	Delahaye2018	30452450	10.1371/journal.pgen.1007785	Delahaye F et al. PLoS Genet. 2018;14(11):e1007785. PMID:30452450	S6 Table (stringent permutation-passing mQTLs; n=4342)	Primary coords GRCh38 via UCSC liftOver (hg19ToHg38.over.chain.gz). Legacy hg19 columns retained for audit.
DELAHAYE2018_9	P1	rs2839557	cg08407901	21	42570688	21	42569789	42569839	42569814	GRCh38	43990798	43989899	43989949	-899	0.387444	1.76e-173	1.71e-140	0.3548	SLC37A1	rs183453668	1000000	placenta_fetal_side_NICHD	multi_ancestry_US_cohort	303	150kb_around_CpG	Delahaye2018	30452450	10.1371/journal.pgen.1007785	Delahaye F et al. PLoS Genet. 2018;14(11):e1007785. PMID:30452450	S6 Table (stringent permutation-passing mQTLs; n=4342)	Primary coords GRCh38 via UCSC liftOver (hg19ToHg38.over.chain.gz). Legacy hg19 columns retained for audit.
DELAHAYE2018_10	P1	rs2839616	cg15157241	21	43005289	21	42976093	42976144	42976118	GRCh38	44425399	44396203	44396254	-29196	-0.0788321	1.76e-36	3.04e-28	0.3564	PKNOX1	rs183453668	1000000	placenta_fetal_side_NICHD	multi_ancestry_US_cohort	303	150kb_around_CpG	Delahaye2018	30452450	10.1371/journal.pgen.1007785	Delahaye F et al. PLoS Genet. 2018;14(11):e1007785. PMID:30452450	S6 Table (stringent permutation-passing mQTLs; n=4342)	Primary coords GRCh38 via UCSC liftOver (hg19ToHg38.over.chain.gz). Legacy hg19 columns retained for audit.
DELAHAYE2018_11	P1	rs375886	cg16544704	21	42618138	21	42617166	42617217	42617191	GRCh38	44038248	44037276	44037327	-972	0.0615531	1.77e-33	1.07e-24	0.467	SLC37A1	rs183453668	1000000	placenta_fetal_side_NICHD	multi_ancestry_US_cohort	303	150kb_around_CpG	Delahaye2018	30452450	10.1371/journal.pgen.1007785	Delahaye F et al. PLoS Genet. 2018;14(11):e1007785. PMID:30452450	S6 Table (stringent permutation-passing mQTLs; n=4342)	Primary coords GRCh38 via UCSC liftOver (hg19ToHg38.over.chain.gz). Legacy hg19 columns retained for audit.
DELAHAYE2018_12	P1	kgp2777936	cg24928023	21	43973042	21	43975893	43975944	43975918	GRCh38	45392923	45395774	45395825	2851	0.0811268	1.67e-35	2.03e-27	0.2376	AGPAT3	rs183453668	1000000	placenta_fetal_side_NICHD	multi_ancestry_US_cohort	303	150kb_around_CpG	Delahaye2018	30452450	10.1371/journal.pgen.1007785	Delahaye F et al. PLoS Genet. 2018;14(11):e1007785. PMID:30452450	S6 Table (stringent permutation-passing mQTLs; n=4342)	Primary coords GRCh38 via UCSC liftOver (hg19ToHg38.over.chain.gz). Legacy hg19 columns retained for audit.
DELAHAYE2018_13	P0	rs6924282	cg00076543	6	30318106	6	30259368	30259418	30259393	GRCh38	30285883	30227145	30227195	-58738	0.0602241	2.23e-19	5.52e-13	0.4076	HLA-L	rs9263738	1000000	placenta_fetal_side_NICHD	multi_ancestry_US_cohort	303	150kb_around_CpG	Delahaye2018	30452450	10.1371/journal.pgen.1007785	Delahaye F et al. PLoS Genet. 2018;14(11):e1007785. PMID:30452450	S6 Table (stringent permutation-passing mQTLs; n=4342)	Primary coords GRCh38 via UCSC liftOver (hg19ToHg38.over.chain.gz). Legacy hg19 columns retained for audit.
DELAHAYE2018_14	P0	rs6931464	cg01203766	6	31127230	6	31127973	31128023	31127998	GRCh38	31095007	31095750	31095800	743	-0.136589	2e-79	3.39e-63	0.2855	PSORS1C1	rs9263738	1000000	placenta_fetal_side_NICHD	multi_ancestry_US_cohort	303	150kb_around_CpG	Delahaye2018	30452450	10.1371/journal.pgen.1007785	Delahaye F et al. PLoS Genet. 2018;14(11):e1007785. PMID:30452450	S6 Table (stringent permutation-passing mQTLs; n=4342)	Primary coords GRCh38 via UCSC liftOver (hg19ToHg38.over.chain.gz). Legacy hg19 columns retained for audit.
DELAHAYE2018_15	P0	rs805271	cg02389040	6	31675474	6	31682959	31683009	31682984	GRCh38	31643251	31650736	31650786	7485	-0.0585739	6.97e-33	3.72e-24	0.4356	LY6G5C	rs9263738	1000000	placenta_fetal_side_NICHD	multi_ancestry_US_cohort	303	150kb_around_CpG	Delahaye2018	30452450	10.1371/journal.pgen.1007785	Delahaye F et al. PLoS Genet. 2018;14(11):e1007785. PMID:30452450	S6 Table (stringent permutation-passing mQTLs; n=4342)	Primary coords GRCh38 via UCSC liftOver (hg19ToHg38.over.chain.gz). Legacy hg19 columns retained for audit.
DELAHAYE2018_16	P0	rs3093983	cg02481669	6	31529148	6	31528956	31529006	31528981	GRCh38	31496925	31496733	31496783	-192	0.0800347	6.5e-31	3.42e-23	0.1171	MCCD1	rs9263738	1000000	placenta_fetal_side_NICHD	multi_ancestry_US_cohort	303	150kb_around_CpG	Delahaye2018	30452450	10.1371/journal.pgen.1007785	Delahaye F et al. PLoS Genet. 2018;14(11):e1007785. PMID:30452450	S6 Table (stringent permutation-passing mQTLs; n=4342)	Primary coords GRCh38 via UCSC liftOver (hg19ToHg38.over.chain.gz). Legacy hg19 columns retained for audit.
DELAHAYE2018_17	P0	rs17481190	cg03813377	6	30775237	6	30769628	30769678	30769653	GRCh38	30743014	30737405	30737455	-5609	0.0824161	7.19e-58	7.26e-46	0.2327	IER3	rs9263738	1000000	placenta_fetal_side_NICHD	multi_ancestry_US_cohort	303	150kb_around_CpG	Delahaye2018	30452450	10.1371/journal.pgen.1007785	Delahaye F et al. PLoS Genet. 2018;14(11):e1007785. PMID:30452450	S6 Table (stringent permutation-passing mQTLs; n=4342)	Primary coords GRCh38 via UCSC liftOver (hg19ToHg38.over.chain.gz). Legacy hg19 columns retained for audit.
DELAHAYE2018_18	P0	rs9264923	cg04953552	6	31305379	6	31308385	31308436	31308410	GRCh38	31273156	31276162	31276213	3006	-0.073133	2.88e-14	7.89e-09	0.2426	HLA-C	rs9263738	1000000	placenta_fetal_side_NICHD	multi_ancestry_US_cohort	303	150kb_around_CpG	Delahaye2018	30452450	10.1371/journal.pgen.1007785	Delahaye F et al. PLoS Genet. 2018;14(11):e1007785. PMID:30452450	S6 Table (stringent permutation-passing mQTLs; n=4342)	Primary coords GRCh38 via UCSC liftOver (hg19ToHg38.over.chain.gz). Legacy hg19 columns retained for audit.
DELAHAYE2018_19	P0	rs805271	cg05857999	6	31675474	6	31682933	31682984	31682958	GRCh38	31643251	31650710	31650761	7459	-0.057998	4.83e-33	2.35e-23	0.4356	LY6G5C	rs9263738	1000000	placenta_fetal_side_NICHD	multi_ancestry_US_cohort	303	150kb_around_CpG	Delahaye2018	30452450	10.1371/journal.pgen.1007785	Delahaye F et al. PLoS Genet. 2018;14(11):e1007785. PMID:30452450	S6 Table (stringent permutation-passing mQTLs; n=4342)	Primary coords GRCh38 via UCSC liftOver (hg19ToHg38.over.chain.gz). Legacy hg19 columns retained for audit.
DELAHAYE2018_20	P0	rs805271	cg07455790	6	31675474	6	31682908	31682959	31682933	GRCh38	31643251	31650685	31650736	7434	-0.0711009	4.08e-39	5.13e-29	0.4356	LY6G5C	rs9263738	1000000	placenta_fetal_side_NICHD	multi_ancestry_US_cohort	303	150kb_around_CpG	Delahaye2018	30452450	10.1371/journal.pgen.1007785	Delahaye F et al. PLoS Genet. 2018;14(11):e1007785. PMID:30452450	S6 Table (stringent permutation-passing mQTLs; n=4342)	Primary coords GRCh38 via UCSC liftOver (hg19ToHg38.over.chain.gz). Legacy hg19 columns retained for audit.
DELAHAYE2018_21	P0	rs3873332	cg07482223	6	30928213	6	30931456	30931506	30931481	GRCh38	30895990	30899233	30899283	3243	-0.334611	6.83e-265	8.82e-209	0.2706	SFTA2	rs9263738	1000000	placenta_fetal_side_NICHD	multi_ancestry_US_cohort	303	150kb_around_CpG	Delahaye2018	30452450	10.1371/journal.pgen.1007785	Delahaye F et al. PLoS Genet. 2018;14(11):e1007785. PMID:30452450	S6 Table (stringent permutation-passing mQTLs; n=4342)	Primary coords GRCh38 via UCSC liftOver (hg19ToHg38.over.chain.gz). Legacy hg19 columns retained for audit.
DELAHAYE2018_22	P0	rs743401	cg07764829	6	31157381	6	31166133	31166183	31166158	GRCh38	31125158	31133910	31133960	8752	0.109672	1.12e-49	1.87e-37	0.3597	POU5F1	rs9263738	1000000	placenta_fetal_side_NICHD	multi_ancestry_US_cohort	303	150kb_around_CpG	Delahaye2018	30452450	10.1371/journal.pgen.1007785	Delahaye F et al. PLoS Genet. 2018;14(11):e1007785. PMID:30452450	S6 Table (stringent permutation-passing mQTLs; n=4342)	Primary coords GRCh38 via UCSC liftOver (hg19ToHg38.over.chain.gz). Legacy hg19 columns retained for audit.
DELAHAYE2018_23	P0	rs6899874	cg08085597	6	31194551	6	31196949	31196999	31196974	GRCh38	31162328	31164726	31164776	2398	0.0584054	2.06e-24	8.29e-15	0.2211	HCG27	rs9263738	1000000	placenta_fetal_side_NICHD	multi_ancestry_US_cohort	303	150kb_around_CpG	Delahaye2018	30452450	10.1371/journal.pgen.1007785	Delahaye F et al. PLoS Genet. 2018;14(11):e1007785. PMID:30452450	S6 Table (stringent permutation-passing mQTLs; n=4342)	Primary coords GRCh38 via UCSC liftOver (hg19ToHg38.over.chain.gz). Legacy hg19 columns retained for audit.
DELAHAYE2018_24	P0	kgp11969343	cg09382842	6	31272535	6	31269578	31269628	31269603	GRCh38	31240312	31237355	31237405	-2957	0.491801	4.48e-128	8.07e-98	0.2426	HLA-C	rs9263738	1000000	placenta_fetal_side_NICHD	multi_ancestry_US_cohort	303	150kb_around_CpG	Delahaye2018	30452450	10.1371/journal.pgen.1007785	Delahaye F et al. PLoS Genet. 2018;14(11):e1007785. PMID:30452450	S6 Table (stringent permutation-passing mQTLs; n=4342)	Primary coords GRCh38 via UCSC liftOver (hg19ToHg38.over.chain.gz). Legacy hg19 columns retained for audit.
DELAHAYE2018_25	P0	rs1264323	cg09822812	6	30888130	6	30887902	30887952	30887927	GRCh38	30855907	30855679	30855729	-228	0.0745581	1.17e-64	1.11e-51	0.4901	DDR1	rs9263738	1000000	placenta_fetal_side_NICHD	multi_ancestry_US_cohort	303	150kb_around_CpG	Delahaye2018	30452450	10.1371/journal.pgen.1007785	Delahaye F et al. PLoS Genet. 2018;14(11):e1007785. PMID:30452450	S6 Table (stringent permutation-passing mQTLs; n=4342)	Primary coords GRCh38 via UCSC liftOver (hg19ToHg38.over.chain.gz). Legacy hg19 columns retained for audit.
DELAHAYE2018_26	P0	rs3868075	cg10236790	6	31200038	6	31200012	31200062	31200037	GRCh38	31167815	31167789	31167839	-26	-0.0616306	8.29e-21	9.27e-14	0.4769	HCG27	rs9263738	1000000	placenta_fetal_side_NICHD	multi_ancestry_US_cohort	303	150kb_around_CpG	Delahaye2018	30452450	10.1371/journal.pgen.1007785	Delahaye F et al. PLoS Genet. 2018;14(11):e1007785. PMID:30452450	S6 Table (stringent permutation-passing mQTLs; n=4342)	Primary coords GRCh38 via UCSC liftOver (hg19ToHg38.over.chain.gz). Legacy hg19 columns retained for audit.
DELAHAYE2018_27	P0	rs2252195	cg10715333	6	31052280	6	31050696	31050746	31050721	GRCh38	31020057	31018473	31018523	-1584	0.0609618	3.62e-23	6.05e-16	0.396	HCG22	rs9263738	1000000	placenta_fetal_side_NICHD	multi_ancestry_US_cohort	303	150kb_around_CpG	Delahaye2018	30452450	10.1371/journal.pgen.1007785	Delahaye F et al. PLoS Genet. 2018;14(11):e1007785. PMID:30452450	S6 Table (stringent permutation-passing mQTLs; n=4342)	Primary coords GRCh38 via UCSC liftOver (hg19ToHg38.over.chain.gz). Legacy hg19 columns retained for audit.
DELAHAYE2018_28	P0	rs2517448	cg11369599	6	31094890	6	31055932	31055982	31055957	GRCh38	31062667	31023709	31023759	-38958	0.0512351	6.61e-19	2.47e-12	0.3465	HCG22	rs9263738	1000000	placenta_fetal_side_NICHD	multi_ancestry_US_cohort	303	150kb_around_CpG	Delahaye2018	30452450	10.1371/journal.pgen.1007785	Delahaye F et al. PLoS Genet. 2018;14(11):e1007785. PMID:30452450	S6 Table (stringent permutation-passing mQTLs; n=4342)	Primary coords GRCh38 via UCSC liftOver (hg19ToHg38.over.chain.gz). Legacy hg19 columns retained for audit.
DELAHAYE2018_29	P0	rs1264323	cg11530564	6	30888130	6	30888344	30888394	30888369	GRCh38	30855907	30856121	30856171	214	0.0579877	2.99e-61	7.25e-49	0.4901	DDR1	rs9263738	1000000	placenta_fetal_side_NICHD	multi_ancestry_US_cohort	303	150kb_around_CpG	Delahaye2018	30452450	10.1371/journal.pgen.1007785	Delahaye F et al. PLoS Genet. 2018;14(11):e1007785. PMID:30452450	S6 Table (stringent permutation-passing mQTLs; n=4342)	Primary coords GRCh38 via UCSC liftOver (hg19ToHg38.over.chain.gz). Legacy hg19 columns retained for audit.
DELAHAYE2018_30	P0	rs1419675	cg11857238	6	30124930	6	30154766	30154816	30154791	GRCh38	30092707	30122543	30122593	29836	-0.0516109	1.8e-11	6.04e-07	0.2294	TRIM10	rs9263738	1000000	placenta_fetal_side_NICHD	multi_ancestry_US_cohort	303	150kb_around_CpG	Delahaye2018	30452450	10.1371/journal.pgen.1007785	Delahaye F et al. PLoS Genet. 2018;14(11):e1007785. PMID:30452450	S6 Table (stringent permutation-passing mQTLs; n=4342)	Primary coords GRCh38 via UCSC liftOver (hg19ToHg38.over.chain.gz). Legacy hg19 columns retained for audit.
DELAHAYE2018_31	P0	rs2246871	cg12094174	6	31513369	6	31498360	31498410	31498385	GRCh38	31481146	31466137	31466187	-15009	-0.0570962	2.26e-20	1.09e-14	0.2607	MICB	rs9263738	1000000	placenta_fetal_side_NICHD	multi_ancestry_US_cohort	303	150kb_around_CpG	Delahaye2018	30452450	10.1371/journal.pgen.1007785	Delahaye F et al. PLoS Genet. 2018;14(11):e1007785. PMID:30452450	S6 Table (stringent permutation-passing mQTLs; n=4342)	Primary coords GRCh38 via UCSC liftOver (hg19ToHg38.over.chain.gz). Legacy hg19 columns retained for audit.
DELAHAYE2018_32	P0	kgp2319895	cg14343414	6	31058128	6	31058190	31058240	31058215	GRCh38	31025905	31025967	31026017	62	0.0635176	6.58e-64	3.46e-48	0.2195	HCG22	rs9263738	1000000	placenta_fetal_side_NICHD	multi_ancestry_US_cohort	303	150kb_around_CpG	Delahaye2018	30452450	10.1371/journal.pgen.1007785	Delahaye F et al. PLoS Genet. 2018;14(11):e1007785. PMID:30452450	S6 Table (stringent permutation-passing mQTLs; n=4342)	Primary coords GRCh38 via UCSC liftOver (hg19ToHg38.over.chain.gz). Legacy hg19 columns retained for audit.
DELAHAYE2018_33	P0	rs4713354	cg16580700	6	30717643	6	30717917	30717967	30717942	GRCh38	30685420	30685694	30685744	274	0.0855745	9.75e-54	3.68e-41	0.2409	MDC1	rs9263738	1000000	placenta_fetal_side_NICHD	multi_ancestry_US_cohort	303	150kb_around_CpG	Delahaye2018	30452450	10.1371/journal.pgen.1007785	Delahaye F et al. PLoS Genet. 2018;14(11):e1007785. PMID:30452450	S6 Table (stringent permutation-passing mQTLs; n=4342)	Primary coords GRCh38 via UCSC liftOver (hg19ToHg38.over.chain.gz). Legacy hg19 columns retained for audit.
DELAHAYE2018_34	P0	rs6922994	cg18688062	6	31196494	6	31178644	31178694	31178669	GRCh38	31164271	31146421	31146471	-17850	0.0570221	3.93e-17	1.16e-09	0.1884	PSORS1C3	rs9263738	1000000	placenta_fetal_side_NICHD	multi_ancestry_US_cohort	303	150kb_around_CpG	Delahaye2018	30452450	10.1371/journal.pgen.1007785	Delahaye F et al. PLoS Genet. 2018;14(11):e1007785. PMID:30452450	S6 Table (stringent permutation-passing mQTLs; n=4342)	Primary coords GRCh38 via UCSC liftOver (hg19ToHg38.over.chain.gz). Legacy hg19 columns retained for audit.
DELAHAYE2018_35	P0	rs743401	cg19777318	6	31157381	6	31166336	31166386	31166361	GRCh38	31125158	31134113	31134163	8955	0.108532	7.97e-73	6.65e-55	0.3597	POU5F1	rs9263738	1000000	placenta_fetal_side_NICHD	multi_ancestry_US_cohort	303	150kb_around_CpG	Delahaye2018	30452450	10.1371/journal.pgen.1007785	Delahaye F et al. PLoS Genet. 2018;14(11):e1007785. PMID:30452450	S6 Table (stringent permutation-passing mQTLs; n=4342)	Primary coords GRCh38 via UCSC liftOver (hg19ToHg38.over.chain.gz). Legacy hg19 columns retained for audit.
DELAHAYE2018_36	P0	rs743401	cg19865159	6	31157381	6	31166338	31166389	31166363	GRCh38	31125158	31134115	31134166	8957	0.100679	9.27e-62	5.47e-45	0.3597	POU5F1	rs9263738	1000000	placenta_fetal_side_NICHD	multi_ancestry_US_cohort	303	150kb_around_CpG	Delahaye2018	30452450	10.1371/journal.pgen.1007785	Delahaye F et al. PLoS Genet. 2018;14(11):e1007785. PMID:30452450	S6 Table (stringent permutation-passing mQTLs; n=4342)	Primary coords GRCh38 via UCSC liftOver (hg19ToHg38.over.chain.gz). Legacy hg19 columns retained for audit.
DELAHAYE2018_37	P0	rs644774	cg20370184	6	31870713	6	31870717	31870767	31870742	GRCh38	31838490	31838494	31838544	4	0.340987	2.34e-307	4.9e-247	0.3251	SLC44A4	rs9263738	1000000	placenta_fetal_side_NICHD	multi_ancestry_US_cohort	303	150kb_around_CpG	Delahaye2018	30452450	10.1371/journal.pgen.1007785	Delahaye F et al. PLoS Genet. 2018;14(11):e1007785. PMID:30452450	S6 Table (stringent permutation-passing mQTLs; n=4342)	Primary coords GRCh38 via UCSC liftOver (hg19ToHg38.over.chain.gz). Legacy hg19 columns retained for audit.
DELAHAYE2018_38	P0	kgp174806	cg20802826	6	30814844	6	30814253	30814303	30814278	GRCh38	30782621	30782030	30782080	-591	0.101163	9.87e-35	1.55e-27	0.3647	DDR1	rs9263738	1000000	placenta_fetal_side_NICHD	multi_ancestry_US_cohort	303	150kb_around_CpG	Delahaye2018	30452450	10.1371/journal.pgen.1007785	Delahaye F et al. PLoS Genet. 2018;14(11):e1007785. PMID:30452450	S6 Table (stringent permutation-passing mQTLs; n=4342)	Primary coords GRCh38 via UCSC liftOver (hg19ToHg38.over.chain.gz). Legacy hg19 columns retained for audit.
DELAHAYE2018_39	P0	rs2246871	cg23003117	6	31513369	6	31498350	31498400	31498375	GRCh38	31481146	31466127	31466177	-15019	-0.0747364	7.86e-22	2.15e-14	0.2607	MICB	rs9263738	1000000	placenta_fetal_side_NICHD	multi_ancestry_US_cohort	303	150kb_around_CpG	Delahaye2018	30452450	10.1371/journal.pgen.1007785	Delahaye F et al. PLoS Genet. 2018;14(11):e1007785. PMID:30452450	S6 Table (stringent permutation-passing mQTLs; n=4342)	Primary coords GRCh38 via UCSC liftOver (hg19ToHg38.over.chain.gz). Legacy hg19 columns retained for audit.
DELAHAYE2018_40	P0	rs2107202	cg24847621	6	30137966	6	30154738	30154788	30154763	GRCh38	30105743	30122515	30122565	16772	-0.0645377	2.43e-13	1.81e-08	0.2261	TRIM10	rs9263738	1000000	placenta_fetal_side_NICHD	multi_ancestry_US_cohort	303	150kb_around_CpG	Delahaye2018	30452450	10.1371/journal.pgen.1007785	Delahaye F et al. PLoS Genet. 2018;14(11):e1007785. PMID:30452450	S6 Table (stringent permutation-passing mQTLs; n=4342)	Primary coords GRCh38 via UCSC liftOver (hg19ToHg38.over.chain.gz). Legacy hg19 columns retained for audit.
DELAHAYE2018_41	P0	rs6902129	cg25532292	6	30457172	6	30448005	30448055	30448030	GRCh38	30424949	30415782	30415832	-9167	0.0686981	2.6e-10	3.97e-06	0.1521	HLA-E	rs9263738	1000000	placenta_fetal_side_NICHD	multi_ancestry_US_cohort	303	150kb_around_CpG	Delahaye2018	30452450	10.1371/journal.pgen.1007785	Delahaye F et al. PLoS Genet. 2018;14(11):e1007785. PMID:30452450	S6 Table (stringent permutation-passing mQTLs; n=4342)	Primary coords GRCh38 via UCSC liftOver (hg19ToHg38.over.chain.gz). Legacy hg19 columns retained for audit.
DELAHAYE2018_42	P0	rs6909321	cg26566189	6	31125413	6	31128300	31128350	31128325	GRCh38	31093190	31096077	31096127	2887	0.338873	1.67e-76	1.27e-53	0.1516	PSORS1C1	rs9263738	1000000	placenta_fetal_side_NICHD	multi_ancestry_US_cohort	303	150kb_around_CpG	Delahaye2018	30452450	10.1371/journal.pgen.1007785	Delahaye F et al. PLoS Genet. 2018;14(11):e1007785. PMID:30452450	S6 Table (stringent permutation-passing mQTLs; n=4342)	Primary coords GRCh38 via UCSC liftOver (hg19ToHg38.over.chain.gz). Legacy hg19 columns retained for audit.
DELAHAYE2018_43	P0	rs1265047	cg26812852	6	31113687	6	31113741	31113791	31113766	GRCh38	31081464	31081518	31081568	54	0.0670614	4e-40	2.68e-30	0.3795	PSORS1C1	rs9263738	1000000	placenta_fetal_side_NICHD	multi_ancestry_US_cohort	303	150kb_around_CpG	Delahaye2018	30452450	10.1371/journal.pgen.1007785	Delahaye F et al. PLoS Genet. 2018;14(11):e1007785. PMID:30452450	S6 Table (stringent permutation-passing mQTLs; n=4342)	Primary coords GRCh38 via UCSC liftOver (hg19ToHg38.over.chain.gz). Legacy hg19 columns retained for audit.
DELAHAYE2018_44	P0	kgp2870857	cg27644095	6	31056896	6	31057187	31057237	31057212	GRCh38	31024673	31024964	31025014	291	-0.118947	1.48e-54	9.97e-42	0.2195	HCG22	rs9263738	1000000	placenta_fetal_side_NICHD	multi_ancestry_US_cohort	303	150kb_around_CpG	Delahaye2018	30452450	10.1371/journal.pgen.1007785	Delahaye F et al. PLoS Genet. 2018;14(11):e1007785. PMID:30452450	S6 Table (stringent permutation-passing mQTLs; n=4342)	Primary coords GRCh38 via UCSC liftOver (hg19ToHg38.over.chain.gz). Legacy hg19 columns retained for audit.
DELAHAYE2018_45	P0	rs3128912	cg00113675	6	29847860	6	29887520	29887570	29887545	GRCh38	29815637	29855297	29855347	39660	-0.160188	1.04e-14	5.34e-09	0.1133	HLA-H	rs9263738	NA	placenta_fetal_side_NICHD	multi_ancestry_US_cohort	303	150kb_around_CpG	Delahaye2018	30452450	10.1371/journal.pgen.1007785	Delahaye F et al. PLoS Genet. 2018;14(11):e1007785. PMID:30452450	S6 Table (stringent permutation-passing mQTLs; n=4342)	Primary coords GRCh38 via UCSC liftOver (hg19ToHg38.over.chain.gz). Legacy hg19 columns retained for audit.
DELAHAYE2018_46	P0	rs2071477	cg00409309	6	32857571	6	32815774	32815824	32815799	GRCh38	32825348	32783551	32783601	-41797	0.0633936	1.07e-23	8.11e-18	0.4455	HLA-DOB	rs9263738	NA	placenta_fetal_side_NICHD	multi_ancestry_US_cohort	303	150kb_around_CpG	Delahaye2018	30452450	10.1371/journal.pgen.1007785	Delahaye F et al. PLoS Genet. 2018;14(11):e1007785. PMID:30452450	S6 Table (stringent permutation-passing mQTLs; n=4342)	Primary coords GRCh38 via UCSC liftOver (hg19ToHg38.over.chain.gz). Legacy hg19 columns retained for audit.
DELAHAYE2018_47	P0	rs4713607	cg01309395	6	33123059	6	33123968	33124018	33123993	GRCh38	33090836	33091745	33091795	909	-0.0916134	1.27e-48	1.33e-34	0.3927	HLA-DPB2	rs9263738	NA	placenta_fetal_side_NICHD	multi_ancestry_US_cohort	303	150kb_around_CpG	Delahaye2018	30452450	10.1371/journal.pgen.1007785	Delahaye F et al. PLoS Genet. 2018;14(11):e1007785. PMID:30452450	S6 Table (stringent permutation-passing mQTLs; n=4342)	Primary coords GRCh38 via UCSC liftOver (hg19ToHg38.over.chain.gz). Legacy hg19 columns retained for audit.
DELAHAYE2018_48	P0	rs4947344	cg03202060	6	32710069	6	32665237	32665288	32665262	GRCh38	32677846	32633014	32633065	-44832	-0.059564	7.67e-15	1.78e-09	0.2855	HLA-DQB1	rs9263738	NA	placenta_fetal_side_NICHD	multi_ancestry_US_cohort	303	150kb_around_CpG	Delahaye2018	30452450	10.1371/journal.pgen.1007785	Delahaye F et al. PLoS Genet. 2018;14(11):e1007785. PMID:30452450	S6 Table (stringent permutation-passing mQTLs; n=4342)	Primary coords GRCh38 via UCSC liftOver (hg19ToHg38.over.chain.gz). Legacy hg19 columns retained for audit.
DELAHAYE2018_49	P0	kgp10263281	cg03688324	13	21705377	13	21676828	21676878	21676853	GRCh38	22279516	22250967	22251017	-28549	-0.0773918	5.86e-38	1.26e-30	0.3894	FGF9	rs146350366	NA	placenta_fetal_side_NICHD	multi_ancestry_US_cohort	303	150kb_around_CpG	Delahaye2018	30452450	10.1371/journal.pgen.1007785	Delahaye F et al. PLoS Genet. 2018;14(11):e1007785. PMID:30452450	S6 Table (stringent permutation-passing mQTLs; n=4342)	Primary coords GRCh38 via UCSC liftOver (hg19ToHg38.over.chain.gz). Legacy hg19 columns retained for audit.
DELAHAYE2018_50	P0	rs3117034	cg03978169	6	33119581	6	33123530	33123580	33123555	GRCh38	33087358	33091307	33091357	3949	-0.0509507	2.57e-16	3.37e-11	0.3069	HLA-DPB2	rs9263738	NA	placenta_fetal_side_NICHD	multi_ancestry_US_cohort	303	150kb_around_CpG	Delahaye2018	30452450	10.1371/journal.pgen.1007785	Delahaye F et al. PLoS Genet. 2018;14(11):e1007785. PMID:30452450	S6 Table (stringent permutation-passing mQTLs; n=4342)	Primary coords GRCh38 via UCSC liftOver (hg19ToHg38.over.chain.gz). Legacy hg19 columns retained for audit.
DELAHAYE2018_51	P0	rs9258995	cg03997176	6	29874024	6	29828288	29828339	29828313	GRCh38	29841801	29796065	29796116	-45736	-0.0553748	1.2e-18	7.2e-12	0.401	HLA-G	rs9263738	NA	placenta_fetal_side_NICHD	multi_ancestry_US_cohort	303	150kb_around_CpG	Delahaye2018	30452450	10.1371/journal.pgen.1007785	Delahaye F et al. PLoS Genet. 2018;14(11):e1007785. PMID:30452450	S6 Table (stringent permutation-passing mQTLs; n=4342)	Primary coords GRCh38 via UCSC liftOver (hg19ToHg38.over.chain.gz). Legacy hg19 columns retained for audit.
DELAHAYE2018_52	P0	kgp3842064	cg04452581	6	32431410	6	32429906	32429956	32429931	GRCh38	32399187	32397683	32397733	-1504	-0.0551405	4.2e-27	2.71e-19	0.3416	HLA-DRA	rs9263738	NA	placenta_fetal_side_NICHD	multi_ancestry_US_cohort	303	150kb_around_CpG	Delahaye2018	30452450	10.1371/journal.pgen.1007785	Delahaye F et al. PLoS Genet. 2018;14(11):e1007785. PMID:30452450	S6 Table (stringent permutation-passing mQTLs; n=4342)	Primary coords GRCh38 via UCSC liftOver (hg19ToHg38.over.chain.gz). Legacy hg19 columns retained for audit.
DELAHAYE2018_53	P0	rs1133896	cg04576021	6	32865040	6	32816428	32816478	32816453	GRCh38	32832817	32784205	32784255	-48612	0.0509213	8.23e-16	4.38e-10	0.4439	HLA-DOB	rs9263738	NA	placenta_fetal_side_NICHD	multi_ancestry_US_cohort	303	150kb_around_CpG	Delahaye2018	30452450	10.1371/journal.pgen.1007785	Delahaye F et al. PLoS Genet. 2018;14(11):e1007785. PMID:30452450	S6 Table (stringent permutation-passing mQTLs; n=4342)	Primary coords GRCh38 via UCSC liftOver (hg19ToHg38.over.chain.gz). Legacy hg19 columns retained for audit.
DELAHAYE2018_54	P0	rs2213567	cg06598146	6	32743878	6	32743855	32743905	32743880	GRCh38	32711655	32711632	32711682	-23	-0.0526707	9.01e-12	8.87e-07	0.4373	HLA-DQA2	rs9263738	NA	placenta_fetal_side_NICHD	multi_ancestry_US_cohort	303	150kb_around_CpG	Delahaye2018	30452450	10.1371/journal.pgen.1007785	Delahaye F et al. PLoS Genet. 2018;14(11):e1007785. PMID:30452450	S6 Table (stringent permutation-passing mQTLs; n=4342)	Primary coords GRCh38 via UCSC liftOver (hg19ToHg38.over.chain.gz). Legacy hg19 columns retained for audit.
DELAHAYE2018_55	P0	kgp10263281	cg06770995	13	21705377	13	21734806	21734856	21734831	GRCh38	22279516	22308945	22308995	29429	-0.104241	8.08e-58	1.4e-47	0.3894	FGF9	rs146350366	NA	placenta_fetal_side_NICHD	multi_ancestry_US_cohort	303	150kb_around_CpG	Delahaye2018	30452450	10.1371/journal.pgen.1007785	Delahaye F et al. PLoS Genet. 2018;14(11):e1007785. PMID:30452450	S6 Table (stringent permutation-passing mQTLs; n=4342)	Primary coords GRCh38 via UCSC liftOver (hg19ToHg38.over.chain.gz). Legacy hg19 columns retained for audit.
DELAHAYE2018_56	P0	kgp7880551	cg08265274	6	32634619	6	32522667	32522717	32522692	GRCh38	32602396	32490444	32490494	-111952	0.102771	1.16e-39	2.67e-29	0.3053	HLA-DRB5	rs9263738	NA	placenta_fetal_side_NICHD	multi_ancestry_US_cohort	303	150kb_around_CpG	Delahaye2018	30452450	10.1371/journal.pgen.1007785	Delahaye F et al. PLoS Genet. 2018;14(11):e1007785. PMID:30452450	S6 Table (stringent permutation-passing mQTLs; n=4342)	Primary coords GRCh38 via UCSC liftOver (hg19ToHg38.over.chain.gz). Legacy hg19 columns retained for audit.
DELAHAYE2018_57	P0	rs1431399	cg08898074	6	33073257	6	33068770	33068820	33068795	GRCh38	33041034	33036547	33036597	-4487	-0.0576648	1.64e-30	1.64e-22	0.368	HLA-DPA1	rs9263738	NA	placenta_fetal_side_NICHD	multi_ancestry_US_cohort	303	150kb_around_CpG	Delahaye2018	30452450	10.1371/journal.pgen.1007785	Delahaye F et al. PLoS Genet. 2018;14(11):e1007785. PMID:30452450	S6 Table (stringent permutation-passing mQTLs; n=4342)	Primary coords GRCh38 via UCSC liftOver (hg19ToHg38.over.chain.gz). Legacy hg19 columns retained for audit.
DELAHAYE2018_58	P0	rs1042190	cg09493313	6	33069222	6	33069667	33069717	33069692	GRCh38	33036999	33037444	33037494	445	-0.0592778	1.36e-21	1.15e-15	0.3663	HLA-DPA1	rs9263738	NA	placenta_fetal_side_NICHD	multi_ancestry_US_cohort	303	150kb_around_CpG	Delahaye2018	30452450	10.1371/journal.pgen.1007785	Delahaye F et al. PLoS Genet. 2018;14(11):e1007785. PMID:30452450	S6 Table (stringent permutation-passing mQTLs; n=4342)	Primary coords GRCh38 via UCSC liftOver (hg19ToHg38.over.chain.gz). Legacy hg19 columns retained for audit.
DELAHAYE2018_59	P0	rs9268839	cg09663314	6	32460995	6	32558152	32558202	32558177	GRCh38	32428772	32525929	32525979	97157	-0.0602102	1.37e-13	1.32e-08	0.3729	HLA-DRB6	rs9263738	NA	placenta_fetal_side_NICHD	multi_ancestry_US_cohort	303	150kb_around_CpG	Delahaye2018	30452450	10.1371/journal.pgen.1007785	Delahaye F et al. PLoS Genet. 2018;14(11):e1007785. PMID:30452450	S6 Table (stringent permutation-passing mQTLs; n=4342)	Primary coords GRCh38 via UCSC liftOver (hg19ToHg38.over.chain.gz). Legacy hg19 columns retained for audit.
DELAHAYE2018_60	P0	kgp10263281	cg10194039	13	21705377	13	21683890	21683940	21683915	GRCh38	22279516	22258029	22258079	-21487	-0.121042	1.97e-52	3.23e-43	0.3894	FGF9	rs146350366	NA	placenta_fetal_side_NICHD	multi_ancestry_US_cohort	303	150kb_around_CpG	Delahaye2018	30452450	10.1371/journal.pgen.1007785	Delahaye F et al. PLoS Genet. 2018;14(11):e1007785. PMID:30452450	S6 Table (stringent permutation-passing mQTLs; n=4342)	Primary coords GRCh38 via UCSC liftOver (hg19ToHg38.over.chain.gz). Legacy hg19 columns retained for audit.
DELAHAYE2018_61	P0	rs3128912	cg10262387	6	29847860	6	29887608	29887658	29887633	GRCh38	29815637	29855385	29855435	39748	-0.126579	3.86e-09	0.000119181	0.1133	HLA-H	rs9263738	NA	placenta_fetal_side_NICHD	multi_ancestry_US_cohort	303	150kb_around_CpG	Delahaye2018	30452450	10.1371/journal.pgen.1007785	Delahaye F et al. PLoS Genet. 2018;14(11):e1007785. PMID:30452450	S6 Table (stringent permutation-passing mQTLs; n=4342)	Primary coords GRCh38 via UCSC liftOver (hg19ToHg38.over.chain.gz). Legacy hg19 columns retained for audit.
DELAHAYE2018_62	P0	rs3736694	cg11587584	6	29729072	6	29724595	29724645	29724620	GRCh38	29696849	29692372	29692422	-4477	0.0549661	1.27e-14	2.54e-09	0.1809	HLA-F	rs9263738	NA	placenta_fetal_side_NICHD	multi_ancestry_US_cohort	303	150kb_around_CpG	Delahaye2018	30452450	10.1371/journal.pgen.1007785	Delahaye F et al. PLoS Genet. 2018;14(11):e1007785. PMID:30452450	S6 Table (stringent permutation-passing mQTLs; n=4342)	Primary coords GRCh38 via UCSC liftOver (hg19ToHg38.over.chain.gz). Legacy hg19 columns retained for audit.
DELAHAYE2018_63	P0	rs4959038	cg11817057	6	29968574	6	29956375	29956425	29956400	GRCh38	29936351	29924152	29924202	-12199	-0.0532656	1.48e-17	1.2e-10	0.2657	HLA-A	rs9263738	NA	placenta_fetal_side_NICHD	multi_ancestry_US_cohort	303	150kb_around_CpG	Delahaye2018	30452450	10.1371/journal.pgen.1007785	Delahaye F et al. PLoS Genet. 2018;14(11):e1007785. PMID:30452450	S6 Table (stringent permutation-passing mQTLs; n=4342)	Primary coords GRCh38 via UCSC liftOver (hg19ToHg38.over.chain.gz). Legacy hg19 columns retained for audit.
DELAHAYE2018_64	P0	kgp10263281	cg12261451	13	21705377	13	21668891	21668941	21668916	GRCh38	22279516	22243030	22243080	-36486	-0.0633406	3.32e-43	2.83e-35	0.3894	FGF9	rs146350366	NA	placenta_fetal_side_NICHD	multi_ancestry_US_cohort	303	150kb_around_CpG	Delahaye2018	30452450	10.1371/journal.pgen.1007785	Delahaye F et al. PLoS Genet. 2018;14(11):e1007785. PMID:30452450	S6 Table (stringent permutation-passing mQTLs; n=4342)	Primary coords GRCh38 via UCSC liftOver (hg19ToHg38.over.chain.gz). Legacy hg19 columns retained for audit.
DELAHAYE2018_65	P0	rs660895	cg13778567	6	32609603	6	32641956	32642006	32641981	GRCh38	32577380	32609733	32609783	32353	0.0604204	8.97e-31	2.08e-22	0.2541	HLA-DQA1	rs9263738	NA	placenta_fetal_side_NICHD	multi_ancestry_US_cohort	303	150kb_around_CpG	Delahaye2018	30452450	10.1371/journal.pgen.1007785	Delahaye F et al. PLoS Genet. 2018;14(11):e1007785. PMID:30452450	S6 Table (stringent permutation-passing mQTLs; n=4342)	Primary coords GRCh38 via UCSC liftOver (hg19ToHg38.over.chain.gz). Legacy hg19 columns retained for audit.
DELAHAYE2018_66	P0	kgp10904763	cg13896204	6	32669420	6	32761664	32761715	32761689	GRCh38	32637197	32729441	32729492	92244	-0.0505075	6.41e-07	0.00325298	0.2591	HLA-DQB2	rs9263738	NA	placenta_fetal_side_NICHD	multi_ancestry_US_cohort	303	150kb_around_CpG	Delahaye2018	30452450	10.1371/journal.pgen.1007785	Delahaye F et al. PLoS Genet. 2018;14(11):e1007785. PMID:30452450	S6 Table (stringent permutation-passing mQTLs; n=4342)	Primary coords GRCh38 via UCSC liftOver (hg19ToHg38.over.chain.gz). Legacy hg19 columns retained for audit.
DELAHAYE2018_67	P1	rs4877146	cg14179288	9	79665447	9	79671386	79671436	79671411	GRCh38	82280362	82286301	82286351	5939	0.258214	2.74e-166	1.47e-138	0.4769	TLE4	rs7859844	NA	placenta_fetal_side_NICHD	multi_ancestry_US_cohort	303	150kb_around_CpG	Delahaye2018	30452450	10.1371/journal.pgen.1007785	Delahaye F et al. PLoS Genet. 2018;14(11):e1007785. PMID:30452450	S6 Table (stringent permutation-passing mQTLs; n=4342)	Primary coords GRCh38 via UCSC liftOver (hg19ToHg38.over.chain.gz). Legacy hg19 columns retained for audit.
DELAHAYE2018_68	P0	kgp10263281	cg14597930	13	21705377	13	21721741	21721792	21721766	GRCh38	22279516	22295880	22295931	16364	-0.10483	3.85e-51	9.98e-42	0.3894	FGF9	rs146350366	NA	placenta_fetal_side_NICHD	multi_ancestry_US_cohort	303	150kb_around_CpG	Delahaye2018	30452450	10.1371/journal.pgen.1007785	Delahaye F et al. PLoS Genet. 2018;14(11):e1007785. PMID:30452450	S6 Table (stringent permutation-passing mQTLs; n=4342)	Primary coords GRCh38 via UCSC liftOver (hg19ToHg38.over.chain.gz). Legacy hg19 columns retained for audit.
DELAHAYE2018_69	P0	rs3117020	cg15737123	6	33126611	6	33123740	33123790	33123765	GRCh38	33094388	33091517	33091567	-2871	-0.0692938	3.72e-40	5.34e-30	0.396	HLA-DPB2	rs9263738	NA	placenta_fetal_side_NICHD	multi_ancestry_US_cohort	303	150kb_around_CpG	Delahaye2018	30452450	10.1371/journal.pgen.1007785	Delahaye F et al. PLoS Genet. 2018;14(11):e1007785. PMID:30452450	S6 Table (stringent permutation-passing mQTLs; n=4342)	Primary coords GRCh38 via UCSC liftOver (hg19ToHg38.over.chain.gz). Legacy hg19 columns retained for audit.
DELAHAYE2018_70	P0	kgp6485930	cg15837308	6	32459795	6	32459974	32460024	32459999	GRCh38	32427572	32427751	32427801	179	-0.0730442	3.47e-12	2.24e-07	0.2211	HLA-DRA	rs9263738	NA	placenta_fetal_side_NICHD	multi_ancestry_US_cohort	303	150kb_around_CpG	Delahaye2018	30452450	10.1371/journal.pgen.1007785	Delahaye F et al. PLoS Genet. 2018;14(11):e1007785. PMID:30452450	S6 Table (stringent permutation-passing mQTLs; n=4342)	Primary coords GRCh38 via UCSC liftOver (hg19ToHg38.over.chain.gz). Legacy hg19 columns retained for audit.
DELAHAYE2018_71	P0	rs9275224	cg16345566	6	32692101	6	32665325	32665375	32665350	GRCh38	32659878	32633102	32633152	-26776	-0.216916	4.53e-42	5.05e-31	0.4142	HLA-DQB1	rs9263738	NA	placenta_fetal_side_NICHD	multi_ancestry_US_cohort	303	150kb_around_CpG	Delahaye2018	30452450	10.1371/journal.pgen.1007785	Delahaye F et al. PLoS Genet. 2018;14(11):e1007785. PMID:30452450	S6 Table (stringent permutation-passing mQTLs; n=4342)	Primary coords GRCh38 via UCSC liftOver (hg19ToHg38.over.chain.gz). Legacy hg19 columns retained for audit.
DELAHAYE2018_72	P0	rs9276428	cg18572898	6	32744308	6	32744276	32744326	32744301	GRCh38	32712085	32712053	32712103	-32	0.155965	1.02e-89	1.2e-70	0.3317	HLA-DQA2	rs9263738	NA	placenta_fetal_side_NICHD	multi_ancestry_US_cohort	303	150kb_around_CpG	Delahaye2018	30452450	10.1371/journal.pgen.1007785	Delahaye F et al. PLoS Genet. 2018;14(11):e1007785. PMID:30452450	S6 Table (stringent permutation-passing mQTLs; n=4342)	Primary coords GRCh38 via UCSC liftOver (hg19ToHg38.over.chain.gz). Legacy hg19 columns retained for audit.
DELAHAYE2018_73	P0	rs1431399	cg20069765	6	33073257	6	33068637	33068687	33068662	GRCh38	33041034	33036414	33036464	-4620	-0.0984813	1.84e-53	1.59e-39	0.368	HLA-DPA1	rs9263738	NA	placenta_fetal_side_NICHD	multi_ancestry_US_cohort	303	150kb_around_CpG	Delahaye2018	30452450	10.1371/journal.pgen.1007785	Delahaye F et al. PLoS Genet. 2018;14(11):e1007785. PMID:30452450	S6 Table (stringent permutation-passing mQTLs; n=4342)	Primary coords GRCh38 via UCSC liftOver (hg19ToHg38.over.chain.gz). Legacy hg19 columns retained for audit.
DELAHAYE2018_74	P0	rs9276558	cg20985082	6	32756284	6	32759438	32759488	32759463	GRCh38	32724061	32727215	32727265	3154	0.0635158	8.1e-19	2.59e-12	0.3351	HLA-DQB2	rs9263738	NA	placenta_fetal_side_NICHD	multi_ancestry_US_cohort	303	150kb_around_CpG	Delahaye2018	30452450	10.1371/journal.pgen.1007785	Delahaye F et al. PLoS Genet. 2018;14(11):e1007785. PMID:30452450	S6 Table (stringent permutation-passing mQTLs; n=4342)	Primary coords GRCh38 via UCSC liftOver (hg19ToHg38.over.chain.gz). Legacy hg19 columns retained for audit.
DELAHAYE2018_75	P0	kgp7463630	cg21139325	6	32636103	6	32761692	32761743	32761717	GRCh38	32603880	32729469	32729520	125589	-0.0529708	3.86e-07	0.002576343	0.31	HLA-DQB2	rs9263738	NA	placenta_fetal_side_NICHD	multi_ancestry_US_cohort	303	150kb_around_CpG	Delahaye2018	30452450	10.1371/journal.pgen.1007785	Delahaye F et al. PLoS Genet. 2018;14(11):e1007785. PMID:30452450	S6 Table (stringent permutation-passing mQTLs; n=4342)	Primary coords GRCh38 via UCSC liftOver (hg19ToHg38.over.chain.gz). Legacy hg19 columns retained for audit.
DELAHAYE2018_76	P0	rs1042190	cg22037249	6	33069222	6	33069913	33069963	33069938	GRCh38	33036999	33037690	33037740	691	-0.130137	1.4e-83	1.86e-69	0.3663	HLA-DPA1	rs9263738	NA	placenta_fetal_side_NICHD	multi_ancestry_US_cohort	303	150kb_around_CpG	Delahaye2018	30452450	10.1371/journal.pgen.1007785	Delahaye F et al. PLoS Genet. 2018;14(11):e1007785. PMID:30452450	S6 Table (stringent permutation-passing mQTLs; n=4342)	Primary coords GRCh38 via UCSC liftOver (hg19ToHg38.over.chain.gz). Legacy hg19 columns retained for audit.
DELAHAYE2018_77	P0	rs4713607	cg22136013	6	33123059	6	33123764	33123814	33123789	GRCh38	33090836	33091541	33091591	705	-0.110807	6.24e-48	8.54e-37	0.3927	HLA-DPB2	rs9263738	NA	placenta_fetal_side_NICHD	multi_ancestry_US_cohort	303	150kb_around_CpG	Delahaye2018	30452450	10.1371/journal.pgen.1007785	Delahaye F et al. PLoS Genet. 2018;14(11):e1007785. PMID:30452450	S6 Table (stringent permutation-passing mQTLs; n=4342)	Primary coords GRCh38 via UCSC liftOver (hg19ToHg38.over.chain.gz). Legacy hg19 columns retained for audit.
DELAHAYE2018_78	P0	kgp10263281	cg22356541	13	21705377	13	21703176	21703226	21703201	GRCh38	22279516	22277315	22277365	-2201	-0.0907089	1.61e-40	5.6e-31	0.3894	FGF9	rs146350366	NA	placenta_fetal_side_NICHD	multi_ancestry_US_cohort	303	150kb_around_CpG	Delahaye2018	30452450	10.1371/journal.pgen.1007785	Delahaye F et al. PLoS Genet. 2018;14(11):e1007785. PMID:30452450	S6 Table (stringent permutation-passing mQTLs; n=4342)	Primary coords GRCh38 via UCSC liftOver (hg19ToHg38.over.chain.gz). Legacy hg19 columns retained for audit.
DELAHAYE2018_79	P0	rs1610663	cg23110482	6	29810849	6	29828837	29828887	29828862	GRCh38	29778626	29796614	29796664	17988	-0.0868707	2.27e-34	3.68e-23	0.2838	HLA-G	rs9263738	NA	placenta_fetal_side_NICHD	multi_ancestry_US_cohort	303	150kb_around_CpG	Delahaye2018	30452450	10.1371/journal.pgen.1007785	Delahaye F et al. PLoS Genet. 2018;14(11):e1007785. PMID:30452450	S6 Table (stringent permutation-passing mQTLs; n=4342)	Primary coords GRCh38 via UCSC liftOver (hg19ToHg38.over.chain.gz). Legacy hg19 columns retained for audit.
DELAHAYE2018_80	P0	rs2523946	cg24823979	6	29974166	6	29956470	29956520	29956495	GRCh38	29941943	29924247	29924297	-17696	-0.0644226	3.82e-23	2.26e-16	0.4835	HLA-A	rs9263738	NA	placenta_fetal_side_NICHD	multi_ancestry_US_cohort	303	150kb_around_CpG	Delahaye2018	30452450	10.1371/journal.pgen.1007785	Delahaye F et al. PLoS Genet. 2018;14(11):e1007785. PMID:30452450	S6 Table (stringent permutation-passing mQTLs; n=4342)	Primary coords GRCh38 via UCSC liftOver (hg19ToHg38.over.chain.gz). Legacy hg19 columns retained for audit.
DELAHAYE2018_81	P0	kgp9342993	cg24892091	6	32661903	6	32763350	32763400	32763375	GRCh38	32629680	32731127	32731177	101447	0.0578765	1.13e-23	5.25e-16	0.4022	HLA-DQB2	rs9263738	NA	placenta_fetal_side_NICHD	multi_ancestry_US_cohort	303	150kb_around_CpG	Delahaye2018	30452450	10.1371/journal.pgen.1007785	Delahaye F et al. PLoS Genet. 2018;14(11):e1007785. PMID:30452450	S6 Table (stringent permutation-passing mQTLs; n=4342)	Primary coords GRCh38 via UCSC liftOver (hg19ToHg38.over.chain.gz). Legacy hg19 columns retained for audit.
DELAHAYE2018_82	P0	kgp10263281	cg26585320	13	21705377	13	21701786	21701836	21701811	GRCh38	22279516	22275925	22275975	-3591	-0.121722	5.31e-60	4.65e-51	0.3894	FGF9	rs146350366	NA	placenta_fetal_side_NICHD	multi_ancestry_US_cohort	303	150kb_around_CpG	Delahaye2018	30452450	10.1371/journal.pgen.1007785	Delahaye F et al. PLoS Genet. 2018;14(11):e1007785. PMID:30452450	S6 Table (stringent permutation-passing mQTLs; n=4342)	Primary coords GRCh38 via UCSC liftOver (hg19ToHg38.over.chain.gz). Legacy hg19 columns retained for audit.
DELAHAYE2018_83	P0	rs9277342	cg26645432	6	33072027	6	33080675	33080725	33080700	GRCh38	33039804	33048452	33048502	8648	-0.0633804	8.01e-07	0.005513389	0.2834	HLA-DPB1	rs9263738	NA	placenta_fetal_side_NICHD	multi_ancestry_US_cohort	303	150kb_around_CpG	Delahaye2018	30452450	10.1371/journal.pgen.1007785	Delahaye F et al. PLoS Genet. 2018;14(11):e1007785. PMID:30452450	S6 Table (stringent permutation-passing mQTLs; n=4342)	Primary coords GRCh38 via UCSC liftOver (hg19ToHg38.over.chain.gz). Legacy hg19 columns retained for audit.
DELAHAYE2018_84	P0	kgp10263281	cg26955980	13	21705377	13	21678628	21678678	21678653	GRCh38	22279516	22252767	22252817	-26749	-0.158106	3.7e-60	5.9e-49	0.3894	FGF9	rs146350366	NA	placenta_fetal_side_NICHD	multi_ancestry_US_cohort	303	150kb_around_CpG	Delahaye2018	30452450	10.1371/journal.pgen.1007785	Delahaye F et al. PLoS Genet. 2018;14(11):e1007785. PMID:30452450	S6 Table (stringent permutation-passing mQTLs; n=4342)	Primary coords GRCh38 via UCSC liftOver (hg19ToHg38.over.chain.gz). Legacy hg19 columns retained for audit.
