AnnotSV_ID	SV_chrom	SV_start	SV_end	SV_length	SV_type	Annotation_mode	AnnotSV_ranking_score	ACMG_class	chrom	start	end	svtype
1_99320265_146136990_DEL_1	1	99320265	146136990	-6289.0	DEL	full	1.9	5	chr1	99320265	146136990	DEL
1_99352791_146109344_DEL_1	1	99352791	146109344	-340.0	DEL	full	1.9	5	chr1	99352791	146109344	DEL
1_103822070_144813717_DEL_1	1	103822070	144813717	-40991648.0	DEL	full	1.9	5	chr1	103822070	144813717	DEL
1_103993369_144643561_DEL_1	1	103993369	144643561	-387.0	DEL	full	1.9	5	chr1	103993369	144643561	DEL
1_105412172_143281037_DEL_1	1	105412172	143281037	-37868866.0	DEL	full	1.9	5	chr1	105412172	143281037	DEL
1_105417121_143223844_DUP_1	1	105417121	143223844	3671.0	DUP	full	1.9	5	chr1	105417121	143223844	DUP
1_105708711_143261743_DEL_1	1	105708711	143261743	-37553033.0	DEL	full	1.9	5	chr1	105708711	143261743	DEL
1_105750164_143270138_DEL_1	1	105750164	143270138	-3075.0	DEL	full	1.9	5	chr1	105750164	143270138	DEL
14_19617570_88011699_DEL_1	14	19617570	88011699	-287.0	DEL	full	1.9	5	chr14	19617570	88011699	DEL
14_19637309_87994146_DEL_1	14	19637309	87994146	-2438.0	DEL	full	1.9	5	chr14	19637309	87994146	DEL
14_19652391_87976665_DEL_1	14	19652391	87976665	-54.0	DEL	full	1.9	5	chr14	19652391	87976665	DEL
16_22457760_66420975_DEL_1	16	22457760	66420975	-317.0	DEL	full	1.9	5	chr16	22457760	66420975	DEL
16_28644406_61255659_DEL_1	16	28644406	61255659	-59.0	DEL	full	1.9	5	chr16	28644406	61255659	DEL
18_20728098_59768995_DEL_1	18	20728098	59768995	-1318.0	DEL	full	1.9	5	chr18	20728098	59768995	DEL
18_20729734_59764821_DEL_1	18	20729734	59764821	-39035088.0	DEL	full	1.9	5	chr18	20729734	59764821	DEL
18_20729779_59771111_DEL_1	18	20729779	59771111	-39041333.0	DEL	full	1.9	5	chr18	20729779	59771111	DEL
18_20730910_59770025_DEL_1	18	20730910	59770025	-1872.0	DEL	full	1.9	5	chr18	20730910	59770025	DEL
18_20744833_59762403_DEL_1	18	20744833	59762403	-39017571.0	DEL	full	1.9	5	chr18	20744833	59762403	DEL
18_20796367_59532053_DEL_1	18	20796367	59532053	-1867.0	DEL	full	1.9	5	chr18	20796367	59532053	DEL
18_20800413_59534407_DEL_1	18	20800413	59534407	-3736.0	DEL	full	1.9	5	chr18	20800413	59534407	DEL
2_110307300_131465957_DEL_1	2	110307300	131465957	-116.0	DEL	full	1.9	5	chr2	110307300	131465957	DEL
2_110612107_131154649_DEL_1	2	110612107	131154649	-6503.0	DEL	full	1.9	5	chr2	110612107	131154649	DEL
21_41415515_44225636_DEL_1	21	41415515	44225636	-51.0	DEL	full	1.9	5	chr21	41415515	44225636	DEL
21_41473857_44165619_DEL_1	21	41473857	44165619	-2691763.0	DEL	full	1.9	5	chr21	41473857	44165619	DEL
21_41491847_44147687_DEL_1	21	41491847	44147687	-2655841.0	DEL	full	1.9	5	chr21	41491847	44147687	DEL
22_21343506_32151136_DEL_1	22	21343506	32151136	-60.0	DEL	full	1.9	5	chr22	21343506	32151136	DEL
22_21378521_29248852_DEL_1	22	21378521	29248852	-972.0	DEL	full	1.9	5	chr22	21378521	29248852	DEL
22_29178921_32132680_DEL_1	22	29178921	32132680	-201.0	DEL	full	1.9	5	chr22	29178921	32132680	DEL
4_49293776_140904114_DEL_1	4	49293776	140904114	-14197.0	DEL	full	1.9	5	chr4	49293776	140904114	DEL
4_49306211_140903640_DEL_1	4	49306211	140903640	-91597430.0	DEL	full	1.9	5	chr4	49306211	140903640	DEL
6_26723678_143921257_DEL_1	6	26723678	143921257	-340.0	DEL	full	1.9	5	chr6	26723678	143921257	DEL
7_15341546_143846692_DEL_1	7	15341546	143846692	-4278.0	DEL	full	1.9	5	chr7	15341546	143846692	DEL
7_15518855_143819345_DUP_1	7	15518855	143819345	1886.0	DUP	full	1.9	5	chr7	15518855	143819345	DUP
7_61578445_98423735_DEL_1	7	61578445	98423735	-4962.0	DEL	full	1.9	5	chr7	61578445	98423735	DEL
8_2191469_142652751_DEL_1	8	2191469	142652751	-52927.0	DEL	full	1.9	5	chr8	2191469	142652751	DEL
9_40012047_71962097_DEL_1	9	40012047	71962097	-14555.0	DEL	full	1.9	5	chr9	40012047	71962097	DEL
9_40025351_71963003_DEL_1	9	40025351	71963003	-31937653.0	DEL	full	1.9	5	chr9	40025351	71963003	DEL
9_40270984_72000745_DEL_1	9	40270984	72000745	-64.0	DEL	full	1.9	5	chr9	40270984	72000745	DEL
9_43860302_77793231_DEL_1	9	43860302	77793231	-1276.0	DEL	full	1.9	5	chr9	43860302	77793231	DEL
9_44891320_77786222_DEL_1	9	44891320	77786222	-1190.0	DEL	full	1.9	5	chr9	44891320	77786222	DEL
9_74859099_96593145_DEL_1	9	74859099	96593145	-21734047.0	DEL	full	1.9	5	chr9	74859099	96593145	DEL
X_3210451_152719487_DEL_1	X	3210451	152719487	-340.0	DEL	full	1.9	5	chrX	3210451	152719487	DEL
Y_246676_57107140_DEL_1	Y	246676	57107140	-56860465.0	DEL	full	1.9	5	chrY	246676	57107140	DEL
22_36388875_37392216_DEL_1	22	36388875	37392216	-1021.0	DEL	full	1.45	5	chr22	36388875	37392216	DEL
22_36397179_37400900_DEL_1	22	36397179	37400900	-1362.0	DEL	full	1.45	5	chr22	36397179	37400900	DEL
22_36481964_37475362_DEL_1	22	36481964	37475362	-1361.0	DEL	full	1.45	5	chr22	36481964	37475362	DEL
22_36544125_37371640_DEL_1	22	36544125	37371640	-2897.0	DEL	full	1.45	5	chr22	36544125	37371640	DEL
22_36548508_37405397_DEL_1	22	36548508	37405397	-852.0	DEL	full	1.45	5	chr22	36548508	37405397	DEL
1_45496391_45504908_DEL_1	1	45496391	45504908	-9296.0	DEL	full	1.0	5	chr1	45496391	45504908	DEL
11_61364794_61367568_DEL_1	11	61364794	61367568	-2774.0	DEL	full	1.0	5	chr11	61364794	61367568	DEL
12_96121122_97130726_DEL_1	12	96121122	97130726	-1009605.0	DEL	full	1.0	5	chr12	96121122	97130726	DEL
12_96129238_98335931_DEL_1	12	96129238	98335931	-2206694.0	DEL	full	1.0	5	chr12	96129238	98335931	DEL
12_96140819_96890276_DEL_1	12	96140819	96890276	-1358.0	DEL	full	1.0	5	chr12	96140819	96890276	DEL
12_96220053_97268267_DEL_1	12	96220053	97268267	-1019.0	DEL	full	1.0	5	chr12	96220053	97268267	DEL
12_96469027_97561070_DEL_1	12	96469027	97561070	-682.0	DEL	full	1.0	5	chr12	96469027	97561070	DEL
22_24447048_24528703_DEL_1	22	24447048	24528703	-81623.0	DEL	full	1.0	5	chr22	24447048	24528703	DEL
22_36594446_37154353_DEL_1	22	36594446	37154353	-1364.0	DEL	full	1.0	5	chr22	36594446	37154353	DEL
22_36606722_37267771_DEL_1	22	36606722	37267771	-661050.0	DEL	full	1.0	5	chr22	36606722	37267771	DEL
22_36831618_37259015_DEL_1	22	36831618	37259015	-2730.0	DEL	full	1.0	5	chr22	36831618	37259015	DEL
22_36894023_37468367_DEL_1	22	36894023	37468367	-1363.0	DEL	full	1.0	5	chr22	36894023	37468367	DEL
22_36899155_37017839_DEL_1	22	36899155	37017839	-1364.0	DEL	full	1.0	5	chr22	36899155	37017839	DEL
3_105570026_106642021_DEL_1	3	105570026	106642021	-1188.0	DEL	full	1.0	5	chr3	105570026	106642021	DEL
3_105586809_106350920_DEL_1	3	105586809	106350920	-2889.0	DEL	full	1.0	5	chr3	105586809	106350920	DEL
5_78813977_78816048_DEL_1	5	78813977	78816048	-2072.0	DEL	full	1.0	5	chr5	78813977	78816048	DEL
6_73652263_73656111_DEL_1	6	73652263	73656111	-3797.0	DEL	full	1.0	5	chr6	73652263	73656111	DEL
7_66082502_66088306_DEL_1	7	66082502	66088306	-5812.0	DEL	full	1.0	5	chr7	66082502	66088306	DEL
9_12701293_12705766_DEL_1	9	12701293	12705766	-4475.0	DEL	full	1.0	5	chr9	12701293	12705766	DEL
9_75534527_77609395_DEL_1	9	75534527	77609395	-7504.0	DEL	full	1.0	5	chr9	75534527	77609395	DEL
9_75541790_77609510_DEL_1	9	75541790	77609510	-2067721.0	DEL	full	1.0	5	chr9	75541790	77609510	DEL
1_24344491_24345493_DEL_1	1	24344491	24345493	-51.0	DEL	full	0.9	4	chr1	24344491	24345493	DEL
1_108190703_108193181_DEL_1	1	108190703	108193181	-2478.0	DEL	full	0.9	4	chr1	108190703	108193181	DEL
1_108190708_108194629_DEL_1	1	108190708	108194629	-3921.0	DEL	full	0.9	4	chr1	108190708	108194629	DEL
1_152303605_152305244_DEL_1	1	152303605	152305244	-1640.0	DEL	full	0.9	4	chr1	152303605	152305244	DEL
1_152305542_152306991_DEL_1	1	152305542	152306991	-1458.0	DEL	full	0.9	4	chr1	152305542	152306991	DEL
1_152306073_152308017_DEL_1	1	152306073	152308017	-1945.0	DEL	full	0.9	4	chr1	152306073	152308017	DEL
1_152351502_152352324_DEL_1	1	152351502	152352324	-823.0	DEL	full	0.9	4	chr1	152351502	152352324	DEL
1_152354960_152355839_DEL_1	1	152354960	152355839	-880.0	DEL	full	0.9	4	chr1	152354960	152355839	DEL
10_18641598_18643963_DEL_1	10	18641598	18643963	-2366.0	DEL	full	0.9	4	chr10	18641598	18643963	DEL
10_133288399_133289854_DEL_1	10	133288399	133289854	-61.0	DEL	full	0.9	4	chr10	133288399	133289854	DEL
11_626918_627774_DEL_1	11	626918	627774	-55.0	DEL	full	0.9	4	chr11	626918	627774	DEL
11_640039_640135_DEL_1	11	640039	640135	-96.0	DEL	full	0.9	4	chr11	640039	640135	DEL
11_9839671_9839766_DEL_1	11	9839671	9839766	-72.0	DEL	full	0.9	4	chr11	9839671	9839766	DEL
12_96250784_96493135_DEL_1	12	96250784	96493135	-1356.0	DEL	full	0.9	4	chr12	96250784	96493135	DEL
12_96319246_96647023_DEL_1	12	96319246	96647023	-1360.0	DEL	full	0.9	4	chr12	96319246	96647023	DEL
12_96489606_96492317_DEL_1	12	96489606	96492317	-2709.0	DEL	full	0.9	4	chr12	96489606	96492317	DEL
12_96503912_97539207_DEL_1	12	96503912	97539207	-1356.0	DEL	full	0.9	4	chr12	96503912	97539207	DEL
12_96652131_96725162_DEL_1	12	96652131	96725162	-340.0	DEL	full	0.9	4	chr12	96652131	96725162	DEL
12_96692714_96780028_DEL_1	12	96692714	96780028	-1695.0	DEL	full	0.9	4	chr12	96692714	96780028	DEL
13_59858205_59914729_DEL_1	13	59858205	59914729	-56521.0	DEL	full	0.9	4	chr13	59858205	59914729	DEL
13_110646911_110647780_DEL_1	13	110646911	110647780	-62.0	DEL	full	0.9	4	chr13	110646911	110647780	DEL
14_77236249_77236982_DEL_1	14	77236249	77236982	-734.0	DEL	full	0.9	4	chr14	77236249	77236982	DEL
16_2173529_2173748_DEL_1	16	2173529	2173748	-52.0	DEL	full	0.9	4	chr16	2173529	2173748	DEL
16_29663836_29664377_DEL_1	16	29663836	29664377	-55.0	DEL	full	0.9	4	chr16	29663836	29664377	DEL
16_53954866_53958206_DEL_1	16	53954866	53958206	-3341.0	DEL	full	0.9	4	chr16	53954866	53958206	DEL
16_66770074_66770656_DEL_1	16	66770074	66770656	-72.0	DEL	full	0.9	4	chr16	66770074	66770656	DEL
16_89544669_89545660_DEL_1	16	89544669	89545660	-68.0	DEL	full	0.9	4	chr16	89544669	89545660	DEL
16_89647657_89647783_DEL_1	16	89647657	89647783	-84.0	DEL	full	0.9	4	chr16	89647657	89647783	DEL
16_89692133_89693038_DEL_1	16	89692133	89693038	-105.0	DEL	full	0.9	4	chr16	89692133	89693038	DEL
17_653212_653288_DEL_1	17	653212	653288	-61.0	DEL	full	0.9	4	chr17	653212	653288	DEL
17_4955772_4956799_DEL_1	17	4955772	4956799	-62.0	DEL	full	0.9	4	chr17	4955772	4956799	DEL
17_41753231_41756480_DEL_1	17	41753231	41756480	-3264.0	DEL	full	0.9	4	chr17	41753231	41756480	DEL
19_3590656_3590764_DEL_1	19	3590656	3590764	-109.0	DEL	full	0.9	4	chr19	3590656	3590764	DEL
19_4512587_4512983_DEL_1	19	4512587	4512983	-397.0	DEL	full	0.9	4	chr19	4512587	4512983	DEL
19_6711992_6712678_DEL_1	19	6711992	6712678	-687.0	DEL	full	0.9	4	chr19	6711992	6712678	DEL
19_50328934_50328986_DEL_1	19	50328934	50328986	-52.0	DEL	full	0.9	4	chr19	50328934	50328986	DEL
2_1834877_1835006_DEL_1	2	1834877	1835006	-130.0	DEL	full	0.9	4	chr2	1834877	1835006	DEL
2_85665781_85666498_DEL_1	2	85665781	85666498	-158.0	DEL	full	0.9	4	chr2	85665781	85666498	DEL
20_2658741_2659134_DEL_1	20	2658741	2659134	-51.0	DEL	full	0.9	4	chr20	2658741	2659134	DEL
20_34473901_34486811_DEL_1	20	34473901	34486811	-12911.0	DEL	full	0.9	4	chr20	34473901	34486811	DEL
20_62957431_62958190_DEL_1	20	62957431	62958190	-396.0	DEL	full	0.9	4	chr20	62957431	62958190	DEL
21_44532945_44534301_DEL_1	21	44532945	44534301	-54.0	DEL	full	0.9	4	chr21	44532945	44534301	DEL
22_32084637_32084733_DEL_1	22	32084637	32084733	-93.0	DEL	full	0.9	4	chr22	32084637	32084733	DEL
22_50220619_50220781_DEL_1	22	50220619	50220781	-162.0	DEL	full	0.9	4	chr22	50220619	50220781	DEL
4_1058271_1058339_DEL_1	4	1058271	1058339	-51.0	DEL	full	0.9	4	chr4	1058271	1058339	DEL
4_1364139_1364912_DEL_1	4	1364139	1364912	-95.0	DEL	full	0.9	4	chr4	1364139	1364912	DEL
4_9994276_10025784_DEL_1	4	9994276	10025784	-31527.0	DEL	full	0.9	4	chr4	9994276	10025784	DEL
5_483416_484147_DEL_1	5	483416	484147	-52.0	DEL	full	0.9	4	chr5	483416	484147	DEL
6_51870617_51872007_DEL_1	6	51870617	51872007	-1043.0	DEL	full	0.9	4	chr6	51870617	51872007	DEL
7_248376_248558_DEL_1	7	248376	248558	-183.0	DEL	full	0.9	4	chr7	248376	248558	DEL
8_10607808_10608489_DEL_1	8	10607808	10608489	-682.0	DEL	full	0.9	4	chr8	10607808	10608489	DEL
8_101671727_101678853_DEL_1	8	101671727	101678853	-7127.0	DEL	full	0.9	4	chr8	101671727	101678853	DEL
8_144398165_144398407_DEL_1	8	144398165	144398407	-112.0	DEL	full	0.9	4	chr8	144398165	144398407	DEL
9_40526517_65173809_DEL_1	9	40526517	65173809	-2267.0	DEL	full	0.9	4	chr9	40526517	65173809	DEL
X_70897042_70897700_DEL_1	X	70897042	70897700	-659.0	DEL	full	0.9	4	chrX	70897042	70897700	DEL
