chrom	pos	svtype	AnnotSV_ID	ACMG_class	side	state	class7
chr1	99320265	DEL	1_99320265_146136990_DEL_1	5	L	Quies	Quies
chr1	146136990	DEL	1_99320265_146136990_DEL_1	5	R	NA	NA
chr1	99352791	DEL	1_99352791_146109344_DEL_1	5	L	Quies	Quies
chr1	146109344	DEL	1_99352791_146109344_DEL_1	5	R	Quies	Quies
chr1	103822070	DEL	1_103822070_144813717_DEL_1	5	L	Quies	Quies
chr1	144813717	DEL	1_103822070_144813717_DEL_1	5	R	NA	NA
chr1	103993369	DEL	1_103993369_144643561_DEL_1	5	L	Quies	Quies
chr1	144643561	DEL	1_103993369_144643561_DEL_1	5	R	NA	NA
chr1	105412172	DEL	1_105412172_143281037_DEL_1	5	L	Het	Het-ZNF
chr1	143281037	DEL	1_105412172_143281037_DEL_1	5	R	NA	NA
chr1	105417121	DUP	1_105417121_143223844_DUP_1	5	L	ZNF/Rpts	Het-ZNF
chr1	143223844	DUP	1_105417121_143223844_DUP_1	5	R	NA	NA
chr1	105708711	DEL	1_105708711_143261743_DEL_1	5	L	Quies	Quies
chr1	143261743	DEL	1_105708711_143261743_DEL_1	5	R	NA	NA
chr1	105750164	DEL	1_105750164_143270138_DEL_1	5	L	Het	Het-ZNF
chr1	143270138	DEL	1_105750164_143270138_DEL_1	5	R	NA	NA
chr14	19617570	DEL	14_19617570_88011699_DEL_1	5	L	Quies	Quies
chr14	88011699	DEL	14_19617570_88011699_DEL_1	5	R	Quies	Quies
chr14	19637309	DEL	14_19637309_87994146_DEL_1	5	L	Quies	Quies
chr14	87994146	DEL	14_19637309_87994146_DEL_1	5	R	TxWk	Tx
chr14	19652391	DEL	14_19652391_87976665_DEL_1	5	L	Quies	Quies
chr14	87976665	DEL	14_19652391_87976665_DEL_1	5	R	TxWk	Tx
chr16	22457760	DEL	16_22457760_66420975_DEL_1	5	L	Quies	Quies
chr16	66420975	DEL	16_22457760_66420975_DEL_1	5	R	ReprPCWk	Repr
chr16	28644406	DEL	16_28644406_61255659_DEL_1	5	L	Quies	Quies
chr16	61255659	DEL	16_28644406_61255659_DEL_1	5	R	Het	Het-ZNF
chr18	20728098	DEL	18_20728098_59768995_DEL_1	5	L	NA	NA
chr18	59768995	DEL	18_20728098_59768995_DEL_1	5	R	ReprPCWk	Repr
chr18	20729734	DEL	18_20729734_59764821_DEL_1	5	L	NA	NA
chr18	59764821	DEL	18_20729734_59764821_DEL_1	5	R	Quies	Quies
chr18	20729779	DEL	18_20729779_59771111_DEL_1	5	L	NA	NA
chr18	59771111	DEL	18_20729779_59771111_DEL_1	5	R	ReprPCWk	Repr
chr18	20730910	DEL	18_20730910_59770025_DEL_1	5	L	NA	NA
chr18	59770025	DEL	18_20730910_59770025_DEL_1	5	R	ReprPCWk	Repr
chr18	20744833	DEL	18_20744833_59762403_DEL_1	5	L	NA	NA
chr18	59762403	DEL	18_20744833_59762403_DEL_1	5	R	Quies	Quies
chr18	20796367	DEL	18_20796367_59532053_DEL_1	5	L	NA	NA
chr18	59532053	DEL	18_20796367_59532053_DEL_1	5	R	TxWk	Tx
chr18	20800413	DEL	18_20800413_59534407_DEL_1	5	L	NA	NA
chr18	59534407	DEL	18_20800413_59534407_DEL_1	5	R	TxWk	Tx
chr2	110307300	DEL	2_110307300_131465957_DEL_1	5	L	Quies	Quies
chr2	131465957	DEL	2_110307300_131465957_DEL_1	5	R	Quies	Quies
chr2	110612107	DEL	2_110612107_131154649_DEL_1	5	L	Quies	Quies
chr2	131154649	DEL	2_110612107_131154649_DEL_1	5	R	ReprPC	Repr
chr21	41415515	DEL	21_41415515_44225636_DEL_1	5	L	Quies	Quies
chr21	44225636	DEL	21_41415515_44225636_DEL_1	5	R	TxWk	Tx
chr21	41473857	DEL	21_41473857_44165619_DEL_1	5	L	ReprPCWk	Repr
chr21	44165619	DEL	21_41473857_44165619_DEL_1	5	R	ReprPC	Repr
chr21	41491847	DEL	21_41491847_44147687_DEL_1	5	L	ReprPCWk	Repr
chr21	44147687	DEL	21_41491847_44147687_DEL_1	5	R	EnhWk	Enh
chr22	21343506	DEL	22_21343506_32151136_DEL_1	5	L	NA	NA
chr22	32151136	DEL	22_21343506_32151136_DEL_1	5	R	Quies	Quies
chr22	21378521	DEL	22_21378521_29248852_DEL_1	5	L	Quies	Quies
chr22	29248852	DEL	22_21378521_29248852_DEL_1	5	R	ReprPCWk	Repr
chr22	29178921	DEL	22_29178921_32132680_DEL_1	5	L	Quies	Quies
chr22	32132680	DEL	22_29178921_32132680_DEL_1	5	R	ReprPCWk	Repr
chr4	49293776	DEL	4_49293776_140904114_DEL_1	5	L	Het	Het-ZNF
chr4	140904114	DEL	4_49293776_140904114_DEL_1	5	R	ReprPCWk	Repr
chr4	49306211	DEL	4_49306211_140903640_DEL_1	5	L	Het	Het-ZNF
chr4	140903640	DEL	4_49306211_140903640_DEL_1	5	R	ReprPCWk	Repr
chr6	26723678	DEL	6_26723678_143921257_DEL_1	5	L	Quies	Quies
chr6	143921257	DEL	6_26723678_143921257_DEL_1	5	R	Quies	Quies
chr7	15341546	DEL	7_15341546_143846692_DEL_1	5	L	Het	Het-ZNF
chr7	143846692	DEL	7_15341546_143846692_DEL_1	5	R	Quies	Quies
chr7	15518855	DUP	7_15518855_143819345_DUP_1	5	L	Quies	Quies
chr7	143819345	DUP	7_15518855_143819345_DUP_1	5	R	Quies	Quies
chr7	61578445	DEL	7_61578445_98423735_DEL_1	5	L	NA	NA
chr7	98423735	DEL	7_61578445_98423735_DEL_1	5	R	ReprPCWk	Repr
chr8	2191469	DEL	8_2191469_142652751_DEL_1	5	L	Het	Het-ZNF
chr8	142652751	DEL	8_2191469_142652751_DEL_1	5	R	Het	Het-ZNF
chr9	40012047	DEL	9_40012047_71962097_DEL_1	5	L	NA	NA
chr9	71962097	DEL	9_40012047_71962097_DEL_1	5	R	TxWk	Tx
chr9	40025351	DEL	9_40025351_71963003_DEL_1	5	L	Quies	Quies
chr9	71963003	DEL	9_40025351_71963003_DEL_1	5	R	TxWk	Tx
chr9	40270984	DEL	9_40270984_72000745_DEL_1	5	L	Quies	Quies
chr9	72000745	DEL	9_40270984_72000745_DEL_1	5	R	Quies	Quies
chr9	43860302	DEL	9_43860302_77793231_DEL_1	5	L	Quies	Quies
chr9	77793231	DEL	9_43860302_77793231_DEL_1	5	R	TxWk	Tx
chr9	44891320	DEL	9_44891320_77786222_DEL_1	5	L	Quies	Quies
chr9	77786222	DEL	9_44891320_77786222_DEL_1	5	R	TxWk	Tx
chr9	74859099	DEL	9_74859099_96593145_DEL_1	5	L	Quies	Quies
chr9	96593145	DEL	9_74859099_96593145_DEL_1	5	R	Quies	Quies
chrX	3210451	DEL	X_3210451_152719487_DEL_1	5	L	NA	NA
chrX	152719487	DEL	X_3210451_152719487_DEL_1	5	R	NA	NA
chrY	246676	DEL	Y_246676_57107140_DEL_1	5	L	NA	NA
chrY	57107140	DEL	Y_246676_57107140_DEL_1	5	R	NA	NA
chr22	36388875	DEL	22_36388875_37392216_DEL_1	5	L	Quies	Quies
chr22	37392216	DEL	22_36388875_37392216_DEL_1	5	R	ReprPCWk	Repr
chr22	36397179	DEL	22_36397179_37400900_DEL_1	5	L	EnhA1	Enh
chr22	37400900	DEL	22_36397179_37400900_DEL_1	5	R	ReprPCWk	Repr
chr22	36481964	DEL	22_36481964_37475362_DEL_1	5	L	TssA	Prom
chr22	37475362	DEL	22_36481964_37475362_DEL_1	5	R	EnhWk	Enh
chr22	36544125	DEL	22_36544125_37371640_DEL_1	5	L	TxWk	Tx
chr22	37371640	DEL	22_36544125_37371640_DEL_1	5	R	ReprPCWk	Repr
chr22	36548508	DEL	22_36548508_37405397_DEL_1	5	L	TxWk	Tx
chr22	37405397	DEL	22_36548508_37405397_DEL_1	5	R	ReprPCWk	Repr
chr1	45496391	DEL	1_45496391_45504908_DEL_1	5	L	EnhWk	Enh
chr1	45504908	DEL	1_45496391_45504908_DEL_1	5	R	TxWk	Tx
chr11	61364794	DEL	11_61364794_61367568_DEL_1	5	L	Tx	Tx
chr11	61367568	DEL	11_61364794_61367568_DEL_1	5	R	Tx	Tx
chr12	96121122	DEL	12_96121122_97130726_DEL_1	5	L	EnhWk	Enh
chr12	97130726	DEL	12_96121122_97130726_DEL_1	5	R	Quies	Quies
chr12	96129238	DEL	12_96129238_98335931_DEL_1	5	L	ReprPCWk	Repr
chr12	98335931	DEL	12_96129238_98335931_DEL_1	5	R	Quies	Quies
chr12	96140819	DEL	12_96140819_96890276_DEL_1	5	L	Quies	Quies
chr12	96890276	DEL	12_96140819_96890276_DEL_1	5	R	Quies	Quies
chr12	96220053	DEL	12_96220053_97268267_DEL_1	5	L	EnhWk	Enh
chr12	97268267	DEL	12_96220053_97268267_DEL_1	5	R	Quies	Quies
chr12	96469027	DEL	12_96469027_97561070_DEL_1	5	L	Quies	Quies
chr12	97561070	DEL	12_96469027_97561070_DEL_1	5	R	Quies	Quies
chr22	24447048	DEL	22_24447048_24528703_DEL_1	5	L	TxWk	Tx
chr22	24528703	DEL	22_24447048_24528703_DEL_1	5	R	TxWk	Tx
chr22	36594446	DEL	22_36594446_37154353_DEL_1	5	L	ReprPCWk	Repr
chr22	37154353	DEL	22_36594446_37154353_DEL_1	5	R	TxWk	Tx
chr22	36606722	DEL	22_36606722_37267771_DEL_1	5	L	ReprPCWk	Repr
chr22	37267771	DEL	22_36606722_37267771_DEL_1	5	R	EnhWk	Enh
chr22	36831618	DEL	22_36831618_37259015_DEL_1	5	L	ReprPCWk	Repr
chr22	37259015	DEL	22_36831618_37259015_DEL_1	5	R	ReprPCWk	Repr
chr22	36894023	DEL	22_36894023_37468367_DEL_1	5	L	EnhA2	Enh
chr22	37468367	DEL	22_36894023_37468367_DEL_1	5	R	ReprPCWk	Repr
chr22	36899155	DEL	22_36899155_37017839_DEL_1	5	L	Het	Het-ZNF
chr22	37017839	DEL	22_36899155_37017839_DEL_1	5	R	EnhG1	Enh
chr3	105570026	DEL	3_105570026_106642021_DEL_1	5	L	Quies	Quies
chr3	106642021	DEL	3_105570026_106642021_DEL_1	5	R	Quies	Quies
chr3	105586809	DEL	3_105586809_106350920_DEL_1	5	L	Quies	Quies
chr3	106350920	DEL	3_105586809_106350920_DEL_1	5	R	Quies	Quies
chr5	78813977	DEL	5_78813977_78816048_DEL_1	5	L	TxWk	Tx
chr5	78816048	DEL	5_78813977_78816048_DEL_1	5	R	TxWk	Tx
chr6	73652263	DEL	6_73652263_73656111_DEL_1	5	L	TxWk	Tx
chr6	73656111	DEL	6_73652263_73656111_DEL_1	5	R	EnhWk	Enh
chr7	66082502	DEL	7_66082502_66088306_DEL_1	5	L	TxWk	Tx
chr7	66088306	DEL	7_66082502_66088306_DEL_1	5	R	TxWk	Tx
chr9	12701293	DEL	9_12701293_12705766_DEL_1	5	L	Quies	Quies
chr9	12705766	DEL	9_12701293_12705766_DEL_1	5	R	Quies	Quies
chr9	75534527	DEL	9_75534527_77609395_DEL_1	5	L	Quies	Quies
chr9	77609395	DEL	9_75534527_77609395_DEL_1	5	R	Quies	Quies
chr9	75541790	DEL	9_75541790_77609510_DEL_1	5	L	Quies	Quies
chr9	77609510	DEL	9_75541790_77609510_DEL_1	5	R	Quies	Quies
chr1	24344491	DEL	1_24344491_24345493_DEL_1	4	L	ReprPCWk	Repr
chr1	24345493	DEL	1_24344491_24345493_DEL_1	4	R	ReprPCWk	Repr
chr1	108190703	DEL	1_108190703_108193181_DEL_1	4	L	TxWk	Tx
chr1	108193181	DEL	1_108190703_108193181_DEL_1	4	R	TxWk	Tx
chr1	108190708	DEL	1_108190708_108194629_DEL_1	4	L	TxWk	Tx
chr1	108194629	DEL	1_108190708_108194629_DEL_1	4	R	Tx	Tx
chr1	152303605	DEL	1_152303605_152305244_DEL_1	4	L	Quies	Quies
chr1	152305244	DEL	1_152303605_152305244_DEL_1	4	R	Quies	Quies
chr1	152305542	DEL	1_152305542_152306991_DEL_1	4	L	Quies	Quies
chr1	152306991	DEL	1_152305542_152306991_DEL_1	4	R	Quies	Quies
chr1	152306073	DEL	1_152306073_152308017_DEL_1	4	L	Quies	Quies
chr1	152308017	DEL	1_152306073_152308017_DEL_1	4	R	Het	Het-ZNF
chr1	152351502	DEL	1_152351502_152352324_DEL_1	4	L	Quies	Quies
chr1	152352324	DEL	1_152351502_152352324_DEL_1	4	R	Quies	Quies
chr1	152354960	DEL	1_152354960_152355839_DEL_1	4	L	Quies	Quies
chr1	152355839	DEL	1_152354960_152355839_DEL_1	4	R	Quies	Quies
chr10	18641598	DEL	10_18641598_18643963_DEL_1	4	L	TxWk	Tx
chr10	18643963	DEL	10_18641598_18643963_DEL_1	4	R	TxWk	Tx
chr10	133288399	DEL	10_133288399_133289854_DEL_1	4	L	Tx	Tx
chr10	133289854	DEL	10_133288399_133289854_DEL_1	4	R	Tx	Tx
chr11	626918	DEL	11_626918_627774_DEL_1	4	L	TxWk	Tx
chr11	627774	DEL	11_626918_627774_DEL_1	4	R	TxWk	Tx
chr11	640039	DEL	11_640039_640135_DEL_1	4	L	TxWk	Tx
chr11	640135	DEL	11_640039_640135_DEL_1	4	R	TxWk	Tx
chr11	9839671	DEL	11_9839671_9839766_DEL_1	4	L	EnhG1	Enh
chr11	9839766	DEL	11_9839671_9839766_DEL_1	4	R	EnhG1	Enh
chr12	96250784	DEL	12_96250784_96493135_DEL_1	4	L	TxWk	Tx
chr12	96493135	DEL	12_96250784_96493135_DEL_1	4	R	TxWk	Tx
chr12	96319246	DEL	12_96319246_96647023_DEL_1	4	L	TxWk	Tx
chr12	96647023	DEL	12_96319246_96647023_DEL_1	4	R	Quies	Quies
chr12	96489606	DEL	12_96489606_96492317_DEL_1	4	L	TssFlnkD	Prom
chr12	96492317	DEL	12_96489606_96492317_DEL_1	4	R	TxWk	Tx
chr12	96503912	DEL	12_96503912_97539207_DEL_1	4	L	Quies	Quies
chr12	97539207	DEL	12_96503912_97539207_DEL_1	4	R	Quies	Quies
chr12	96652131	DEL	12_96652131_96725162_DEL_1	4	L	Quies	Quies
chr12	96725162	DEL	12_96652131_96725162_DEL_1	4	R	Quies	Quies
chr12	96692714	DEL	12_96692714_96780028_DEL_1	4	L	Quies	Quies
chr12	96780028	DEL	12_96692714_96780028_DEL_1	4	R	Quies	Quies
chr13	59858205	DEL	13_59858205_59914729_DEL_1	4	L	Quies	Quies
chr13	59914729	DEL	13_59858205_59914729_DEL_1	4	R	Quies	Quies
chr13	110646911	DEL	13_110646911_110647780_DEL_1	4	L	Tx	Tx
chr13	110647780	DEL	13_110646911_110647780_DEL_1	4	R	TxWk	Tx
chr14	77236249	DEL	14_77236249_77236982_DEL_1	4	L	ReprPCWk	Repr
chr14	77236982	DEL	14_77236249_77236982_DEL_1	4	R	ReprPCWk	Repr
chr16	2173529	DEL	16_2173529_2173748_DEL_1	4	L	Tx	Tx
chr16	2173748	DEL	16_2173529_2173748_DEL_1	4	R	Tx	Tx
chr16	29663836	DEL	16_29663836_29664377_DEL_1	4	L	TxWk	Tx
chr16	29664377	DEL	16_29663836_29664377_DEL_1	4	R	TxWk	Tx
chr16	53954866	DEL	16_53954866_53958206_DEL_1	4	L	Quies	Quies
chr16	53958206	DEL	16_53954866_53958206_DEL_1	4	R	Quies	Quies
chr16	66770074	DEL	16_66770074_66770656_DEL_1	4	L	Quies	Quies
chr16	66770656	DEL	16_66770074_66770656_DEL_1	4	R	Quies	Quies
chr16	89544669	DEL	16_89544669_89545660_DEL_1	4	L	Tx	Tx
chr16	89545660	DEL	16_89544669_89545660_DEL_1	4	R	Tx	Tx
chr16	89647657	DEL	16_89647657_89647783_DEL_1	4	L	Tx	Tx
chr16	89647783	DEL	16_89647657_89647783_DEL_1	4	R	Tx	Tx
chr16	89692133	DEL	16_89692133_89693038_DEL_1	4	L	EnhG1	Enh
chr16	89693038	DEL	16_89692133_89693038_DEL_1	4	R	Tx	Tx
chr17	653212	DEL	17_653212_653288_DEL_1	4	L	Tx	Tx
chr17	653288	DEL	17_653212_653288_DEL_1	4	R	Tx	Tx
chr17	4955772	DEL	17_4955772_4956799_DEL_1	4	L	TxWk	Tx
chr17	4956799	DEL	17_4955772_4956799_DEL_1	4	R	Tx	Tx
chr17	41753231	DEL	17_41753231_41756480_DEL_1	4	L	Tx	Tx
chr17	41756480	DEL	17_41753231_41756480_DEL_1	4	R	Tx	Tx
chr19	3590656	DEL	19_3590656_3590764_DEL_1	4	L	ReprPC	Repr
chr19	3590764	DEL	19_3590656_3590764_DEL_1	4	R	ReprPC	Repr
chr19	4512587	DEL	19_4512587_4512983_DEL_1	4	L	ReprPCWk	Repr
chr19	4512983	DEL	19_4512587_4512983_DEL_1	4	R	ReprPCWk	Repr
chr19	6711992	DEL	19_6711992_6712678_DEL_1	4	L	ReprPCWk	Repr
chr19	6712678	DEL	19_6711992_6712678_DEL_1	4	R	ReprPCWk	Repr
chr19	50328934	DEL	19_50328934_50328986_DEL_1	4	L	ReprPC	Repr
chr19	50328986	DEL	19_50328934_50328986_DEL_1	4	R	ReprPC	Repr
chr2	1834877	DEL	2_1834877_1835006_DEL_1	4	L	ReprPCWk	Repr
chr2	1835006	DEL	2_1834877_1835006_DEL_1	4	R	ReprPCWk	Repr
chr2	85665781	DEL	2_85665781_85666498_DEL_1	4	L	TxWk	Tx
chr2	85666498	DEL	2_85665781_85666498_DEL_1	4	R	TxWk	Tx
chr20	2658741	DEL	20_2658741_2659134_DEL_1	4	L	Tx	Tx
chr20	2659134	DEL	20_2658741_2659134_DEL_1	4	R	Tx	Tx
chr20	34473901	DEL	20_34473901_34486811_DEL_1	4	L	TxWk	Tx
chr20	34486811	DEL	20_34473901_34486811_DEL_1	4	R	Tx	Tx
chr20	62957431	DEL	20_62957431_62958190_DEL_1	4	L	EnhG1	Enh
chr20	62958190	DEL	20_62957431_62958190_DEL_1	4	R	Tx	Tx
chr21	44532945	DEL	21_44532945_44534301_DEL_1	4	L	ReprPCWk	Repr
chr21	44534301	DEL	21_44532945_44534301_DEL_1	4	R	ReprPCWk	Repr
chr22	32084637	DEL	22_32084637_32084733_DEL_1	4	L	ReprPCWk	Repr
chr22	32084733	DEL	22_32084637_32084733_DEL_1	4	R	ReprPCWk	Repr
chr22	50220619	DEL	22_50220619_50220781_DEL_1	4	L	Tx	Tx
chr22	50220781	DEL	22_50220619_50220781_DEL_1	4	R	Tx	Tx
chr4	1058271	DEL	4_1058271_1058339_DEL_1	4	L	ReprPC	Repr
chr4	1058339	DEL	4_1058271_1058339_DEL_1	4	R	ReprPC	Repr
chr4	1364139	DEL	4_1364139_1364912_DEL_1	4	L	TxWk	Tx
chr4	1364912	DEL	4_1364139_1364912_DEL_1	4	R	TxWk	Tx
chr4	9994276	DEL	4_9994276_10025784_DEL_1	4	L	Quies	Quies
chr4	10025784	DEL	4_9994276_10025784_DEL_1	4	R	TxWk	Tx
chr5	483416	DEL	5_483416_484147_DEL_1	4	L	ReprPC	Repr
chr5	484147	DEL	5_483416_484147_DEL_1	4	R	ReprPC	Repr
chr6	51870617	DEL	6_51870617_51872007_DEL_1	4	L	Quies	Quies
chr6	51872007	DEL	6_51870617_51872007_DEL_1	4	R	Quies	Quies
chr7	248376	DEL	7_248376_248558_DEL_1	4	L	ReprPC	Repr
chr7	248558	DEL	7_248376_248558_DEL_1	4	R	ReprPC	Repr
chr8	10607808	DEL	8_10607808_10608489_DEL_1	4	L	ReprPCWk	Repr
chr8	10608489	DEL	8_10607808_10608489_DEL_1	4	R	ReprPCWk	Repr
chr8	101671727	DEL	8_101671727_101678853_DEL_1	4	L	ZNF/Rpts	Het-ZNF
chr8	101678853	DEL	8_101671727_101678853_DEL_1	4	R	Quies	Quies
chr8	144398165	DEL	8_144398165_144398407_DEL_1	4	L	Tx	Tx
chr8	144398407	DEL	8_144398165_144398407_DEL_1	4	R	NA	NA
chr9	40526517	DEL	9_40526517_65173809_DEL_1	4	L	NA	NA
chr9	65173809	DEL	9_40526517_65173809_DEL_1	4	R	NA	NA
chrX	70897042	DEL	X_70897042_70897700_DEL_1	4	L	NA	NA
chrX	70897700	DEL	X_70897042_70897700_DEL_1	4	R	NA	NA
