gene	chrom	pos	consequence	exon	protein	variant	abnormal	normal	control
TP53BP1	chr15	43407993	missense	exon27	p.T1897S	chr15:43407993:G>C	0	2	1
TP53BP1	chr15	43413269	missense	exon24	p.A1717S	chr15:43413269:C>A	1	0	1
TP53BP1	chr15	43413281	missense	exon24	p.G1713S	chr15:43413281:C>T	1	0	0
TP53BP1	chr15	43413315	missense	exon24	p.E1701D	chr15:43413315:C>A	0	1	0
TP53BP1	chr15	43422000	missense	exon19	p.R1319C	chr15:43422000:G>A	0	1	0
TP53BP1	chr15	43432207	missense	exon17	p.S1221L	chr15:43432207:G>A	0	1	0
TP53BP1	chr15	43432334	missense	exon17	p.I1179V	chr15:43432334:T>C	5	21	4
TP53BP1	chr15	43432414	missense	exon17	p.P1152L	chr15:43432414:G>A	1	0	0
TP53BP1	chr15	43432426	missense	exon17	p.L1148S	chr15:43432426:A>G	0	1	0
TP53BP1	chr15	43446426	missense	exon14	p.T1001A	chr15:43446426:T>C	0	1	0
TP53BP1	chr15	43446466	missense	exon14	p.D987E	chr15:43446466:A>T	1	0	0
TP53BP1	chr15	43456720	missense	exon12	p.S630G	chr15:43456720:T>C	0	1	0
TP53BP1	chr15	43457038	missense	exon12	p.T524A	chr15:43457038:T>C	0	5	0
TP53BP1	chr15	43475598	missense	exon9	p.G351A	chr15:43475598:C>G	0	1	0
TP53BP1	chr15	43479505	missense	exon7	p.S227F	chr15:43479505:G>A	1	0	0
TP53BP1	chr15	43492361	missense	exon2	p.D39N	chr15:43492361:C>T	0	0	1
TP53BP1	chr15	43492411	missense	exon2	p.T22S	chr15:43492411:G>C	0	1	0
HINFP	chr11	119121643	splicing			chr11:119121643:A>T	1	0	0
HINFP	chr11	119131962	missense	exon4	p.R13H	chr11:119131962:G>A	1	0	0
HINFP	chr11	119134059	missense	exon10	p.A393P	chr11:119134059:G>C	1	0	0
HUWE1	chrX	53548042	missense	exon68	p.P3423S	chrX:53548042:G>A	0	1	0
HUWE1	chrX	53549161	missense	exon67	p.K3278R	chrX:53549161:T>C	2	2	0
HUWE1	chrX	53559025	missense	exon58	p.W2651R	chrX:53559025:A>G	0	1	0
HUWE1	chrX	53564686	missense	exon51	p.H2306R	chrX:53564686:T>C	1	0	0
HUWE1	chrX	53600183	missense	exon29	p.K1033R	chrX:53600183:T>C	0	1	0
HUWE1	chrX	53614576	missense	exon23	p.S740N	chrX:53614576:C>T	0	2	0
UBR5	chr8	102266990	missense	exon52	p.S2460T	chr8:102266990:C>G	0	1	0
UBR5	chr8	102277132	missense	exon45	p.R2117W	chr8:102277132:G>A	0	1	0
UBR5	chr8	102281311	missense	exon41	p.T1969S	chr8:102281311:T>A	0	1	0
UBR5	chr8	102285131	missense	exon40	p.R1898G	chr8:102285131:T>C	0	1	0
UBR5	chr8	102286519	missense	exon38	p.Q1686E	chr8:102286519:G>C	0	1	0
UBR5	chr8	102293783	missense	exon34	p.A1471T	chr8:102293783:C>T	0	1	0
UBR5	chr8	102298439	missense	exon26	p.Y1126S	chr8:102298439:T>G	1	0	0
UBR5	chr8	102300011	missense	exon23	p.A1032V	chr8:102300011:G>A	0	1	0
UBR5	chr8	102311731	splicing			chr8:102311731:C>T	1	0	0
UBR5	chr8	102313835	missense	exon16	p.V659A	chr8:102313835:A>G	1	0	0
NASP	chr1	45607711	missense	exon4	p.I203T	chr1:45607711:T>C	1	0	0
NASP	chr1	45607845	missense	exon4	p.D248N	chr1:45607845:G>A	3	4	1
NASP	chr1	45613240	missense	exon5	p.E436K	chr1:45613240:G>A	1	0	0
NASP	chr1	45617488	missense	exon12	p.R664Q	chr1:45617488:G>A	0	2	1
ATAD2B	chr2	23757579	missense	exon25	p.Q1301R	chr2:23757579:T>C	0	1	0
ATAD2B	chr2	23757715	missense	exon25	p.T1256A	chr2:23757715:T>C	1	0	1
ATAD2B	chr2	23757889	missense	exon25	p.M1198V	chr2:23757889:T>C	0	1	0
ATAD2B	chr2	23757978	missense	exon25	p.T1168M	chr2:23757978:G>A	1	0	0
ATAD2B	chr2	23765589	missense	exon23	p.T1053S	chr2:23765589:G>C	0	1	0
ATAD2B	chr2	23863404	missense	exon12	p.Q486E	chr2:23863404:G>C	1	0	0
ATAD2B	chr2	23875833	missense	exon8	p.I325V	chr2:23875833:T>C	1	0	0
