Sample_ID	Group1	Group2	Gender	Age	Gravida	Loss	Para	Gestational_Week(w)	Group3	CRL(mm)	Complications	Group4
107	case	SPL	F	23	1	1	0	9	9	24	No	abnormal
108	case	SPL	F	25	1	1	0	8+6	8	19	No	non-abnormal
112	case	SPL	F	27	1	1	0	12	12	55	No	non-abnormal
114	case	SPL	F	26	1	1	0	8+1	8	17	No	non-abnormal
123	case	SPL	F	25	1	1	0	8+3	8	17	No	non-abnormal
133	case	SPL	F	27	1	1	0	8+2	8	15	No	non-abnormal
155	case	SPL	F	30	2	1	1	8	8	14	No	non-abnormal
170	case	SPL	F	33	1	1	0	8+4	8	18	No	non-abnormal
182	case	SPL	F	27	1	1	0	8	8	16	No	non-abnormal
193	case	SPL	F	28	2	1	1	8	8	14	No	non-abnormal
200	case	SPL	F	28	1	1	0	8	8	15	No	abnormal
222	case	SPL	F	32	2	1	1	8+4	8	22	No	non-abnormal
223	case	SPL	F	29	1	1	0	9	9	26	No	non-abnormal
224	case	SPL	F	25	2	1	1	12	12	58	No	non-abnormal
225	case	SPL	F	30	1	1	0	12	12	51	No	non-abnormal
237	case	SPL	F	32	1	1	0	9+5	9	29	No	non-abnormal
238	case	SPL	F	32	2	1	1	8	8	15	No	abnormal
249	case	SPL	F	35	1	1	0	8+4	8	18	No	non-abnormal
250	case	SPL	F	31	2	1	1	8+1	8	15	No	non-abnormal
258	case	SPL	F	28	3	1	2	8+1	8	16	No	non-abnormal
275	case	SPL	F	29	1	1	0	6+5	6	7	No	non-abnormal
277	case	SPL	F	29	2	1	1	12	12	56	No	non-abnormal
278	case	SPL	F	32	1	1	0	11+5	11	50	No	non-abnormal
281	case	SPL	F	28	2	1	1	8+2	8	16	No	non-abnormal
287	case	SPL	F	24	1	1	0	11+2	11	49	No	non-abnormal
292	case	SPL	F	36	2	1	1	8+5	8	20	No	non-abnormal
303	case	SPL	F	28	1	1	0	11	11	41	No	non-abnormal
304	case	SPL	F	28	2	1	1	8+3	8	20	No	non-abnormal
305	case	SPL	F	25	1	1	0	8+1	8	16	No	non-abnormal
307	case	SPL	F	37	3	1	2	11+2	11	46	No	non-abnormal
313	case	SPL	F	31	2	1	1	8+6	8	22	No	non-abnormal
315	case	SPL	F	33	1	1	0	8+2	8	17	No	non-abnormal
316	case	SPL	F	30	2	1	1	8	8	17	No	non-abnormal
325	case	SPL	F	26	1	1	0	8	8	17	No	non-abnormal
326	case	SPL	F	35	1	1	0	8	8	19	No	non-abnormal
328	case	SPL	F	30	2	1	1	8+6	8	24	No	non-abnormal
332	case	SPL	F	24	1	1	0	12	12	56	No	non-abnormal
337	case	SPL	F	27	1	1	0	8+1	8	18	No	non-abnormal
349	case	SPL	F	29	2	1	1	8+2	8	18	No	non-abnormal
352	case	SPL	F	33	3	1	2	9	9	24	No	non-abnormal
354	case	SPL	F	28	3	1	2	9+2	9	29	No	non-abnormal
355	case	SPL	F	31	2	1	1	8+1	8	15	No	abnormal
356	case	SPL	F	21	2	1	1	8	8	16	No	abnormal
357	case	SPL	F	27	3	1	2	10	10	28	No	non-abnormal
369	case	SPL	F	30	2	1	1	8	8	19	No	non-abnormal
379	case	SPL	F	30	2	1	1	8	8	15	No	non-abnormal
388	case	SPL	F	27	3	1	2	8+4	8	22	No	non-abnormal
389	case	SPL	F	38	2	1	1	7+6	7	15	No	non-abnormal
393	case	SPL	F	29	2	1	1	8+2	8	18	No	non-abnormal
A0281	case	SPL	F	30	2	1	1	12	12	53	No	non-abnormal
A0301	case	SPL	F	28	2	1	1	10+4	10	37	No	abnormal
A0303	case	SPL	F	36	1	1	0	9+1	9	21	No	non-abnormal
A0313	case	SPL	F	28	1	1	0	10+5	10	39	No	non-abnormal
A0319	case	SPL	F	29	2	1	1	8	8	16	No	non-abnormal
A0335	case	SPL	F	30	2	1	1	8+1	8	16	No	abnormal
A0340	case	SPL	F	28	1	1	0	8+1	8	18	No	non-abnormal
A0342	case	SPL	F	36	2	1	1	8	8	16	No	non-abnormal
A0344	case	SPL	F	30	2	1	1	8	8	16	No	non-abnormal
A0346	case	SPL	F	30	2	1	1	11+1	11	43	No	non-abnormal
A0349	case	SPL	F	38	3	1	2	8	8	14	No	non-abnormal
A0355	case	SPL	F	30	2	1	1	8	8	15	No	abnormal
A0356	case	SPL	F	25	1	1	0	8	8	14	No	non-abnormal
A0358	case	SPL	F	30	2	1	1	8	8	12	No	abnormal
A0365	case	SPL	F	29	2	1	1	8	8	16	No	non-abnormal
A0367	case	SPL	F	29	1	1	0	10	10	33	No	non-abnormal
A0379	case	SPL	F	27	1	1	0	10	10	31	No	non-abnormal
A0388	case	SPL	F	24	2	1	1	8	8	17	No	non-abnormal
A0397	case	SPL	F	30	2	1	1	8+1	8	17	No	non-abnormal
A0399	case	SPL	F	31	1	1	0	8+3	8	18	No	non-abnormal
A0403	case	SPL	F	30	2	1	1	8+1	8	17	No	non-abnormal
A0407	case	SPL	F	31	1	1	0	12	12	55	No	non-abnormal
A0412	case	SPL	F	22	1	1	0	8+1	8	18	No	non-abnormal
A0414	case	SPL	F	27	2	1	1	8	8	13	No	non-abnormal
A0416	case	SPL	F	32	2	1	1	8+3	8	19	No	non-abnormal
A0418	case	SPL	F	25	1	1	0	8	8	17	No	non-abnormal
A0423	case	SPL	F	27	3	1	2	10+4	10	41	No	abnormal
A0431	case	SPL	F	25	2	1	1	9+3	9	27	No	non-abnormal
A0439	case	SPL	F	36	2	1	1	8+3	8	17	No	non-abnormal
A0441	case	SPL	F	25	1	1	0	8+4	8	20	No	non-abnormal
A0442	case	SPL	F	31	1	1	0	12	12	50	No	non-abnormal
A0471	case	SPL	F	28	1	1	0	10+2	10	33	No	non-abnormal
A0486	case	SPL	F	36	2	1	1	11+5	11	50	No	non-abnormal
A0488	case	SPL	F	33	2	1	1	8+6	8	24	No	non-abnormal
A0526	case	SPL	F	36	1	1	0	11+2	11	47	No	non-abnormal
A0529	case	SPL	F	32	1	1	0	10+5	10	42	No	non-abnormal
A0536	case	SPL	F	28	1	1	0	9+3	9	27	No	non-abnormal
A0539	case	SPL	F	26	2	1	1	9+5	9	25	No	non-abnormal
A0568	case	SPL	F	32	2	1	1	8	8	17	No	non-abnormal
A0570	case	SPL	F	34	3	1	2	10+3	10	33	No	non-abnormal
A0578	case	SPL	F	34	3	1	2	8	8	13	No	non-abnormal
A0581	case	SPL	F	29	2	1	1	12	12	57	No	non-abnormal
A0584	case	SPL	F	37	1	1	0	8+1	8	17	No	non-abnormal
A0588	case	SPL	F	29	2	1	1	8	8	16	No	abnormal
A0590	case	SPL	F	29	2	1	1	8+5	8	20	No	non-abnormal
A0594	case	SPL	F	30	2	1	1	8+6	8	24	No	non-abnormal
A0595	case	SPL	F	32	2	1	1	8+1	8	18	No	non-abnormal
A0601	case	SPL	F	32	3	1	2	8	8	15	No	non-abnormal
A0603	case	SPL	F	28	2	1	1	9	9	23	No	non-abnormal
A0618	case	SPL	F	29	2	1	1	12	12	55	No	non-abnormal
A0626	case	SPL	F	28	2	1	1	8	8	16	No	non-abnormal
A0653	case	SPL	F	22	1	1	0	9+1	9	27	No	non-abnormal
A0661	case	SPL	F	29	2	1	1	10	10	30	No	non-abnormal
A0663	case	SPL	F	28	2	1	1	12	12	59	No	non-abnormal
A0673	case	SPL	F	38	1	1	0	12	12	53	No	non-abnormal
A0682	case	SPL	F	30	2	1	1	8	8	12	No	non-abnormal
A0698	case	SPL	F	34	2	1	1	9+1	9	23	No	non-abnormal
A0707	case	SPL	F	34	2	1	1	11+6	11	53	No	non-abnormal
A0713	case	SPL	F	28	2	1	1	10+3	10	36	No	abnormal
A0714	case	SPL	F	38	2	1	1	8+2	8	18	No	non-abnormal
A0722	case	SPL	F	25	1	1	0	10+1	10	35	No	non-abnormal
A0729	case	SPL	F	30	1	1	0	8+4	8	18	No	non-abnormal
A0740	case	SPL	F	30	1	1	0	12	12	58	No	non-abnormal
A0742	case	SPL	F	30	2	1	1	7+3	7	11	No	non-abnormal
A0749	case	SPL	F	28	2	1	1	8+4	8	19	No	non-abnormal
A0751	case	SPL	F	28	2	1	1	8+5	8	22	No	non-abnormal
A0764	case	SPL	F	30	2	1	1	10+1	10	31	No	non-abnormal
A0805	case	SPL	F	36	2	1	1	8+3	8	19	No	non-abnormal
A0811	case	SPL	F	29	2	1	1	9+2	9	24	No	non-abnormal
A0813	case	SPL	F	30	1	1	0	8+6	8	23	No	non-abnormal
A0822	case	SPL	F	28	1	1	0	8+2	8	19	No	abnormal
A0827	case	SPL	F	33	2	1	1	8+3	8	21	No	non-abnormal
A0829	case	SPL	F	30	2	1	1	8+1	8	18	No	abnormal
A0831	case	SPL	F	31	2	1	1	8+3	8	18	No	non-abnormal
A0846	case	SPL	F	30	2	1	1	9+2	9	27	No	non-abnormal
A0848	case	SPL	F	31	2	1	1	8+4	8	20	No	non-abnormal
A0857	case	SPL	F	28	2	1	1	10+5	10	39	No	non-abnormal
A0883	case	SPL	F	29	2	1	1	8+2	8	19	No	non-abnormal
A0888	case	SPL	F	33	1	1	0	8+5	8	19	No	non-abnormal
A0902	case	SPL	F	29	2	1	1	9+3	9	29	No	non-abnormal
A0906	case	SPL	F	30	2	1	1	8+4	8	19	No	abnormal
A0931	case	SPL	F	30	2	1	1	8+2	8	14	No	abnormal
A0948	case	SPL	F	30	2	1	1	8+1	8	16	No	non-abnormal
A0969	case	SPL	F	29	2	1	1	8+3	8	20	No	abnormal
A0989	case	SPL	F	27	2	1	1	8+6	8	24	No	non-abnormal
A0993	case	SPL	F	28	1	1	0	12	12	52	No	non-abnormal
A0996	case	SPL	F	27	1	1	0	8+5	8	21	No	non-abnormal
A1005	case	SPL	F	32	3	1	2	10+2	10	35	No	non-abnormal
A1010	case	SPL	F	25	1	1	0	8+5	8	22	No	abnormal
A1043	case	SPL	F	32	2	1	1	8+3	8	20	No	non-abnormal
A1046	case	SPL	F	29	2	1	1	8+1	8	17	No	non-abnormal
A1049	case	SPL	F	26	2	1	1	8+1	8	15	No	non-abnormal
A1055	case	SPL	F	30	2	1	1	8+2	8	16	No	abnormal
A1057	case	SPL	F	34	1	1	0	8+2	8	19	No	non-abnormal
A1060	case	SPL	F	30	2	1	1	8+1	8	15	No	non-abnormal
A1066	case	SPL	F	27	1	1	0	10+1	10	37	No	abnormal
A1085	case	SPL	F	28	2	1	1	8+2	8	18	No	non-abnormal
A1086	case	SPL	F	36	2	1	1	10+1	10	34	No	non-abnormal
A1092	case	SPL	F	30	2	1	1	8	8	18	No	abnormal
A1105	case	SPL	F	30	1	1	0	11+1	11	45	No	non-abnormal
A1117	case	SPL	F	27	2	1	1	9+1	9	21	No	non-abnormal
A1132	case	SPL	F	27	2	1	1	8+2	8	16	No	non-abnormal
A1141	case	SPL	F	30	2	1	1	8	8	16	No	non-abnormal
A1153	case	SPL	F	28	2	1	1	9+3	9	26	No	non-abnormal
A1155	case	SPL	F	28	1	1	0	8+4	8	23	No	non-abnormal
CS201631	case	SPL	F	26	1	1	0	8+3	8	18	No	non-abnormal
CS203024	case	SPL	F	27	1	1	0	8+4	8	22	No	non-abnormal
CS203410	case	SPL	F	27	1	1	0	11	11	40	No	non-abnormal
CS203692	case	SPL	F	31	1	1	0	8+1	8	17	No	abnormal
CS203996	case	SPL	F	26	1	1	0	12	12	51	No	non-abnormal
CS210256	case	SPL	F	27	1	1	0	9	9	23	No	non-abnormal
CS210469	case	SPL	F	29	1	1	0	11	11	38	No	non-abnormal
CS210650	case	SPL	F	30	1	1	0	9+1	9	22	No	non-abnormal
CS210737	case	SPL	F	31	1	1	0	10+6	10	41	No	non-abnormal
CS210816	case	SPL	F	35	2	1	1	8	8	15	No	non-abnormal
CS211104	case	SPL	F	28	1	1	0	12	12	55	No	non-abnormal
CS211113	case	SPL	F	28	1	1	0	9+5	9	28	No	non-abnormal
CS212307	case	SPL	F	30	1	1	0	8+5	8	23	No	non-abnormal
CS212319	case	SPL	F	29	1	1	0	9	9	22	No	non-abnormal
CS212336	case	SPL	F	36	2	1	1	11	11	38	No	non-abnormal
CS212566	case	SPL	F	32	1	1	0	8	8	15	No	non-abnormal
CS213294	case	SPL	F	30	1	1	0	9+2	9	25	No	non-abnormal
CS213662	case	SPL	F	27	1	1	0	10	10	32	No	non-abnormal
CS213684	case	SPL	F	28	1	1	0	9	9	25	No	non-abnormal
CS213927	case	SPL	F	32	1	1	0	10+4	10	38	No	non-abnormal
CS220250	case	SPL	F	31	1	1	0	8	8	14	No	non-abnormal
CS220259	case	SPL	F	33	1	1	0	8+4	8	20	No	non-abnormal
CS220498	case	SPL	F	35	1	1	0	8+3	8	21	No	non-abnormal
CS221046	case	SPL	F	30	1	1	0	8+6	8	26	No	non-abnormal
CS221161	case	SPL	F	31	1	1	0	9+2	9	25	No	non-abnormal
N21004	case	SPL	F	37	2	1	1	9	9	22	No	non-abnormal
N21005	case	SPL	F	37	1	1	0	8	8	15	No	non-abnormal
N22031	case	SPL	F	23	1	1	0	8+4	8	20	No	non-abnormal
N22083	case	SPL	F	36	2	1	1	8+2	8	18	No	non-abnormal
N22128	case	SPL	F	38	2	1	1	8+4	8	23	No	non-abnormal
N22130	case	SPL	F	27	1	1	0	8+4	8	19	No	non-abnormal
N22176	case	SPL	F	28	1	1	0	8	8	15	No	non-abnormal
N22237	case	SPL	F	29	1	1	0	8+2	8	16	No	non-abnormal
N22258	case	SPL	F	28	2	1	1	8+2	8	16	No	non-abnormal
N22266	case	SPL	F	33	1	1	0	8	8	15	No	non-abnormal
N22321	case	SPL	F	33	1	1	0	8+3	8	17	No	non-abnormal
N23022	case	SPL	F	35	2	1	1	11+4	11	48	No	non-abnormal
N23036	case	SPL	F	28	1	1	0	9	9	23	No	non-abnormal
N23047	case	SPL	F	33	1	1	0	11	11	42	No	non-abnormal
N23056	case	SPL	F	29	2	1	1	11+2	11	43	No	non-abnormal
N23086	case	SPL	F	37	1	1	0	8	8	13	No	non-abnormal
N23108	case	SPL	F	34	1	1	0	11	11	43	No	non-abnormal
N23188	case	SPL	F	33	1	1	0	11+6	11	56	No	non-abnormal
N23203	case	SPL	F	28	1	1	0	10	10	32	No	non-abnormal
N23206	case	SPL	F	24	1	1	0	10	10	32	No	non-abnormal
102	case	RPL	F	32	2	2	0	10	10	31	No	non-abnormal
105	case	RPL	F	27	2	2	0	8	8	14	No	non-abnormal
113	case	RPL	F	34	3	2	1	11+2	11	43	No	non-abnormal
119	case	RPL	F	28	3	2	1	11+4	11	49	No	non-abnormal
121	case	RPL	F	26	2	2	0	8	8	16	No	non-abnormal
151	case	RPL	F	32	3	2	1	9+4	9	29	No	non-abnormal
154	case	RPL	F	29	3	2	1	10+2	10	34	No	non-abnormal
158	case	RPL	F	39	4	2	2	8+1	8	17	No	abnormal
159	case	RPL	F	35	2	2	0	8	8	16	No	non-abnormal
171	case	RPL	F	30	2	2	0	8+1	8	17	No	non-abnormal
176	case	RPL	F	33	3	2	1	8	8	16	No	non-abnormal
194	case	RPL	F	21	2	2	0	8+2	8	15	No	non-abnormal
195	case	RPL	F	37	2	2	0	9	9	23	No	non-abnormal
208	case	RPL	F	29	3	2	1	10	10	32	No	non-abnormal
209	case	RPL	F	27	2	2	0	8	8	17	No	non-abnormal
216	case	RPL	F	32	4	2	2	7+1	7	12	No	non-abnormal
219	case	RPL	F	40	3	2	1	8	8	17	No	non-abnormal
221	case	RPL	F	29	3	2	1	9+4	9	29	No	non-abnormal
226	case	RPL	F	34	2	2	0	11	11	39	No	non-abnormal
227	case	RPL	F	29	2	2	0	8+2	8	15	No	non-abnormal
229	case	RPL	F	31	2	2	0	9	9	20	No	abnormal
233	case	RPL	F	28	2	2	0	9	9	26	No	abnormal
236	case	RPL	F	26	3	2	1	10+2	10	38	No	non-abnormal
241	case	RPL	F	33	3	2	1	9+3	9	28	No	non-abnormal
245	case	RPL	F	26	2	2	0	7+3	7	12	No	non-abnormal
247	case	RPL	F	38	6	2	4	7+3	7	10	No	non-abnormal
248	case	RPL	F	26	2	2	0	8+1	8	14	No	abnormal
254	case	RPL	F	27	4	2	2	8	8	14	No	non-abnormal
261	case	RPL	F	29	3	2	1	11+5	11	48	No	non-abnormal
262	case	RPL	F	38	2	2	0	10	10	28	No	non-abnormal
263	case	RPL	F	29	4	2	2	10+3	10	36	No	non-abnormal
264	case	RPL	F	35	3	2	1	8	8	13	No	non-abnormal
282	case	RPL	F	37	3	2	1	8+6	8	20	No	non-abnormal
285	case	RPL	F	27	3	2	1	9+1	9	25	No	non-abnormal
291	case	RPL	F	27	4	2	2	9+3	9	30	No	non-abnormal
297	case	RPL	F	28	4	2	2	11	11	43	No	non-abnormal
310	case	RPL	F	32	3	2	1	9+1	9	20	No	non-abnormal
317	case	RPL	F	33	3	2	1	8	8	18	No	non-abnormal
318	case	RPL	F	28	2	2	0	8	8	13	No	non-abnormal
323	case	RPL	F	38	3	2	1	10+3	10	39	No	non-abnormal
324	case	RPL	F	30	2	2	0	8+4	8	19	No	non-abnormal
341	case	RPL	F	33	3	2	1	8+1	8	16	No	non-abnormal
342	case	RPL	F	35	2	2	0	8+1	8	14	No	non-abnormal
350	case	RPL	F	26	3	2	1	8+3	8	16	No	non-abnormal
353	case	RPL	F	33	2	2	0	7+6	7	14	No	non-abnormal
359	case	RPL	F	27	2	2	0	6+6	6	9	No	non-abnormal
364	case	RPL	F	29	3	2	1	6+1	6	5	No	non-abnormal
367	case	RPL	F	39	3	2	1	11+3	11	45	No	non-abnormal
390	case	RPL	F	30	4	2	2	11	11	46	No	non-abnormal
A0283	case	RPL	F	22	2	2	0	8+3	8	18	No	abnormal
A0298	case	RPL	F	29	2	2	0	12	12	55	No	non-abnormal
A0302	case	RPL	F	31	2	2	0	11+2	11	50	No	non-abnormal
A0305	case	RPL	F	28	2	2	0	8+3	8	18	No	non-abnormal
A0308	case	RPL	F	41	3	2	1	9	9	21	No	non-abnormal
A0309	case	RPL	F	28	2	2	0	8+4	8	23	No	abnormal
A0310	case	RPL	F	36	3	2	1	12	12	53	No	non-abnormal
A0311	case	RPL	F	22	2	2	0	9+5	9	32	No	non-abnormal
A0312	case	RPL	F	29	2	2	0	11	11	42	No	non-abnormal
A0315	case	RPL	F	29	3	2	1	8+4	8	18	No	non-abnormal
A0318	case	RPL	F	31	3	2	1	10+2	10	33	No	non-abnormal
A0323	case	RPL	F	31	2	2	0	8+1	8	18	No	non-abnormal
A0329	case	RPL	F	31	3	2	1	8+5	8	19	No	non-abnormal
A0357	case	RPL	F	29	2	2	0	8	8	17	No	non-abnormal
A0369	case	RPL	F	39	2	2	0	10+1	10	37	No	non-abnormal
A0370	case	RPL	F	33	2	2	0	8+1	8	17	No	non-abnormal
A0374	case	RPL	F	36	3	2	1	10	10	32	No	non-abnormal
A0375	case	RPL	F	33	2	2	0	9	9	22	No	non-abnormal
A0382	case	RPL	F	34	2	2	0	8+1	8	16	No	non-abnormal
A0384	case	RPL	F	32	3	2	1	10	10	34	No	non-abnormal
A0389	case	RPL	F	36	4	2	2	8	8	17	No	non-abnormal
A0393	case	RPL	F	25	2	2	0	8+2	8	18	No	non-abnormal
A0404	case	RPL	F	31	2	2	0	10+2	10	39	No	non-abnormal
A0405	case	RPL	F	33	3	2	1	12	12	57	No	non-abnormal
A0411	case	RPL	F	31	3	2	1	8	8	16	No	non-abnormal
A0430	case	RPL	F	29	3	2	1	8+4	8	20	No	non-abnormal
A0435	case	RPL	F	34	3	2	1	8	8	14	No	non-abnormal
A0443	case	RPL	F	32	2	2	0	8+4	8	16	No	non-abnormal
A0453	case	RPL	F	31	2	2	0	12	12	58	No	non-abnormal
A0457	case	RPL	F	31	2	2	0	12	12	53	No	non-abnormal
A0458	case	RPL	F	30	3	2	1	12	12	55	No	non-abnormal
A0461	case	RPL	F	31	2	2	0	12	12	54	No	non-abnormal
A0466	case	RPL	F	34	3	2	1	10+5	10	37	No	non-abnormal
A0467	case	RPL	F	31	2	2	0	10+2	10	33	No	non-abnormal
A0472	case	RPL	F	31	2	2	0	10+3	10	33	No	abnormal
A0473	case	RPL	F	32	2	2	0	10+3	10	39	No	non-abnormal
A0497	case	RPL	F	38	3	2	1	8+5	8	22	No	non-abnormal
A0506	case	RPL	F	29	2	2	0	12	12	56	No	non-abnormal
A0509	case	RPL	F	32	3	2	1	12	12	53	No	non-abnormal
A0522	case	RPL	F	31	3	2	1	8	8	17	No	non-abnormal
A0527	case	RPL	F	36	3	2	1	12	12	59	No	non-abnormal
A0528	case	RPL	F	38	3	2	1	10+5	10	42	No	non-abnormal
A0538	case	RPL	F	28	3	2	1	10+2	10	30	No	non-abnormal
A0541	case	RPL	F	24	4	2	2	12	12	49	No	non-abnormal
A0566	case	RPL	F	30	3	2	1	8	8	15	No	non-abnormal
A0575	case	RPL	F	31	3	2	1	8	8	16	No	non-abnormal
A0596	case	RPL	F	31	3	2	1	9+4	9	31	No	non-abnormal
A0600	case	RPL	F	31	2	2	0	8	8	15	No	non-abnormal
A0608	case	RPL	F	32	3	2	1	9+2	9	28	No	non-abnormal
A0611	case	RPL	F	32	3	2	1	12	12	57	No	non-abnormal
A0619	case	RPL	F	30	2	2	0	11	11	45	No	non-abnormal
A0622	case	RPL	F	36	4	2	2	8+3	8	21	No	non-abnormal
A0631	case	RPL	F	31	3	2	1	10	10	32	No	non-abnormal
A0633	case	RPL	F	36	2	2	0	8	8	16	No	non-abnormal
A0638	case	RPL	F	28	3	2	1	12	12	51	No	non-abnormal
A0643	case	RPL	F	36	3	2	1	12	12	56	No	non-abnormal
A0645	case	RPL	F	41	2	2	0	8	8	17	No	non-abnormal
A0648	case	RPL	F	27	3	2	1	8	8	14	No	non-abnormal
A0654	case	RPL	F	32	3	2	1	8+5	8	21	No	non-abnormal
A0686	case	RPL	F	41	2	2	0	8	8	13	No	non-abnormal
A0716	case	RPL	F	36	3	2	1	8+5	8	20	No	non-abnormal
A0726	case	RPL	F	28	3	2	1	8+3	8	18	No	non-abnormal
A0745	case	RPL	F	28	2	2	0	8+1	8	17	No	non-abnormal
A0747	case	RPL	F	36	2	2	0	9+1	9	23	No	non-abnormal
A0758	case	RPL	F	32	4	2	2	10+1	10	34	No	non-abnormal
A0760	case	RPL	F	36	3	2	1	8+1	8	18	No	non-abnormal
A0762	case	RPL	F	28	2	2	0	8	8	14	No	non-abnormal
A0768	case	RPL	F	36	3	2	1	8+2	8	19	No	non-abnormal
A0790	case	RPL	F	33	2	2	0	8+2	8	18	No	non-abnormal
A0799	case	RPL	F	25	2	2	0	8+1	8	17	No	non-abnormal
A0802	case	RPL	F	36	2	2	0	8+2	8	19	No	non-abnormal
A0816	case	RPL	F	39	2	2	0	8+1	8	13	No	non-abnormal
A0825	case	RPL	F	30	2	2	0	9+4	9	30	No	non-abnormal
A0872	case	RPL	F	36	3	2	1	9+2	9	25	No	non-abnormal
A0899	case	RPL	F	36	2	2	0	9+1	9	23	No	abnormal
A0921	case	RPL	F	31	3	2	1	8+2	8	18	No	non-abnormal
A0927	case	RPL	F	36	2	2	0	8+3	8	18	No	non-abnormal
A0936	case	RPL	F	31	3	2	1	8+1	8	18	No	non-abnormal
A0938	case	RPL	F	22	2	2	0	12	12	54	No	non-abnormal
A0968	case	RPL	F	31	2	2	0	9+3	9	29	No	non-abnormal
A0983	case	RPL	F	41	2	2	0	8+2	8	17	No	abnormal
A1019	case	RPL	F	29	3	2	1	8+4	8	22	No	non-abnormal
A1027	case	RPL	F	27	3	2	1	8+1	8	15	No	non-abnormal
A1037	case	RPL	F	35	3	2	1	9+2	9	24	No	non-abnormal
A1067	case	RPL	F	32	2	2	0	9+2	9	26	No	non-abnormal
A1074	case	RPL	F	32	3	2	1	8+1	8	19	No	non-abnormal
A1084	case	RPL	F	35	2	2	0	10+5	10	42	No	abnormal
A1088	case	RPL	F	32	2	2	0	9+3	9	26	No	non-abnormal
A1099	case	RPL	F	32	2	2	0	8+4	8	20	No	non-abnormal
A1106	case	RPL	F	33	3	2	1	8+3	8	16	No	non-abnormal
A1116	case	RPL	F	41	3	2	1	8+3	8	17	No	abnormal
A1119	case	RPL	F	34	3	2	1	9+2	9	25	No	abnormal
A1144	case	RPL	F	25	2	2	0	8+4	8	20	No	non-abnormal
A1145	case	RPL	F	36	4	2	2	10+2	10	36	No	non-abnormal
A1157	case	RPL	F	25	3	2	1	8+1	8	17	No	non-abnormal
A1177	case	RPL	F	25	3	2	1	9+1	9	24	No	abnormal
A1178	case	RPL	F	30	3	2	1	8+2	8	17	No	abnormal
CS201698	case	RPL	F	29	2	2	0	8+2	8	15	No	non-abnormal
CS201740	case	RPL	F	33	2	2	0	8+6	8	22	No	non-abnormal
CS201955	case	RPL	F	33	3	2	1	9	9	26	No	abnormal
CS202776	case	RPL	F	30	2	2	0	8+4	8	24	No	non-abnormal
CS203197	case	RPL	F	24	2	2	0	12	12	54	No	non-abnormal
CS204031	case	RPL	F	35	2	2	0	8+1	8	16	No	non-abnormal
CS204302	case	RPL	F	35	3	2	1	8	8	17	No	non-abnormal
CS210430	case	RPL	F	32	2	2	0	8	8	16	No	non-abnormal
CS210983	case	RPL	F	31	2	2	0	8	8	15	No	non-abnormal
CS211030	case	RPL	F	32	2	2	0	8	8	15	No	non-abnormal
CS211307	case	RPL	F	28	2	2	0	11+5	11	47	No	non-abnormal
CS211610	case	RPL	F	30	2	2	0	10	10	33	No	non-abnormal
CS211997	case	RPL	F	24	2	2	0	8	8	14	No	non-abnormal
CS212481	case	RPL	F	30	3	2	1	11+2	11	49	No	non-abnormal
CS212666	case	RPL	F	32	3	2	1	10	10	32	No	non-abnormal
CS212913	case	RPL	F	35	2	2	0	10	10	31	No	non-abnormal
CS213226	case	RPL	F	34	2	2	0	8	8	16	No	non-abnormal
CS213357	case	RPL	F	25	2	2	0	8+3	8	18	No	non-abnormal
CS213603	case	RPL	F	34	3	2	1	8+2	8	16	No	non-abnormal
CS213707	case	RPL	F	35	2	2	0	8+5	8	18	No	non-abnormal
CS213938	case	RPL	F	21	2	2	0	10+2	10	37	No	non-abnormal
CS220086	case	RPL	F	30	2	2	0	8	8	13	No	abnormal
CS220709	case	RPL	F	32	2	2	0	8+6	8	23	No	non-abnormal
CS220710	case	RPL	F	26	2	2	0	10+2	10	34	No	non-abnormal
CS220810	case	RPL	F	28	3	2	1	10+6	10	39	No	non-abnormal
CS220960	case	RPL	F	29	2	2	0	10+1	10	35	No	non-abnormal
CS220986	case	RPL	F	34	2	2	0	10+1	10	38	No	non-abnormal
CS221073	case	RPL	F	29	2	2	0	8+4	8	17	No	non-abnormal
CS221088	case	RPL	F	31	2	2	0	8+3	8	18	No	non-abnormal
CS221228	case	RPL	F	38	3	2	1	9+2	9	31	No	non-abnormal
CS221269	case	RPL	F	33	2	2	0	8+2	8	17	No	non-abnormal
CS222676	case	RPL	F	34	2	2	0	12	12	50	No	non-abnormal
N21003	case	RPL	F	36	3	2	1	9	9	25	No	non-abnormal
N21006	case	RPL	F	35	2	2	0	10	10	30	No	non-abnormal
N22016	case	RPL	F	31	2	2	0	8	8	17	No	non-abnormal
N22040	case	RPL	F	31	2	2	0	10+2	10	36	No	abnormal
N22065	case	RPL	F	24	2	2	0	8	8	18	No	non-abnormal
N22166	case	RPL	F	27	2	2	0	8+4	8	19	No	non-abnormal
N22175	case	RPL	F	22	2	2	0	8+2	8	18	No	non-abnormal
N22185	case	RPL	F	27	2	2	0	8	8	17	No	non-abnormal
N22209	case	RPL	F	38	3	2	1	8+4	8	20	No	non-abnormal
N22301	case	RPL	F	31	2	2	0	8+4	8	18	No	non-abnormal
N22323	case	RPL	F	33	2	2	0	8+3	8	21	No	non-abnormal
N23025	case	RPL	F	36	3	2	1	9+2	9	23	No	non-abnormal
N23032	case	RPL	F	31	2	2	0	9+5	9	28	No	non-abnormal
N23046	case	RPL	F	41	2	2	0	11+2	11	47	No	non-abnormal
N23063	case	RPL	F	30	2	2	0	8+1	8	19	No	non-abnormal
N23081	case	RPL	F	29	2	2	0	11+4	11	46	No	non-abnormal
N23084	case	RPL	F	29	2	2	0	8	8	18	No	non-abnormal
N23099	case	RPL	F	37	3	2	1	9+2	9	27	No	non-abnormal
N23123	case	RPL	F	27	2	2	0	9+1	9	24	No	non-abnormal
N23133	case	RPL	F	31	2	2	0	9+5	9	30	No	non-abnormal
N23180	case	RPL	F	31	5	2	3	11+4	11	51	No	non-abnormal
118	case	RPL	F	28	3	3	0	8+5	8	22	No	non-abnormal
122	case	RPL	F	32	4	3	1	10+1	10	29	No	non-abnormal
163	case	RPL	F	30	4	3	1	8+4	8	19	No	non-abnormal
165	case	RPL	F	32	3	3	0	12	12	57	No	non-abnormal
179	case	RPL	F	33	4	3	1	10	10	31	No	non-abnormal
180	case	RPL	F	28	3	3	0	10+1	10	33	No	non-abnormal
185	case	RPL	F	32	5	3	2	8+4	8	20	No	non-abnormal
192	case	RPL	F	25	3	3	0	8	8	15	No	non-abnormal
210	case	RPL	F	26	4	3	1	12	12	53	No	non-abnormal
220	case	RPL	F	25	4	3	1	8	8	15	No	abnormal
230	case	RPL	F	37	4	3	1	12	12	53	No	non-abnormal
265	case	RPL	F	31	3	3	0	9	9	25	No	non-abnormal
294	case	RPL	F	32	4	3	1	7	7	9	No	non-abnormal
302	case	RPL	F	31	3	3	0	8+1	8	17	No	non-abnormal
365	case	RPL	F	34	5	3	2	8	8	16	No	non-abnormal
368	case	RPL	F	29	3	3	0	8	8	16	No	non-abnormal
396	case	RPL	F	28	3	3	0	8+6	8	20	No	non-abnormal
A0295	case	RPL	F	29	3	3	0	8	8	17	No	non-abnormal
A0362	case	RPL	F	28	3	3	0	12	12	56	No	non-abnormal
A0386	case	RPL	F	39	3	3	0	8+2	8	19	No	non-abnormal
A0406	case	RPL	F	29	4	3	1	11+6	11	55	No	non-abnormal
A0410	case	RPL	F	30	3	3	0	8	8	18	No	non-abnormal
A0419	case	RPL	F	39	3	3	0	8	8	18	No	non-abnormal
A0438	case	RPL	F	34	4	3	1	10+3	10	38	No	non-abnormal
A0460	case	RPL	F	38	3	3	0	9+2	9	24	No	non-abnormal
A0468	case	RPL	F	35	3	3	0	9+1	9	25	No	abnormal
A0574	case	RPL	F	30	3	3	0	8	8	15	No	non-abnormal
A0582	case	RPL	F	36	3	3	0	11	11	45	No	non-abnormal
A0592	case	RPL	F	39	4	3	1	10+4	10	36	No	non-abnormal
A0635	case	RPL	F	30	3	3	0	12	12	55	No	non-abnormal
A0646	case	RPL	F	34	4	3	1	8	8	16	No	non-abnormal
A0675	case	RPL	F	34	3	3	0	8	8	16	No	non-abnormal
A0709	case	RPL	F	37	4	3	1	8+2	8	13	No	non-abnormal
A0757	case	RPL	F	28	3	3	0	8+3	8	19	No	non-abnormal
A0763	case	RPL	F	38	4	3	1	8+4	8	21	No	non-abnormal
A0791	case	RPL	F	31	3	3	0	8+3	8	16	No	abnormal
A0830	case	RPL	F	31	4	3	1	8+4	8	16	No	non-abnormal
A0837	case	RPL	F	40	4	3	1	8+1	8	13	No	non-abnormal
A0862	case	RPL	F	34	3	3	0	9+6	9	28	No	non-abnormal
A0873	case	RPL	F	29	3	3	0	9+3	9	26	No	non-abnormal
A0896	case	RPL	F	36	4	3	1	8+1	8	17	No	non-abnormal
A0972	case	RPL	F	38	3	3	0	8+2	8	17	No	non-abnormal
A0981	case	RPL	F	28	3	3	0	8+1	8	19	No	non-abnormal
A1000	case	RPL	F	28	3	3	0	9+1	9	22	No	non-abnormal
A1058	case	RPL	F	27	3	3	0	8	8	15	No	non-abnormal
A1078	case	RPL	F	28	3	3	0	8+1	8	15	No	non-abnormal
A1140	case	RPL	F	37	4	3	1	9+6	9	29	No	non-abnormal
A1148	case	RPL	F	28	3	3	0	10+1	10	33	No	abnormal
CS200189	case	RPL	F	36	3	3	0	8	8	16	No	non-abnormal
CS203198	case	RPL	F	30	3	3	0	8+4	8	21	No	non-abnormal
CS203546	case	RPL	F	26	3	3	0	9+2	9	25	No	non-abnormal
CS204128	case	RPL	F	30	3	3	0	8+4	8	20	No	non-abnormal
CS210095	case	RPL	F	30	3	3	0	8	8	17	No	abnormal
CS210417	case	RPL	F	31	3	3	0	9+3	9	24	No	non-abnormal
CS212714	case	RPL	F	25	3	3	0	8	8	15	No	non-abnormal
CS213469	case	RPL	F	36	3	3	0	8+4	8	19	No	non-abnormal
CS213874	case	RPL	F	28	3	3	0	8	8	15	No	non-abnormal
CS214011	case	RPL	F	31	3	3	0	9+4	9	26	No	non-abnormal
CS220165	case	RPL	F	27	3	3	0	8+2	8	18	No	non-abnormal
CS220178	case	RPL	F	29	3	3	0	8+3	8	18	No	non-abnormal
CS220253	case	RPL	F	32	3	3	0	8	8	19	No	non-abnormal
CS220898	case	RPL	F	31	3	3	0	8	8	14	No	non-abnormal
CS221067	case	RPL	F	29	3	3	0	11+3	11	51	No	non-abnormal
CS221243	case	RPL	F	35	5	3	2	8+2	8	16	No	non-abnormal
N21001	case	RPL	F	30	4	3	1	11	11	43	No	non-abnormal
N22103	case	RPL	F	32	4	3	1	8+4	8	20	No	non-abnormal
N22217	case	RPL	F	34	4	3	1	8+2	8	16	No	abnormal
N22234	case	RPL	F	29	3	3	0	8	8	14	No	non-abnormal
N23116	case	RPL	F	25	3	3	0	10	10	34	No	non-abnormal
N23174	case	RPL	F	29	3	3	0	9	9	22	No	non-abnormal
N23209	case	RPL	F	28	3	3	0	8+6	8	22	No	non-abnormal
N23211	case	RPL	F	28	3	3	0	12	12	53	No	non-abnormal
160	case	RPL	F	28	4	4	0	9+2	9	25	No	non-abnormal
174	case	RPL	F	36	4	4	0	8+4	8	21	No	abnormal
211	case	RPL	F	32	4	4	0	8	8	14	No	non-abnormal
218	case	RPL	F	40	4	4	0	8	8	17	No	abnormal
A0352	case	RPL	F	36	5	4	1	12	12	56	No	non-abnormal
A0364	case	RPL	F	38	4	4	0	9	9	23	No	non-abnormal
A0417	case	RPL	F	27	4	4	0	8+4	8	17	No	non-abnormal
A0420	case	RPL	F	41	4	4	0	11+2	11	43	No	non-abnormal
A0561	case	RPL	F	34	4	4	0	9+4	9	29	No	non-abnormal
A0988	case	RPL	F	36	6	4	2	10+2	10	35	No	non-abnormal
A1125	case	RPL	F	35	6	4	2	11+6	11	55	No	non-abnormal
A1175	case	RPL	F	38	6	4	2	8+3	8	18	No	non-abnormal
CS204131	case	RPL	F	29	4	4	0	10+4	10	36	No	non-abnormal
CS211637	case	RPL	F	31	4	4	0	11+1	11	44	No	non-abnormal
CS212397	case	RPL	F	38	5	4	1	8	8	14	No	non-abnormal
CS220915	case	RPL	F	31	4	4	0	8	8	16	No	non-abnormal
N23023	case	RPL	F	36	4	4	0	11+2	11	44	No	non-abnormal
191	case	RPL	F	39	5	5	0	12	12	54	No	non-abnormal
370	case	RPL	F	28	5	5	0	8	8	13	No	non-abnormal
CS210217	case	RPL	F	32	6	5	1	10	10	32	No	non-abnormal
CS211281	case	RPL	F	37	6	5	1	8	8	16	No	non-abnormal
CS211677	case	RPL	F	27	5	5	0	12	12	51	No	non-abnormal
CS212997	case	RPL	F	38	6	5	1	8	8	15	No	non-abnormal
N22132	case	RPL	F	35	6	5	1	8	8	15	No	non-abnormal
N22269	case	RPL	F	34	5	5	0	8	8	18	No	non-abnormal
0002C	control	control	F	35	1	1	0	8	8	17	No	non-abnormal
0004c	control	control	F	24	1	1	0	6+5	6	8	No	non-abnormal
0008C	control	control	F	21	1	1	0	8+4	8	18	No	non-abnormal
0010C	control	control	F	21	1	1	0	8+6	8	23	No	non-abnormal
0017C	control	control	F	34	3	1	2	8	8	16	No	non-abnormal
0027C	control	control	F	25	1	1	0	8+3	8	18	No	non-abnormal
0039C	control	control	F	20	2	1	1	9	9	25	No	non-abnormal
0040C	control	control	F	33	1	1	0	8+5	8	20	No	non-abnormal
0043C	control	control	F	22	1	1	0	8+4	8	22	No	non-abnormal
0044c	control	control	F	30	2	1	1	7+5	7	15	No	non-abnormal
0045C	control	control	F	23	1	1	0	8	8	16	No	non-abnormal
0046c	control	control	F	30	2	1	1	7+3	7	14	No	non-abnormal
0047c	control	control	F	36	2	1	1	7+2	7	10	No	non-abnormal
0049c	control	control	F	21	1	1	0	6+3	6	7	No	non-abnormal
0056c	control	control	F	27	2	1	1	6+4	6	8	No	non-abnormal
0059C	control	control	F	27	1	1	0	9+1	9	25	No	non-abnormal
0061C	control	control	F	31	2	1	1	8	8	17	No	non-abnormal
0063C	control	control	F	26	1	1	0	8+6	8	21	No	non-abnormal
0065c	control	control	F	29	1	1	0	7+6	7	16	No	non-abnormal
0067c	control	control	F	22	1	1	0	6	6	5	No	non-abnormal
0072c	control	control	F	34	3	1	2	7	7	10	No	non-abnormal
0074c	control	control	F	29	1	1	0	6+1	6	6	No	non-abnormal
0075c	control	control	F	29	2	1	1	7+1	7	10	No	non-abnormal
0081c	control	control	F	29	2	1	1	7+4	7	13	No	non-abnormal
0082c	control	control	F	23	1	1	0	6+4	6	6	No	non-abnormal
0084c	control	control	F	20	1	1	0	6+3	6	7	No	non-abnormal
0092c	control	control	F	35	1	1	0	7+5	7	12	No	non-abnormal
0094c	control	control	F	32	2	1	1	7	7	9	No	non-abnormal
0095c	control	control	F	28	1	1	0	6+1	6	5	No	non-abnormal
0097c	control	control	F	24	1	1	0	7+1	7	10	No	non-abnormal
zz230044	control	control	F	33	1	1	0	9	9	19	No	non-abnormal
zz230081	control	control	F	27	4	1	3	8+1	8	17	No	non-abnormal
zz230082	control	control	F	31	1	1	0	8+3	8	15	No	non-abnormal
zz230106	control	control	F	18	1	1	0	8+1	8	14	No	non-abnormal
zz230138	control	control	F	21	1	1	0	9+6	9	35	No	non-abnormal
zz230139	control	control	F	32	3	1	2	10+2	10	34	No	non-abnormal
zz230140	control	control	F	28	2	1	1	9+2	9	26	No	non-abnormal
zz230142	control	control	F	18	1	1	0	8	8	15	No	non-abnormal
zz230182	control	control	F	38	2	1	1	10+4	10	39	No	non-abnormal
zz230187	control	control	F	31	3	1	2	8+4	8	21	No	non-abnormal
zz230188	control	control	F	24	1	1	0	8	8	17	No	non-abnormal
zz230189	control	control	F	26	2	1	1	8	8	13	No	non-abnormal
zz230201	control	control	F	29	2	1	1	8+5	8	20	No	non-abnormal
zz230256	control	control	F	28	1	1	0	10+1	10	31	No	non-abnormal
zz230258	control	control	F	34	2	1	1	9+6	9	29	No	non-abnormal
zz230259	control	control	F	28	1	1	0	8	8	15	No	non-abnormal
zz230260	control	control	F	30	2	1	1	9+2	9	26	No	non-abnormal
zz230261	control	control	F	34	2	1	1	8+2	8	20	No	non-abnormal
zz230264	control	control	F	19	1	1	0	8+3	8	18	No	non-abnormal
zz230265	control	control	F	31	2	1	1	9+6	9	29	No	non-abnormal
zz230270	control	control	F	28	2	1	1	8	8	16	No	non-abnormal
zz230271	control	control	F	27	2	1	1	8+1	8	20	No	non-abnormal
zz230272	control	control	F	32	2	1	1	8+4	8	18	No	non-abnormal
zz230274	control	control	F	33	2	1	1	8+1	8	18	No	non-abnormal
zz230275	control	control	F	32	2	1	1	8+6	8	19	No	non-abnormal
zz230276	control	control	F	33	2	1	1	8+2	8	17	No	non-abnormal
zz230277	control	control	F	34	3	1	2	9+1	9	23	No	non-abnormal
zz230278	control	control	F	20	1	1	0	8	8	16	No	non-abnormal
zz230282	control	control	F	21	1	1	0	8	8	15	No	non-abnormal
zz230292	control	control	F	30	2	1	1	8+2	8	20	No	non-abnormal
zz230296	control	control	F	25	2	1	1	8	8	15	No	non-abnormal
zz230298	control	control	F	25	1	1	0	8	8	19	No	non-abnormal
zz230299	control	control	F	32	2	1	1	8+2	8	19	No	non-abnormal
zz230316	control	control	F	21	1	1	0	10	10	32	No	non-abnormal
zz230317	control	control	F	18	1	1	0	9	9	25	No	non-abnormal
zz230318	control	control	F	30	1	1	0	10	10	33	No	non-abnormal
zz230323	control	control	F	34	1	1	0	9	9	24	No	non-abnormal
ZZ240002	control	control	F	42	1	1	0	8	8	15	No	non-abnormal
ZZ240008	control	control	F	19	1	1	0	8	8	18	No	non-abnormal
ZZ240012	control	control	F	28	1	1	0	8	8	15	No	non-abnormal
ZZ240013	control	control	F	32	1	1	0	8+2	8	18	No	non-abnormal
ZZ240019	control	control	F	35	3	1	2	9+6	9	32	No	non-abnormal
ZZ240027	control	control	F	20	1	1	0	10+1	10	30	No	non-abnormal
ZZ240034	control	control	F	36	3	1	2	8+3	8	17	No	non-abnormal
ZZ240056	control	control	F	23	1	1	0	10+2	10	34	No	non-abnormal
ZZ240062	control	control	F	31	2	1	1	10+2	10	35	No	non-abnormal
ZZ240063	control	control	F	30	2	1	1	8+6	8	21	No	non-abnormal
ZZ240074	control	control	F	30	2	1	1	8+3	8	18	No	non-abnormal
ZZ240075	control	control	F	26	1	1	0	9+1	9	24	No	non-abnormal
ZZ240078	control	control	F	19	1	1	0	8+3	8	17	No	non-abnormal
ZZ240090	control	control	F	39	3	1	2	9+3	9	26	No	non-abnormal
ZZ240093	control	control	F	24	1	1	0	8+4	8	18	No	non-abnormal
ZZ240099	control	control	F	32	2	1	1	9+3	9	25	No	non-abnormal
ZZ240104	control	control	F	23	1	1	0	8+6	8	22	No	non-abnormal
ZZ240106	control	control	F	24	1	1	0	9+1	9	27	No	non-abnormal
ZZ240124	control	control	F	29	1	1	0	8+5	8	24	No	non-abnormal
ZZ240130	control	control	F	37	2	1	1	8+2	8	20	No	non-abnormal
ZZ240133	control	control	F	37	1	1	0	8+4	8	20	No	non-abnormal
ZZ240134	control	control	F	29	1	1	0	8+6	8	21	No	non-abnormal
ZZ240137	control	control	F	29	1	1	0	8+5	8	25	No	non-abnormal
0005c	control	control	F	27	2	2	0	6+5	6	8	No	non-abnormal
0006C	control	control	F	31	2	2	0	8+1	8	17	No	non-abnormal
0011C	control	control	F	28	5	2	3	9+5	9	29	No	non-abnormal
0012c	control	control	F	25	2	2	0	7+4	7	10	No	non-abnormal
0014c	control	control	F	26	2	2	0	7+4	7	11	No	non-abnormal
0026C	control	control	F	27	2	2	0	9+3	9	26	No	non-abnormal
0030C	control	control	F	26	2	2	0	8+3	8	21	No	non-abnormal
0038C	control	control	F	20	3	2	1	9+6	9	30	No	non-abnormal
0042c	control	control	F	24	2	2	0	7+6	7	14	No	non-abnormal
0048C	control	control	F	32	2	2	0	8	8	15	No	non-abnormal
0066c	control	control	F	30	2	2	0	7+3	7	12	No	non-abnormal
0077c	control	control	F	34	3	2	1	6+4	6	7	No	non-abnormal
0079c	control	control	F	29	2	2	0	6+1	6	6	No	non-abnormal
0080c	control	control	F	33	2	2	0	5+6	5	5	No	non-abnormal
0085c	control	control	F	28	2	2	0	7+3	7	14	No	non-abnormal
0086c	control	control	F	31	4	2	2	6+2	6	5	No	non-abnormal
0088c	control	control	F	38	4	2	2	6+2	6	7	No	non-abnormal
0096c	control	control	F	25	3	2	1	7+5	7	12	No	non-abnormal
0104c	control	control	F	26	2	2	0	6	6	5	No	non-abnormal
zz230125	control	control	F	41	4	2	2	8+6	8	24	No	non-abnormal
zz230133	control	control	F	27	2	2	0	8+4	8	20	No	non-abnormal
zz230253	control	control	F	29	4	2	2	9+5	9	27	No	non-abnormal
zz230268	control	control	F	34	3	2	1	8+6	8	23	No	non-abnormal
zz230273	control	control	F	26	3	2	1	8	8	15	No	non-abnormal
zz230279	control	control	F	30	4	2	2	8	8	15	No	non-abnormal
zz230285	control	control	F	38	4	2	2	9	9	22	No	non-abnormal
zz230287	control	control	F	28	2	2	0	10+3	10	36	No	non-abnormal
zz230291	control	control	F	33	2	2	0	11+3	11	44	No	non-abnormal
zz230294	control	control	F	33	4	2	2	8	8	18	No	non-abnormal
zz230297	control	control	F	35	4	2	2	8+4	8	22	No	non-abnormal
zz230300	control	control	F	23	2	2	0	11	11	40	No	non-abnormal
zz230322	control	control	F	44	3	2	1	8+4	8	19	No	non-abnormal
zz230324	control	control	F	33	3	2	1	8+1	8	17	No	non-abnormal
ZZ240050	control	control	F	34	3	2	1	9+1	9	24	No	non-abnormal
ZZ240054	control	control	F	35	3	2	1	8+1	8	17	No	non-abnormal
ZZ240055	control	control	F	36	2	2	0	9+4	9	28	No	non-abnormal
ZZ240107	control	control	F	29	3	2	1	8+6	8	21	No	non-abnormal
0052c	control	control	F	39	4	3	1	7+2	7	11	No	non-abnormal
0053c	control	control	F	43	5	3	2	6+3	6	7	No	non-abnormal
0054c	control	control	F	37	3	3	0	7	7	9	No	non-abnormal
0064c	control	control	F	31	4	3	1	6+6	6	8	No	non-abnormal
0073c	control	control	F	23	3	3	0	7+2	7	11	No	non-abnormal
0076c	control	control	F	31	3	3	0	7+1	7	11	No	non-abnormal
0098c	control	control	F	37	4	3	1	6+6	6	9	No	non-abnormal
0108c	control	control	F	34	4	3	1	6	6	5	No	non-abnormal
zz230257	control	control	F	31	4	3	1	8+3	8	19	No	non-abnormal
zz230266	control	control	F	33	5	3	2	9	9	21	No	non-abnormal
ZZ240001	control	control	F	38	5	3	2	8	8	13	No	non-abnormal
ZZ240009	control	control	F	33	5	3	2	8	8	15	No	non-abnormal
ZZ240051	control	control	F	36	5	3	2	8+6	8	19	No	non-abnormal
ZZ240098	control	control	F	38	4	3	1	9+1	9	24	No	non-abnormal
ZZ240120	control	control	F	35	6	3	3	10+4	10	37	No	non-abnormal
ZZ240123	control	control	F	32	4	3	1	8+1	8	18	No	non-abnormal
0003C	control	control	F	38	5	4	1	9+1	9	24	No	non-abnormal
0022C	control	control	F	32	4	4	0	8	8	18	No	non-abnormal
0041C	control	control	F	31	6	4	2	8+2	8	17	No	non-abnormal
0062c	control	control	F	34	5	4	1	6+5	6	10	No	non-abnormal
0070c	control	control	F	35	6	4	2	7+6	7	14	No	non-abnormal
ZZ240084	control	control	F	34	6	4	2	9+2	9	26	No	non-abnormal
ZZ240110	control	control	F	36	5	4	1	8+2	8	17	No	non-abnormal
0013C	control	control	F	34	5	5	0	9+3	9	26	No	non-abnormal
0058C	control	control	F	30	6	5	1	9+1	9	28	No	non-abnormal
0060C	control	control	F	28	6	5	1	8+3	8	19	No	non-abnormal
ZZ240011	control	control	F	32	6	5	1	8	8	15	No	non-abnormal
