Sample_ID	Condition	SNV_mut_per_Mb	SV_total	SV_plp_count
0002C	control	83.06763349231021	3115	5
0003C	control	82.97436457049427	3333	7
0006C	control	86.48360775381855	7374	6
0008C	control	83.16090241412613	3856	3
0010C	control	82.50801996141465	3194	3
0011C	control	84.59491208704601	3592	5
0013C	control	83.52231948616284	2363	3
0017C	control	82.72953365072746	3890	5
0022C	control	85.28277038543848	4257	7
0026C	control	81.56367212802837	2678	6
0027C	control	81.00405859713281	4517	4
0030C	control	82.51967857664164	3449	4
0038C	control	85.14286700271458	3611	6
0039C	control	84.45500870432213	2279	4
0040C	control	82.9393887248133	2031	3
0041C	control	81.59864797370935	1990	3
0043C	control	82.37977519391774	1909	2
0045C	control	82.63626472891154	2020	5
0048C	control	83.42905056434692	2276	3
0058C	control	84.71149823931592	3327	7
0059C	control	84.1052502475124	2268	3
0060C	control	83.13758518367214	3678	6
0061C	control	84.7231568545429	4077	4
0063C	control	84.55993624136504	4447	9
102	normal	77.26164310926873	1184	2
105	normal	76.69037096314618	1594	3
107	abnormal	75.67607143839797	1622	3
108	normal	77.61140156607846	4202	7
114	normal	80.43278645101026	3571	5
118	normal	81.43542736053148	2641	6
121	normal	80.30454168351336	3901	6
122	normal	81.75020997166023	3585	7
123	normal	83.42905056434692	6593	8
133	normal	80.87581382963592	3526	6
151	normal	83.62724702320577	4377	3
154	normal	82.70621642027349	7606	13
155	normal	81.76186858688722	5396	9
158	abnormal	82.6945578050465	4626	6
159	normal	82.5546544223226	5346	8
160	normal	81.68025828029829	3731	4
163	normal	83.00934041617525	8575	16
170	normal	80.72425183168504	3391	5
171	normal	82.77616811163543	3227	5
174	abnormal	82.47304411573367	3998	11
176	normal	80.40946922055628	2655	3
179	normal	80.99239998190582	2280	6
180	normal	81.97172366097305	4414	12
182	normal	82.00669950665403	3603	9
185	normal	82.20489596551288	3825	6
192	normal	80.31620029874036	4461	6
193	normal	83.94202963433452	5058	7
194	normal	83.53397810138983	4740	7
195	normal	82.79948534208941	3834	6
200	abnormal	76.86525019155104	1401	1
208	normal	81.68025828029829	1672	3
209	normal	79.27858354353816	1839	4
211	normal	83.02099903140224	2764	9
218	abnormal	84.47832593477611	5788	12
219	normal	82.76450949640844	2790	6
220	abnormal	82.54299580709561	4269	5
221	normal	80.79420352304697	2492	3
222	normal	80.16463830078946	3535	3
223	normal	80.57268983373415	4694	2
227	normal	78.70731139741561	1774	3
229	abnormal	78.42750463196782	2426	7
233	abnormal	78.90550785627445	2279	3
236	normal	77.77462217925633	1478	1
237	normal	78.03111171425013	2068	1
238	abnormal	74.32367207206703	1204	2
241	normal	82.4264096548257	3196	4
248	abnormal	77.91452556198023	2387	4
249	normal	81.70357551075227	5274	8
250	normal	83.60392979275179	4404	9
254	normal	81.51703766712042	4969	2
258	normal	83.44070917957391	3884	5
262	normal	76.70202957837317	1385	3
263	normal	83.72051594502169	7653	13
264	normal	81.9250892000651	4664	10
265	normal	77.55310848994351	1950	3
281	normal	74.90660283341657	2305	9
282	normal	76.57378481087628	2066	6
285	normal	81.6569410498443	4644	7
291	normal	78.11272202083907	2298	4
292	normal	79.16199739126824	1852	3
302	normal	79.01043539331737	1899	3
304	normal	81.4121101300775	7157	11
305	normal	81.38879289962351	2657	4
310	normal	81.48206182143944	3224	5
313	normal	79.01043539331737	2867	6
315	normal	78.27594263401694	3573	3
316	normal	79.02209400854436	3213	6
317	normal	78.92882508672844	2552	0
318	normal	80.94576552099785	2351	2
323	normal	72.13185240939274	1743	3
324	normal	81.90177196961112	2650	3
325	normal	78.98711816286338	1779	1
326	normal	76.97017772859397	1861	4
328	normal	77.99613586856916	2930	4
337	normal	75.99085404952672	2073	6
341	normal	77.00515357427493	2249	1
342	normal	82.01835812188102	4034	2
349	normal	79.44180415671603	1781	3
350	normal	77.29661895494971	2082	4
352	normal	81.4121101300775	5753	9
354	normal	79.16199739126824	1718	2
355	abnormal	79.36019385012709	3923	3
356	abnormal	80.04805214851956	2170	2
357	normal	83.09095072276419	2864	5
365	normal	82.19323735028588	1876	2
368	normal	81.58698935848236	3705	3
369	normal	82.54299580709561	4304	4
370	normal	82.65958195936552	3592	6
379	normal	81.77352720211421	3234	6
388	normal	84.53661901091105	5075	10
393	normal	80.86415521440892	2619	2
396	normal	82.64792334413853	2929	3
A0283	abnormal	85.27111177021149	7992	13
A0295	normal	83.68554009934073	3968	3
A0301	abnormal	82.053333967562	2882	5
A0303	normal	84.52496039568406	5098	3
A0305	normal	82.33314073300977	2580	4
A0308	normal	80.10634522465452	2522	4
A0309	abnormal	79.70995230693683	2250	2
A0311	normal	81.84347889347616	4046	6
A0313	normal	80.99239998190582	2138	2
A0315	normal	79.65165923080187	2876	4
A0318	normal	80.00141768761159	2421	3
A0319	normal	81.37713428439652	2916	4
A0323	normal	80.36283475964831	2981	1
A0329	normal	83.28914718162304	6788	11
A0335	abnormal	79.488438617624	6267	10
A0340	normal	79.29024215876515	2232	3
A0342	normal	81.64528243461731	1329	1
A0344	normal	79.12702154558728	2234	3
A0349	normal	80.23458999215141	2646	2
A0355	abnormal	80.96908275145184	4989	4
A0356	normal	82.3098235025558	3401	9
A0357	normal	82.25153042642084	3230	5
A0358	abnormal	84.86306023726681	6508	6
A0364	normal	81.16727921031068	4990	6
A0365	normal	82.9393887248133	3431	3
A0367	normal	78.99877677809037	3336	6
A0369	normal	82.29816488732881	5519	9
A0370	normal	76.86525019155104	3401	2
A0374	normal	76.74866403928114	4226	5
A0375	normal	81.22557228644564	2950	7
A0379	normal	82.72953365072746	4210	6
A0382	normal	82.28650627210182	2259	6
A0384	normal	82.1699201198319	4716	3
A0386	normal	81.15562059508369	2969	5
A0388	normal	82.46138550050668	3212	4
A0389	normal	84.55993624136504	3318	3
A0393	normal	82.41475103959871	2905	4
A0397	normal	84.05861578660443	3462	6
A0399	normal	82.72953365072746	2448	7
A0403	normal	82.9277301095863	3720	6
A0404	normal	83.74383317547567	3156	6
A0410	normal	85.56257715088626	4982	5
A0411	normal	82.03001673710801	3233	2
A0412	normal	81.82016166302218	2936	3
A0414	normal	82.65958195936552	5240	5
A0416	normal	82.75285088118144	3295	5
A0417	normal	81.82016166302218	3185	3
A0418	normal	78.62570109082667	3679	6
A0419	normal	82.89275426390535	4204	4
A0423	abnormal	80.28122445305938	2183	0
A0430	normal	81.68025828029829	2715	4
A0431	normal	80.72425183168504	2943	4
A0435	normal	81.71523412597926	2546	2
A0438	normal	79.76824538307177	2752	7
A0439	normal	82.12328565892395	2484	3
A0441	normal	82.53133719186862	2731	4
A0443	normal	83.63890563843276	5692	8
A0460	normal	83.03265764662923	3886	8
A0466	normal	81.57533074325536	2582	2
A0467	normal	80.82917936872795	3254	3
A0468	abnormal	81.24888951689962	3411	7
A0471	normal	79.17365600649524	2360	4
A0472	abnormal	77.62306018130545	2202	3
A0473	normal	81.7851858173412	2884	4
A0488	normal	83.324123027304	3012	3
A0497	normal	84.15188470842035	5033	8
A0522	normal	84.05861578660443	5025	7
A0528	normal	85.86570114678803	6347	12
A0529	normal	84.53661901091105	6498	8
A0536	normal	84.78144993067787	2912	2
A0538	normal	85.5042840747513	5618	3
A0539	normal	84.50164316523009	6297	12
A0561	normal	86.89165928676321	7769	9
A0566	normal	85.22447730930352	5150	10
A0568	normal	83.04431626185622	4889	5
A0570	normal	86.05223899041988	6728	13
A0574	normal	83.86041932774559	5487	8
A0575	normal	82.9393887248133	4453	5
A0578	normal	82.00669950665403	3054	4
A0584	normal	82.77616811163543	3783	7
A0588	abnormal	82.21655458073987	2702	1
A0590	normal	83.74383317547567	2710	1
A0592	normal	85.23613592453052	5427	5
A0594	normal	82.64792334413853	4746	6
A0595	normal	82.75285088118144	3566	5
A0596	normal	82.00669950665403	4146	5
A0600	normal	81.10898613417574	2865	4
A0601	normal	82.20489596551288	6388	10
A0603	normal	82.41475103959871	3724	5
A0608	normal	80.84083798395494	2727	4
A0622	normal	80.6309829098691	3157	6
A0626	normal	82.9393887248133	3527	5
A0631	normal	82.29816488732881	3542	4
A0633	normal	81.90177196961112	3263	6
A0645	normal	81.24888951689962	4056	5
A0646	normal	81.22557228644564	3733	7
A0648	normal	81.87845473915714	3227	7
A0653	normal	84.94467054385574	4627	9
A0654	normal	83.5806125622978	3307	5
A0661	normal	81.80850304779518	2861	4
A0675	normal	77.70467048789439	3465	2
A0682	normal	82.63626472891154	3282	6
A0686	normal	80.98074136667883	2448	3
A0698	normal	81.35381705394254	2824	0
A0709	normal	81.75020997166023	2336	2
A0713	abnormal	81.7968444325682	5027	5
A0714	normal	81.38879289962351	3259	6
A0716	normal	82.54299580709561	2598	2
A0722	normal	83.79046763638364	3665	10
A0726	normal	83.23085410548808	3207	6
A0729	normal	61.720709011689856	2274	4
A0745	normal	82.15826150460491	2822	3
A0747	normal	81.44708597575847	2969	6
A0749	normal	73.55420346708563	1123	2
A0751	normal	78.9638009324094	1564	2
A0757	normal	81.84347889347616	5012	4
A0758	normal	83.49900225570887	3504	4
A0760	normal	82.91607149435933	3847	5
A0762	normal	83.67388148411374	2706	4
A0763	normal	81.69191689552528	2798	5
A0764	normal	79.88483153534169	2336	3
A0768	normal	82.34479934823676	2571	3
A0790	normal	83.27748856639604	2515	4
A0791	abnormal	84.31510532159822	3475	3
A0799	normal	82.9277301095863	3516	2
A0802	normal	83.93037101910753	4020	8
A0805	normal	81.84347889347616	3783	2
A0811	normal	83.09095072276419	3424	4
A0813	normal	84.58325347181902	3058	5
A0816	normal	83.30080579685003	3404	4
A0822	abnormal	83.11426795321817	4517	3
A0825	normal	84.76979131545087	3991	3
A0827	normal	81.75020997166023	3677	4
A0829	abnormal	83.11426795321817	3996	5
A0830	normal	81.36547566916953	4310	7
A0831	normal	82.56631303754959	2427	5
A0837	normal	81.4004515148505	2664	3
A0846	normal	82.54299580709561	2607	3
A0848	normal	82.88109564867835	3372	4
A0857	normal	79.6166833851209	2520	4
A0862	normal	83.14924379889914	2598	2
A0872	normal	80.45610368146424	2028	0
A0873	normal	81.91343058483811	2829	5
A0883	normal	81.75020997166023	2428	2
A0888	normal	83.28914718162304	2472	3
A0896	normal	81.93674781529208	2887	8
A0899	abnormal	81.0273758275868	2520	5
A0902	normal	82.70621642027349	3273	3
A0906	abnormal	81.24888951689962	1676	1
A0921	normal	83.86041932774559	4440	5
A0927	normal	82.62460611368455	5035	7
A0931	abnormal	83.00934041617525	2290	4
A0936	normal	83.5922711775248	2890	2
A0948	normal	81.07401028849476	2485	0
A0968	normal	79.53507307853197	2087	6
A0969	abnormal	78.9638009324094	2146	4
A0972	normal	82.75285088118144	3929	6
A0981	normal	83.12592656844515	4536	7
A0983	abnormal	85.36438069202741	6575	12
A0988	normal	80.66595875555008	3612	8
A0989	normal	85.3876979224814	6004	7
A0996	normal	82.61294749845756	2793	6
A1000	normal	86.98492820857915	7211	9
A1005	normal	80.85249659918193	3356	5
A1010	abnormal	81.12064474940273	3021	3
A1019	normal	80.1296624551085	2386	3
A1027	normal	82.12328565892395	3127	4
A1037	normal	81.82016166302218	4041	9
A1043	normal	84.97964638953671	6628	6
A1046	normal	82.44972688527969	5861	8
A1049	normal	82.86943703345136	4142	3
A1055	abnormal	85.3760393072544	6013	5
A1057	normal	85.1195497722606	4760	9
A1058	normal	81.6569410498443	3635	4
A1060	normal	84.606570702273	7819	13
A1066	abnormal	82.98602318572127	3947	4
A1067	normal	83.97700548001549	5698	4
A1074	normal	85.06125669612565	6154	6
A1078	normal	83.25417133594206	3276	4
A1084	abnormal	82.41475103959871	2803	3
A1085	normal	83.14924379889914	4522	7
A1086	normal	82.21655458073987	3230	2
A1088	normal	81.93674781529208	3288	7
A1092	abnormal	79.52341446330497	2738	5
A1099	normal	84.43169147386814	2731	4
A1106	normal	83.95368824956151	3285	3
A1116	abnormal	82.44972688527969	4182	4
A1117	normal	83.10260933799118	4099	4
A1119	abnormal	84.50164316523009	4658	10
A1132	normal	82.5546544223226	2949	2
A1140	normal	84.45500870432213	5058	8
A1141	normal	81.2838653625806	4769	5
A1144	normal	83.37075748821196	3743	6
A1145	normal	82.48470273096066	3195	5
A1148	abnormal	83.77880902115665	7831	12
A1153	normal	82.11162704369696	1691	5
A1155	normal	86.37868021677562	3254	6
A1157	normal	82.71787503550048	3273	5
A1175	normal	82.90441287913234	3428	8
A1177	abnormal	85.0029636199907	5801	8
A1178	abnormal	81.70357551075227	3269	4
CS200189	normal	79.89649015056868	2745	3
CS201631	normal	80.759227677366	3609	7
CS201698	normal	78.52077355378376	1753	2
CS201740	normal	78.81223893445852	3109	2
CS201955	abnormal	81.06235167326777	4749	5
CS202776	normal	81.12064474940273	3503	5
CS203024	normal	79.67497646125585	2141	4
CS203198	normal	84.08193301705842	10838	17
CS203546	normal	77.08676388086387	1694	3
CS203692	abnormal	76.77198126973512	2891	6
CS204031	normal	81.96006504574606	3751	6
CS204128	normal	79.57004892421293	3921	6
CS204131	normal	83.09095072276419	4467	6
CS204302	normal	76.43388142815238	2110	3
CS210095	abnormal	84.21017778455531	7382	8
CS210217	normal	81.43542736053148	2334	3
CS210256	normal	76.59710204133025	1469	4
CS210417	normal	80.85249659918193	2347	4
CS210430	normal	79.46512138717002	2494	4
CS210650	normal	79.73326953739081	4306	8
CS210737	normal	83.54563671661683	6136	10
CS210816	normal	81.61030658893634	4888	3
CS210983	normal	80.30454168351336	2810	3
CS211030	normal	76.09578158656964	3035	2
CS211113	normal	79.79156261352576	1881	1
CS211281	normal	81.43542736053148	4490	5
CS211610	normal	82.50801996141465	4690	5
CS211997	normal	81.30718259303458	3456	7
CS212307	normal	81.9250892000651	2606	2
CS212319	normal	83.48734364048188	5091	6
CS212397	normal	80.68927598600406	3322	5
CS212566	normal	82.07665119801598	3427	6
CS212666	normal	77.58808433562447	3643	7
CS212714	normal	81.38879289962351	3631	6
CS212913	normal	79.65165923080187	1777	3
CS212997	normal	82.4264096548257	3420	5
CS213226	normal	79.45346277194302	4799	5
CS213294	normal	75.68773005362496	1674	1
CS213357	normal	83.38241610343896	7212	10
CS213469	normal	81.68025828029829	4144	4
CS213603	normal	80.33951752919434	4253	6
CS213662	normal	81.52869628234741	3721	7
CS213684	normal	80.99239998190582	4818	4
CS213707	normal	84.21017778455531	4587	5
CS213874	normal	82.9393887248133	2951	3
CS213927	normal	81.49372043666644	3026	4
CS213938	normal	82.21655458073987	4163	6
CS214011	normal	75.31465436636125	1736	2
CS220086	abnormal	80.99239998190582	6378	10
CS220165	normal	82.6945578050465	3812	6
CS220178	normal	82.25153042642084	2922	5
CS220250	normal	73.3326897777728	1657	1
CS220253	normal	83.16090241412613	3163	3
CS220259	normal	80.15297968556247	1810	2
CS220498	normal	78.17101509697402	2925	6
CS220709	normal	79.04541123899834	2698	5
CS220710	normal	80.45610368146424	3248	5
CS220810	normal	79.40682831103506	2448	2
CS220898	normal	77.57642572039748	1785	3
CS220915	normal	83.02099903140224	5335	6
CS220960	normal	79.40682831103506	2048	3
CS220986	normal	81.0273758275868	2549	3
CS221046	normal	78.41584601674083	2158	5
CS221073	normal	80.95742413622484	2805	5
CS221088	normal	79.36019385012709	2690	6
CS221161	normal	81.84347889347616	3404	9
CS221228	normal	81.48206182143944	2907	6
CS221243	normal	78.70731139741561	2450	3
CS221269	normal	83.18421964458011	2864	5
N21003	normal	81.26054813212662	3339	4
N21004	normal	82.12328565892395	4231	4
N21005	normal	84.33842255205221	3422	7
N21006	normal	80.61932429464211	3451	5
N22016	normal	80.80586213827397	3200	1
N22031	normal	83.56895394707081	4419	6
N22040	abnormal	81.50537905189343	3659	14
N22065	normal	80.6309829098691	3535	3
N22083	normal	81.85513750870315	2897	6
N22103	normal	81.6685996650713	5405	11
N22128	normal	82.1699201198319	3794	3
N22130	normal	80.72425183168504	2899	2
N22132	normal	82.4380682700527	4634	9
N22166	normal	80.71259321645805	2498	1
N22175	normal	80.84083798395494	3090	3
N22176	normal	80.6309829098691	3833	4
N22185	normal	83.23085410548808	3569	3
N22209	normal	80.66595875555008	5294	5
N22217	abnormal	77.92618417720722	2860	7
N22234	normal	80.40946922055628	2182	3
N22237	normal	82.88109564867835	3761	3
N22258	normal	80.95742413622484	5304	5
N22266	normal	84.33842255205221	4175	4
N22269	normal	82.15826150460491	3798	4
N22301	normal	79.43014554148904	2381	5
N22321	normal	82.34479934823676	3045	5
N22323	normal	85.0029636199907	5814	8
N23025	normal	83.90705378865356	5227	4
N23032	normal	85.93565283814996	8796	16
N23036	normal	78.75394585832358	1727	4
N23063	normal	79.79156261352576	2546	8
N23084	normal	83.48734364048188	6100	9
N23086	normal	79.30190077399214	2208	6
N23099	normal	82.37977519391774	3237	4
N23116	normal	82.44972688527969	2463	6
N23123	normal	80.759227677366	3998	9
N23133	normal	81.23723090167263	2381	2
N23174	normal	79.38351108058107	2620	9
N23203	normal	81.6685996650713	2671	7
N23206	normal	78.61404247559967	1975	3
N23209	normal	82.54299580709561	3859	10
zz230044	control	79.94312461147665	2404	2
zz230082	control	82.89275426390535	2996	7
zz230106	control	79.39516969580806	2435	5
zz230125	control	81.59864797370935	4699	12
zz230133	control	80.88747244486291	2829	5
zz230138	control	77.27330172449572	2200	3
zz230139	control	78.52077355378376	1448	3
zz230140	control	82.83446118777039	4068	8
zz230142	control	80.84083798395494	2311	1
zz230182	control	83.47568502525489	4105	6
zz230187	control	83.18421964458011	3846	9
zz230188	control	82.95104734004029	3328	3
zz230189	control	84.08193301705842	5756	9
zz230201	control	84.4899845500031	5857	8
zz230253	control	81.49372043666644	2423	3
zz230256	control	81.73855135643323	2556	2
zz230257	control	84.65320516318097	5116	7
zz230258	control	77.50647402903554	1809	2
zz230259	control	80.82917936872795	3803	4
zz230260	control	82.9277301095863	4426	4
zz230261	control	82.9393887248133	4635	6
zz230264	control	83.2075368750341	4920	7
zz230265	control	82.75285088118144	3544	5
zz230266	control	83.2075368750341	2966	3
zz230268	control	83.90705378865356	2787	6
zz230270	control	83.74383317547567	3272	1
zz230271	control	81.68025828029829	2398	4
zz230272	control	83.63890563843276	4097	5
zz230273	control	82.68289918981951	3507	7
zz230274	control	85.28277038543848	5742	6
zz230275	control	81.68025828029829	2043	3
zz230276	control	82.28650627210182	2721	2
zz230277	control	83.81378486683762	4069	4
zz230278	control	81.56367212802837	2991	3
zz230279	control	80.92244829054388	2411	4
zz230282	control	82.35645796346375	2636	4
zz230285	control	83.12592656844515	3915	7
zz230287	control	82.51967857664164	2436	5
zz230292	control	82.99768180094826	3831	9
zz230294	control	80.3744933748753	2797	3
zz230296	control	83.80212625161063	7716	13
zz230297	control	84.66486377840796	4422	6
zz230298	control	84.66486377840796	4510	4
zz230299	control	84.02363994092346	2985	4
zz230316	control	81.21391367121865	2689	4
zz230317	control	83.16090241412613	4154	6
zz230318	control	82.79948534208941	5133	8
zz230322	control	79.02209400854436	2130	2
zz230323	control	79.39516969580806	3415	4
zz230324	control	77.5647671051705	2798	5
ZZ240001	control	82.63626472891154	3616	7
ZZ240002	control	82.83446118777039	3633	5
ZZ240008	control	82.3214821177828	5198	7
ZZ240009	control	82.99768180094826	4642	9
ZZ240011	control	77.23832587881475	2220	4
ZZ240012	control	79.76824538307177	4831	8
ZZ240013	control	81.42376874530449	4676	5
ZZ240019	control	80.80586213827397	1698	3
ZZ240027	control	80.71259321645805	3613	4
ZZ240034	control	83.60392979275179	4314	8
ZZ240050	control	81.49372043666644	1916	4
ZZ240051	control	81.85513750870315	4035	6
ZZ240054	control	79.05706985422533	1770	4
ZZ240055	control	80.759227677366	3418	3
ZZ240056	control	81.29552397780759	3520	5
ZZ240062	control	79.53507307853197	1615	1
ZZ240063	control	80.46776229669123	2691	6
ZZ240074	control	81.68025828029829	1972	3
ZZ240075	control	82.89275426390535	4072	4
ZZ240078	control	80.95742413622484	2724	3
ZZ240084	control	80.86415521440892	2011	2
ZZ240090	control	80.91078967531689	1997	2
ZZ240093	control	84.75813270022388	5375	8
ZZ240098	control	85.1195497722606	4708	3
ZZ240099	control	82.98602318572127	1682	4
ZZ240104	control	83.48734364048188	3003	5
ZZ240106	control	83.73217456024868	1635	4
ZZ240107	control	81.2838653625806	1930	4
ZZ240110	control	80.45610368146424	1780	2
ZZ240120	control	85.08457392657964	3493	7
ZZ240123	control	84.30344670637125	2551	8
ZZ240124	control	84.4899845500031	3896	4
ZZ240130	control	83.30080579685003	3767	5
ZZ240133	control	83.30080579685003	3271	3
ZZ240134	control	86.33204575586765	4518	6
ZZ240137	control	82.67124057459252	2360	4
