coord_key	svtype	abnormal_rate	normal_rate	control_rate	fdr_abnormal_vs_control	enrichment_pattern	cohort_carrier
chr13:88515302:88515302:INS	INS	0.7021276595744681	0.5730337078651685	0.34545454545454546	0.21706784362333997	normal_vs_control	275
chr22:22558121:22558169:DEL	DEL	0.44680851063829785	0.3398876404494382	0.13636363636363635	0.21706784362333997	normal_vs_control	157
chr2:1764436:1764436:INS	INS	0.5319148936170213	0.4550561797752809	0.2	0.21706784362333997	normal_vs_control	209
chr13:111307701:111307701:INS	INS	0.6808510638297872	0.5730337078651685	0.33636363636363636	0.2206726079338612	normal_vs_control	273
chr8:2089228:2089228:INS	INS	0.5106382978723404	0.45224719101123595	0.20909090909090908	0.38668803498537596	normal_vs_control	208
chr16:55449008:55449008:INS	INS	0.425531914893617	0.40168539325842695	0.14545454545454545	0.38668803498537596	normal_vs_control	179
chr4:172206776:172206808:DEL	DEL	0.425531914893617	0.351123595505618	0.14545454545454545	0.38668803498537596	normal_vs_control	161
chr4:139368025:139368025:INS	INS	0.5531914893617021	0.4859550561797753	0.2545454545454545	0.46317676209118513	normal_vs_control	227
chr15:88913993:88913994:DEL	DEL	0.3829787234042553	0.3258426966292135	0.12727272727272726	0.5021846841579142	normal_vs_control	148
chr3:6372246:6372246:INS	INS	0.1702127659574468	0.17134831460674158	0.01818181818181818	0.6325467029244956	normal_vs_control	71
chr5:1848194:1848194:INS	INS	0.5957446808510638	0.5814606741573034	0.3181818181818182	0.6325467029244956	normal_vs_control	270
chr2:240110814:240110859:DEL	DEL	0.3829787234042553	0.38202247191011235	0.14545454545454545	0.6523719519816296	normal_vs_control	170
chr3:188907518:188907518:INS	INS	0.6170212765957447	0.5702247191011236	0.34545454545454546	0.7309998935382679	normal_vs_control	270
chr13:24460441:24460441:INS	INS	0.44680851063829785	0.44662921348314605	0.20909090909090908	0.7922207964663913	normal_vs_control	203
chr7:133177695:133177695:INS	INS	0.5106382978723404	0.5028089887640449	0.2727272727272727	0.8637068353024824	normal_vs_control	233
chr7:71798091:71798133:DEL	DEL	0.2978723404255319	0.29775280898876405	0.10909090909090909	0.9272760784705912	normal_vs_control	132
chr9:96027033:96027033:INS	INS	0.5531914893617021	0.5449438202247191	0.3181818181818182	0.9272760784705912	normal_vs_control	255
chr15:82457382:82457418:DEL	DEL	0.6808510638297872	0.7191011235955056	0.44545454545454544	0.9272760784705912	normal_vs_control	337
chr15:84498484:84498484:INS	INS	0.6382978723404256	0.6769662921348315	0.41818181818181815	0.9272760784705912	normal_vs_control	317
chr2:192729435:192729435:INS	INS	0.1276595744680851	0.17134831460674158	0.01818181818181818	0.9272760784705912	normal_vs_control	69
chr6:22201203:22201242:DEL	DEL	0.3829787234042553	0.4297752808988764	0.20909090909090908	1.0	normal_vs_control	194
chr11:4334659:4334659:INS	INS	0.3404255319148936	0.42696629213483145	0.18181818181818182	1.0	normal_vs_control	188
chr2:170632848:170632848:INS	INS	0.2765957446808511	0.3455056179775281	0.14545454545454545	1.0	normal_vs_control	152
chr18:5972893:5972933:DEL	DEL	0.2765957446808511	0.3960674157303371	0.15454545454545454	1.0	normal_vs_control	171
chr10:133460497:133460497:INS	INS	0.5106382978723404	0.6320224719101124	0.37272727272727274	1.0	normal_vs_control	290
chr6:1260896:1260939:DEL	DEL	0.3829787234042553	0.4859550561797753	0.2545454545454545	1.0	normal_vs_control	219
chr7:33671762:33671806:DEL	DEL	0.44680851063829785	0.5589887640449438	0.32727272727272727	1.0	normal_vs_control	256
chr2:157226576:157226576:INS	INS	0.3404255319148936	0.5196629213483146	0.2818181818181818	1.0	normal_vs_control	232
chr1:61886821:61886821:INS	INS	0.3617021276595745	0.550561797752809	0.3090909090909091	1.0	normal_vs_control	247
