coord_key	svtype	acmg_class	acmg_label	ranking_score	annotsv_genes	epifactors_genes	epifactors_hit	abnormal_rate	normal_rate	control_rate	abnormal_highest
chr17:653212:653272:DEL	DEL						0	0.0425531914893617	0.0028089887640449437	0.0	1
chr16:89647657:89647783:DEL	DEL	4	4	0.9	CHMP1A		0	0.1276595744680851	0.011235955056179775	0.05454545454545454	1
chr20:34474335:34486177:DEL	DEL						0	0.06382978723404255	0.028089887640449437	0.01818181818181818	1
chr1:24344491:24344531:DEL	DEL						0	0.0425531914893617	0.014044943820224719	0.00909090909090909	1
chr22:36899155:37017839:DEL	DEL	5	5	1.0	CSF2RB;LOC105373023;LOC124900478;LL22NC01-81G9.3;CIMIP4;TST		0	0.0425531914893617	0.011235955056179775	0.00909090909090909	1
chr6:51870617:51872007:DEL	DEL	4	4	0.9	PKHD1		0	0.0425531914893617	0.014044943820224719	0.00909090909090909	1
chr1:152305542:152306513:DEL	DEL						0	0.06382978723404255	0.05337078651685393	0.02727272727272727	1
chr1:108190703:108193181:DEL	DEL	4	4	0.9	SLC25A24		0	0.19148936170212766	0.20786516853932585	0.13636363636363635	0
chr20:2658741:2658784:DEL	DEL						0	0.44680851063829785	0.351123595505618	0.38181818181818183	1
chr16:66770074:66770121:DEL	DEL						0	0.02127659574468085	0.0028089887640449437	0.0	1
chr16:53954867:53958206:DEL	DEL						0	0.02127659574468085	0.0	0.0	1
chr16:89692133:89692178:DEL	DEL						0	0.02127659574468085	0.0	0.0	1
chr17:4955772:4955851:DEL	DEL						0	0.02127659574468085	0.0	0.0	1
chr19:4512626:4512824:DEL	DEL						0	0.02127659574468085	0.0	0.0	1
chr22:36548508:37405397:DEL	DEL	5	5	1.45	CACNG2;CACNG2-DT;LOC124905112;IFT27;PVALB;NCF4-AS1;NCF4;LOC105373022;CSF2RB;LOC105373023;LOC124900478;LL22NC01-81G9.3;CIMIP4;TST;MPST;LOC112268295;KCTD17;TMPRSS6;LOC124905113;IL2RB;C1QTNF6;SSTR3;RAC2;LOC107985576;CYTH4;LOC105373024;ELFN2;LOC100506271;LOC124905114		0	0.02127659574468085	0.0	0.0	1
chr22:24447048:24528703:DEL	DEL	5	5	1.0	ADORA2A-AS1;UPB1		0	0.02127659574468085	0.0	0.0	1
chr7:61578445:98423735:DEL	DEL	5	5	1.9	LOC124901826;ZNF733P;LOC102724738;LOC100287704;LINC03075;LOC101929050;LOC124901641;LOC100287834;MIR4283-2;LOC105375313;LOC105375314;LOC105375315;LOC124901649;LOC124901797;LOC124901645;LOC124901650;LOC124901798;LOC124901644;LOC124901647;LOC124901652;LOC124901648;LOC124901651;LOC124901646;LOC124901643;LOC124901654;LINC02848;LOC124901653;LOC105375318;ZNF722;LINC01005;LOC105375317;ZNF727;LOC124901655;ZNF735;LOC105375319;ZNF679;LOC105375323;LOC105375322;ZNF736;LOC105375321;LOC105375324;YWHAEP1;LOC124901658;ZNF680;LOC124901657;LOC100128885;LOC641746;LOC124901656;LOC105375326;ZNF107;MIR6839;ZNF138;ZNF273;LOC441239;ZNF117;ERV3-1-ZNF117;ERV3-1;LOC105375330;LOC105375329;CCT6P3;LOC124901663;SNORA22C;SNORA15B-1;LOC124901662;INTS4P1;LOC124901661;LOC105375334;ZNF92;LOC124901660;LOC101929322;LINC03006;INTS4P2;CCT6P1;SNORA22;SNORA15B-2;LOC124901659;LINC03129;VKORC1L1;GUSB;LOC105375336;ASL;CRCP;TPST1;LINC00174;LINC03011;RABGEF1P1;KCTD7;LOC100996437;RABGEF1;LOC107986707;GTF2IRD1P1;GTF2IP23;LINC02604;TMEM248;SBDS;TYW1;LOC124901664;MIR4650-1;LOC124901666;LOC124901665;PMS2P4;SPDYE21;STAG3L4;LINC01372;LOC105375337;LOC105375340;LOC107986741;LOC102723427;LOC105375341;LOC105375342;LOC105375343;LOC105375344;LOC105375345;LOC124901667;LOC105375346;CT66;AUTS2;LOC124901669;LOC124901668;LOC107986709;LOC105375347;GALNT17;MIR3914-1;MIR3914-2;CALN1;TYW1B;MIR4650-2;SBDSP1;SPDYE7P;POM121;NSUN5P2;LOC124901671;TRIM74;FKBP6P1;LOC124901672;STAG3L3;PMS2P7;SPDYE8;SPDYE11;SPDYE9;SPDYE10;GTF2IP4;NCF1B;NSUN5;TRIM50;FKBP6;FZD9;BAZ1B;BCL7B;TBL2;MLXIPL;VPS37D;DNAJC30;BUD23;STX1A;LOC105375350;MIR4284;BICDL3P;ABHD11;CLDN3;CLDN4;METTL27;TMEM270;ELN;ELN-AS1;LIMK1;EIF4H;MIR590;LAT2;RFC2;LOC107986742;CLIP2;GTF2IRD1;WBSCR23;MIR10525;GTF2I;GTF2I-AS1;NCF1;GTF2IRD2;LOC124901673;STAG3L2;PMS2P5;SPDYE12;LOC105375352;CASTOR2;RCC1L;GTF2IRD2B;NCF1C;GTF2IP1;LOC107986710;SPDYE14;SPDYE13;SPDYE15;PMS2P2;STAG3L1;LOC124901677;FKBP6P2;TRIM73;LOC124901676;NSUN5P1;POM121C;SPDYE5;PMS2P3;HIP1;CCL26;CCL24;RHBDD2;LOC124901680;POR;MIR4651;SNORA14A;TMEM120A;STYXL1;MDH2;GTF2IP7;LOC124901854;LOC124901674;SRRM3;LOC124901679;HSPB1;FPASL;YWHAG;SSC4D;ZP3;DTX2;FDPSP2;LOC124901675;UPK3B;SPDYE16;LINC03009;POMZP3;LOC105375358;DTX2P1-UPK3BP1-PMS2P11;SPDYE17;PMS2P9;SPDYE18;FAM185BP;CCDC146;LOC124901678;FGL2;LOC105375359;LOC102723791;GSAP;LOC101927243;LOC124901830;LOC124901681;PTPN12;LOC105375363;APTR;RSBN1L;TMEM60;PHTF2;LOC124901682;DDX3ILA1;MAGI2;LOC124901684;RPL13AP17;LOC124901683;MAGI2-AS2;LOC105375366;MAGI2-AS3;LOC105375369;LOC105375370;LOC105375371;LOC105375372;GNAI1;LOC107986743;LOC107986744;LOC105375373;LOC101927269;GNAT3;LOC107986812;LOC124901685;CD36;SEMA3C;LOC124901686;LOC105369146;LOC100128317;HGF;CACNA2D1;CACNA2D1-AS1;LOC124901687;LOC107986813;LOC124901688;LOC105375376;PCLO;LOC105375377;SEMA3E;LOC105375378;LOC107986745;SEMA3A;LINC03017;SEMA3D;LINC00972;GRM3;GRM3-AS1;ELAPOR2;LOC124901689;DMTF1-AS1;DMTF1;TMEM243;LOC105375384;TP53TG1;CROT;ABCB4;ABCB1;LOC124901834;RUNDC3B;SLC25A40;DBF4;LOC124901690;ADAM22;LOC105375386;SRI;LOC124901691;SRI-AS1;STEAP4;LOC124901692;LOC107986815;LOC124900238;LOC107986816;ZNF804B;TEX47;LOC105375387;LOC107986817;STEAP2-AS1;DPY19L2P4;STEAP1;STEAP2;LOC107986819;CFAP69;FAM237B;LOC107986715;LOC101927446;GTPBP10;LOC101409256;CLDN12;PTTG1IP2;LOC124901693;CDK14;LOC124901839;LOC124901694;FZD1;LOC124901695;LINC02932;LOC107986716;LOC101927473;LOC124901697;LOC124901696;MTERF1;LOC112267986;LOC124901698;AKAP9;CYP51A1;CYP51A1-AS1;LRRD1;KRIT1;MIR1285-1;ANKIB1;TMBIM7P;GATAD1;ERVW-1;PEX1;RBM48;FAM133B;LOC105375397;CDK6;LOC112268009;CDK6-AS1;SAMD9;SAMD9L;HEPACAM2;VPS50;CALCR;MIR653;MIR489;LOC105375400;MIR4652;LOC124901811;TFPI2;TFPI2-DT;GNGT1;LOC105375402;GNG11;BET1;BET1-AS1;LOC130890646;LOC124901812;LOC112267858;LOC107986821;COL1A2-AS1;COL1A2;CASD1;LOC105375404;SGCE;PEG10;PPP1R9A;PPP1R9A-AS1;LOC124901848;PON1;PON3;LOC107986822;PON2;ASB4;LOC107986823;LOC124901699;PDK4;PDK4-AS1;LOC107986746;LOC105375409;DYNC1I1;LOC124901700;LOC124901701;SLC25A13;MIR591;LOC105375410;LOC124901702;LOC105375411;SEM1;LOC105375412;LOC107986825;LOC105375414;LOC124901703;DLX6-AS1;DLX6;DLX5;SDHAF3;LOC107984034;LOC124901704;LOC107986826;LOC105375416;TAC1;ASNS;CZ1P-ASNS;MIR5692A1;MIR5692C2;CCZ1P-OR7E38P;OCM2;LMTK2;BHLHA15;TECPR1;LOC124901706;LOC124901705;BRI3;BAIAP2L1	BAZ1B;GATAD1;GTF2I	1	0.02127659574468085	0.0	0.0	1
chr7:66082502:66088306:DEL	DEL	5	5	1.0	ASL		0	0.02127659574468085	0.0	0.0	1
chr9:75541793:77609510:DEL	DEL						0	0.02127659574468085	0.0056179775280898875	0.0	1
chr9:75534527:77609395:DEL	DEL	5	5	1.0	LOC105376091;PCSK5;LOC124902183;RFK;GCNT1;RPSAP9;LOC124902184;LOC105376093;LOC105376095;PRUNE2;PCA3;FOXB2;LOC105376096;VPS13A-AS1;VPS13A;GNA14;GNA14-AS1;LOC124902185		0	0.02127659574468085	0.0	0.0	1
chr9:74859875:96593145:DEL	DEL						0	0.02127659574468085	0.0028089887640449437	0.0	1
chr1:103993369:144643033:DEL	DEL						0	0.1702127659574468	0.22752808988764045	0.12727272727272726	0
chr2:1834957:1835006:DEL	DEL						0	0.1276595744680851	0.1348314606741573	0.09090909090909091	0
chr8:144398165:144398276:DEL	DEL						0	0.23404255319148937	0.22191011235955055	0.19090909090909092	1
chr21:44532945:44532992:DEL	DEL						0	0.0851063829787234	0.05337078651685393	0.05454545454545454	1
chr1:99352791:146109344:DEL	DEL	5	5	1.9	LOC107985093;LINC01708;PALMD;FRRS1;AGL;LOC124904230;SLC35A3;MFSD14A;SASS6;TRMT13;LRRC39;DBT;RTCA-AS1;RTCA;MIR553;CDC14A;LOC105379827;GPR88;LINC01349;LOC124904231;VCAM1;EXTL2;SLC30A7;DPH5;DPH5-DT;LOC124900440;LOC101928334;LOC124904817;S1PR1-DT;S1PR1;LOC102723784;LINC01307;LINC01709;OLFM3;DNAJA1P5;LOC107985095;LOC105378874;LOC112268286;LOC107985096;COL11A1;LOC124904593;RNPC3-DT;RNPC3;AMY2B;ACTG1P4;AMY2A;AMY1A;LOC124904594;AMY1B;LOC105378878;AMY1C;THAP3P1;LOC105378879;LOC105378880;LOC105378881;LINC01676;LOC105378882;LOC105378883;LINC01677;LOC124904595;LOC107985116;LOC105378886;LOC105378885;LOC124904596;LOC105378887;LOC124904232;LOC124904233;LINC01661;LOC105378888;PRMT6;NTNG1;VAV3;MIR7852;VAV3-AS1;LINC02785;SLC25A24;NBPF4;NBPF6;EEIG2;HENMT1;LOC105378890;PRPF38B;FNDC7;STXBP3;LOC105378891;AKNAD1;SPATA42;GPSM2;CLCC1;WDR47;TAF13;TMEM167B-DT;TMEM167B;SCARNA2;CFAP276;ELAPOR1;SARS1;CELSR2;PSRC1;MYBPHL;SORT1;PSMA5;SYPL2;ATXN7L2;CYB561D1;AMIGO1;LOC105378893;GPR61;GNAI3;MIR197;GNAT2;AMPD2;GSTM4;GSTM2;GSTM1;GSTM5;GSTM3;EPS8L3;LOC124904258;LINC01768;CSF1;AHCYL1;STRIP1;LOC105378895;ALX3;LINC01397;UBL4B;SLC6A17;SLC6A17-AS1;KCNC4-DT;KCNC4;RBM15-AS1;LOC124904276;RBM15;SLC16A4;LAMTOR5;LAMTOR5-AS1;PROK1;LOC105378899;LOC105378898;CYMP;CYMP-AS1;KCNA10;LOC124904292;KCNA2;KCNA3;LOC107985174;LOC124904296;LOC105378901;CD53;LRIF1;DRAM2;CEPT1;DENND2D;CHI3L2;CHIAP2;CHIA;LOC105378903;CIMAP3;LOC105378904;PGBP;OVGP1;LOC124904309;WDR77;ATP5PB;C1ORF162;TMIGD3;ADORA3;RAP1A;LINC01160;LOC107985184;INKA2;INKA2-AS1;LOC101928718;DDX20;KCND3;LOC124904312;KCND3-IT1;KCND3-AS1;LINC01750;LOC105378906;LOC124904319;LINC02884;LOC124904812;CTTNBP2NL;MIR4256;WNT2B;ST7L;CAPZA1;LOC124904810;MOV10;RHOC;PPM1J;PPM1J-DT;TAFA3;NUTF2P4;LINC01356;LINC01357;LOC105378911;MIR11399;LOC124904342;SLC16A1;AKR7A2P1;SLC16A1-AS1;LOC107985189;LRIG2-DT;LRIG2;LOC643441;MAGI3;PHTF1;RSBN1;AP4B1-AS1;PTPN22;BCL2L15;AP4B1;DCLRE1B;HIPK1-AS1;HIPK1;OLFML3;SYT6;LOC107985443;TRIM33;LOC124904348;BCAS2;LOC105378914;DENND2C;LOC124904354;AMPD1;NRAS;CSDE1;SIKE1;SYCP1;LOC105378915;TSHB;TSPAN2;LOC124904359;LINC01765;NGF-AS1;NGF;LOC112268234;LOC124904375;LOC124900438;VANGL1;CASQ2;NHLH2;LINC01649;LOC101928977;SLC22A15;MAB21L3;LOC105378918;LOC124904384;LOC105378919;LOC105378920;LOC124904669;ATP1A1;ATP1A1-AS1;LINC01762;LOC112268235;CD58;LOC105378925;MIR548AC;LOC124904385;IGSF3;LOC105378924;MIR320B1;LINC02868;LOC105378926;CD2;LOC105378927;PTGFRN;CD101;LOC124904386;CD101-AS1;TTF2;MIR942;TRIM45;LOC124904387;VTCN1;LINC01525;MAN1A2;TENT5C-DT;TENT5C;LOC124900444;LOC105378929;GDAP2;WDR3;SPAG17;LOC105378930;LOC107985447;TBX15;LOC105378933;WARS2;WARS2-IT1;WARS2-AS1;LOC107985192;LOC124904832;LINC01780;HAO2;HAO2-IT1;HSD3B2;LOC124904388;LOC105378935;HSD3B1;HSD3BP4;LINC00622;ZNF697;LOC124904389;LOC124904390;LOC105378937;PHGDH;HMGCS2;REG4;NBPF7P;ADAM30;NOTCH2;LOC101929178;SEC22B;LOC124904391;LOC124904631;LOC101929788;NBPF8;PFN1P2;PDE4DIPP2;LOC107985524;LOC124904392;LOC105378944;NOTCH2NLR;NBPF26;RNVU1-19;LOC124904393;PPIAL4A;LINC00623;LOC100996720;RNVU1-4;LOC105369199;PDE4DIPP4;LOC124904394;H3P4;FCGR1BP;LOC100996318;H2BP1;FAM72B;SRGAP2C;LOC107985193;SRGAP2-AS1;LINC02798;EMBP1;LOC101929814;LOC105371172;LOC105371175;LOC107985200;LOC107985201;LOC101927452;LINC02799;LOC112268273;LOC124904406;RNVU1-17;RNVU1-18;LOC105369140;LINC02591;PDE4DIPP3;H2BP2;FCGR1CP;H3-7;LOC105371209;FAM72C;SRGAP2D;LOC105371207;LOC105371206;LINC02802;LOC101060524;CH17-125A10.2;PPIAL4E;RNVU1-15;NBPF15;LOC105371211;RNVU1-26;RNVU1-2A;LOC105379574;RNVU1-28;PPIAL4F;LINC01632;LOC105371215;KMT2CP1;DRD5P2;LSP1P5;LOC105371216;LOC105371217;SRGAP2B;LOC107985595;FAM72D;LOC101929805;LINC01145;LOC100996740;PPIAL4D;RNVU1-14;NBPF20;LOC105371288;RNVU1-31;PDE4DIPP5;NBPF25P;GPR89A;PDZK1;CD160;RNF115;POLR3C;NUDT17;PIAS3;MIR6736;ANKRD35;LOC107985593;ITGA10;PEX11B;GNRHR2;RBM8A;LIX1L-AS1;LIX1L;ANKRD34A;POLR3GL;TXNIP;HJV;RNVU1-6;LINC01719;NBPF10	MOV10;PRMT6;RBM15;RBM8A;TRIM33;WDR77	1	0.0425531914893617	0.008426966292134831	0.01818181818181818	1
chrY:246826:57107140:DEL	DEL						0	0.0425531914893617	0.016853932584269662	0.01818181818181818	1
chr4:1364139:1364202:DEL	DEL						0	0.5106382978723404	0.45786516853932585	0.4636363636363636	1
chr9:40270984:72000745:DEL	DEL	5	5	1.9	ANKRD20A2P;FAM95B1;GXYLT1P3;LOC124902159;LOC107986995;LOC124902160;LOC102724580;BMS1P14;LOC107984006;LOC107986993;LOC100132004;MIR1299;LOC107986997;FRG1HP;PGM5P2;LOC124902161;LOC105376058;LINC03025;FOXD4L6;ZNG1F;MIR4477A;LOC124902162;LOC124900272;LOC107984035;LOC105376065;LOC101928906;FAM27E2;FAM242F;LOC107987000;LOC105376063;LOC124902163;CNTNAP3B;SPATA31A6;FAM74A7;LOC112268036;FAM88E;LOC101927827;XLOC_007697;LOC102724818;LOC112268044;LOC105376067;LOC102724904;LOC105379434;SPATA31A5;FAM74A6;LOC107984126;LOC105379249;SPATA31A7;LOC124902165;FAM74A4;LOC105379435;CNTNAP3C;LOC105379437;FAM242D;FAM27C;FAM27E4;LOC105379807;LOC102723678;FAM242E;LOC107987007;LOC107987008;LOC105379439;LOC105379263;LOC124902168;FAM88C;FGF7P6;LOC128966771;LINC01189;FAM88F;LOC107987020;LINC01410;LOC100132249;PTGER4P2-CDK2AP2P2;LERFS;FAM88B;LOC107987004;LOC107987003;LOC286297;LOC105379814;AQP7P1;LOC100996643;LOC105379442;LOC107987009;LOC124902167;LINC00537;MIR4477B;FRG1JP;FLJ43315;LOC124902333;ANKRD20A4-ANKRD20A20P;LOC105379257;LOC101929583;LOC107987067;LOC124902169;LOC107987068;LOC100132154;LOC102724507;LOC105379443;LOC112268045;FOXD4L5;LOC105379444;LOC107987069;LOC105379446;LOC124902170;LOC105379447;FRG1KP;ZNG1E;FOXD4L4;LOC101928381;LOC124902171;LOC107987071;LOC101928195;LOC112267859;AQP7P3;LOC105379252;ANKRD20A3P;LOC642929;LOC107987073;LOC105379448;LOC124902172;ZNF658;FAM74A3;SPATA31A3;LOC105379450;CNTNAP3P2;LOC101927602;LOC105379451;LOC105379452;LOC105379453;LOC102723709;FAM27E3;FAM27B;LOC101928608;ANKRD20A1;ZNG1C;LOC124902173;FOXD4L3;LOC107987077;LOC101929800;LOC102723624;PGM5-AS1;PGM5;LOC105376070;LOC124902174;TMEM252;TMEM252-DT;LINC01506;LOC105376071;PIP5K1B;PABIR1;LOC101927069;PRKACG;FXN;TJP2;LOC124902175;LOC124902176;BANCR;ENTREP1;LOC124902177;APBA1;LOC124902178;PTAR1;LOC105376076;CFAP95-DT;CFAP95;LOC124902179;MAMDC2;MAMDC2-AS1;SMC5-DT;SMC5;KLF9;LOC124900273;KLF9-DT;LOC105376079;TRPM3;LOC107984011;LOC105376078;MIR204;LOC107987078;LOC124902180;LOC107987079;CEMIP2;ABHD17B;C9ORF85		0	0.2553191489361702	0.23595505617977527	0.22727272727272727	1
chr22:29178921:32131948:DEL	DEL						0	0.0851063829787234	0.07584269662921349	0.06363636363636363	1
chr21:41415515:44225636:DEL	DEL	5	5	1.9	MX1;TMPRSS2;LOC124905021;LOC124900472;LOC105372809;PCSEAT;LOC105372812;LOC107985478;LOC105372813;LINC00111;LINC00479;LINC00112;RIPK4;MIR6814;LOC102724800;PRDM15;C2CD2;SNORA91;ZBTB21;ZNF295-AS1;LOC107985502;UMODL1;UMODL1-AS1;ABCG1;LOC105372814;TFF3;TFF2;LOC105372815;TFF1;TMPRSS3;UBASH3A;RSPH1;RSPH1-DT;SLC37A1;LOC107987299;LOC101928212;LINC01671;LOC101928255;PDE9A;PDE9A-AS1;LOC107985504;LINC01668;WDR4;LOC105372817;NDUFV3;ERVH48-1;LOC124905022;LOC124905023;MIR5692B;LOC124905024;PKNOX1;CBS;U2AF1;LOC101928369;FRGCA;LOC107987300;CRYAA;LOC105372821;LOC124905025;LOC124905026;LINC00322;LOC124905027;LINC01679;LINC03039;LOC124905028;SIK1;LOC124905029;HSF2BP;LINC00319;LOC124900467;LINC00313;LOC102723380;H2BC12L;MIR6070;RRP1B;LOC124905030;LOC124905031;LOC124905032;PDXK;LOC105372824;CSTB;LOC105372825;RRP1;AATBC;LOC124905033;AGPAT3;LOC124905034;LOC105372826;LOC105372829;TRAPPC10;PWP2;GATD3;LINC01678;LOC124905035;LOC105377139;LOC105372832;LOC102725065;ICOSLG		0	0.2127659574468085	0.12640449438202248	0.19090909090909092	1
chr1:99320265:146136990:DEL	DEL	5	5	1.9	LOC107985093;LINC01708;PALMD;FRRS1;AGL;LOC124904230;SLC35A3;MFSD14A;SASS6;TRMT13;LRRC39;DBT;RTCA-AS1;RTCA;MIR553;CDC14A;LOC105379827;GPR88;LINC01349;LOC124904231;VCAM1;EXTL2;SLC30A7;DPH5;DPH5-DT;LOC124900440;LOC101928334;LOC124904817;S1PR1-DT;S1PR1;LOC102723784;LINC01307;LINC01709;OLFM3;DNAJA1P5;LOC107985095;LOC105378874;LOC112268286;LOC107985096;COL11A1;LOC124904593;RNPC3-DT;RNPC3;AMY2B;ACTG1P4;AMY2A;AMY1A;LOC124904594;AMY1B;LOC105378878;AMY1C;THAP3P1;LOC105378879;LOC105378880;LOC105378881;LINC01676;LOC105378882;LOC105378883;LINC01677;LOC124904595;LOC107985116;LOC105378886;LOC105378885;LOC124904596;LOC105378887;LOC124904232;LOC124904233;LINC01661;LOC105378888;PRMT6;NTNG1;VAV3;MIR7852;VAV3-AS1;LINC02785;SLC25A24;NBPF4;NBPF6;EEIG2;HENMT1;LOC105378890;PRPF38B;FNDC7;STXBP3;LOC105378891;AKNAD1;SPATA42;GPSM2;CLCC1;WDR47;TAF13;TMEM167B-DT;TMEM167B;SCARNA2;CFAP276;ELAPOR1;SARS1;CELSR2;PSRC1;MYBPHL;SORT1;PSMA5;SYPL2;ATXN7L2;CYB561D1;AMIGO1;LOC105378893;GPR61;GNAI3;MIR197;GNAT2;AMPD2;GSTM4;GSTM2;GSTM1;GSTM5;GSTM3;EPS8L3;LOC124904258;LINC01768;CSF1;AHCYL1;STRIP1;LOC105378895;ALX3;LINC01397;UBL4B;SLC6A17;SLC6A17-AS1;KCNC4-DT;KCNC4;RBM15-AS1;LOC124904276;RBM15;SLC16A4;LAMTOR5;LAMTOR5-AS1;PROK1;LOC105378899;LOC105378898;CYMP;CYMP-AS1;KCNA10;LOC124904292;KCNA2;KCNA3;LOC107985174;LOC124904296;LOC105378901;CD53;LRIF1;DRAM2;CEPT1;DENND2D;CHI3L2;CHIAP2;CHIA;LOC105378903;CIMAP3;LOC105378904;PGBP;OVGP1;LOC124904309;WDR77;ATP5PB;C1ORF162;TMIGD3;ADORA3;RAP1A;LINC01160;LOC107985184;INKA2;INKA2-AS1;LOC101928718;DDX20;KCND3;LOC124904312;KCND3-IT1;KCND3-AS1;LINC01750;LOC105378906;LOC124904319;LINC02884;LOC124904812;CTTNBP2NL;MIR4256;WNT2B;ST7L;CAPZA1;LOC124904810;MOV10;RHOC;PPM1J;PPM1J-DT;TAFA3;NUTF2P4;LINC01356;LINC01357;LOC105378911;MIR11399;LOC124904342;SLC16A1;AKR7A2P1;SLC16A1-AS1;LOC107985189;LRIG2-DT;LRIG2;LOC643441;MAGI3;PHTF1;RSBN1;AP4B1-AS1;PTPN22;BCL2L15;AP4B1;DCLRE1B;HIPK1-AS1;HIPK1;OLFML3;SYT6;LOC107985443;TRIM33;LOC124904348;BCAS2;LOC105378914;DENND2C;LOC124904354;AMPD1;NRAS;CSDE1;SIKE1;SYCP1;LOC105378915;TSHB;TSPAN2;LOC124904359;LINC01765;NGF-AS1;NGF;LOC112268234;LOC124904375;LOC124900438;VANGL1;CASQ2;NHLH2;LINC01649;LOC101928977;SLC22A15;MAB21L3;LOC105378918;LOC124904384;LOC105378919;LOC105378920;LOC124904669;ATP1A1;ATP1A1-AS1;LINC01762;LOC112268235;CD58;LOC105378925;MIR548AC;LOC124904385;IGSF3;LOC105378924;MIR320B1;LINC02868;LOC105378926;CD2;LOC105378927;PTGFRN;CD101;LOC124904386;CD101-AS1;TTF2;MIR942;TRIM45;LOC124904387;VTCN1;LINC01525;MAN1A2;TENT5C-DT;TENT5C;LOC124900444;LOC105378929;GDAP2;WDR3;SPAG17;LOC105378930;LOC107985447;TBX15;LOC105378933;WARS2;WARS2-IT1;WARS2-AS1;LOC107985192;LOC124904832;LINC01780;HAO2;HAO2-IT1;HSD3B2;LOC124904388;LOC105378935;HSD3B1;HSD3BP4;LINC00622;ZNF697;LOC124904389;LOC124904390;LOC105378937;PHGDH;HMGCS2;REG4;NBPF7P;ADAM30;NOTCH2;LOC101929178;SEC22B;LOC124904391;LOC124904631;LOC101929788;NBPF8;PFN1P2;PDE4DIPP2;LOC107985524;LOC124904392;LOC105378944;NOTCH2NLR;NBPF26;RNVU1-19;LOC124904393;PPIAL4A;LINC00623;LOC100996720;RNVU1-4;LOC105369199;PDE4DIPP4;LOC124904394;H3P4;FCGR1BP;LOC100996318;H2BP1;FAM72B;SRGAP2C;LOC107985193;SRGAP2-AS1;LINC02798;EMBP1;LOC101929814;LOC105371172;LOC105371175;LOC107985200;LOC107985201;LOC101927452;LINC02799;LOC112268273;LOC124904406;RNVU1-17;RNVU1-18;LOC105369140;LINC02591;PDE4DIPP3;H2BP2;FCGR1CP;H3-7;LOC105371209;FAM72C;SRGAP2D;LOC105371207;LOC105371206;LINC02802;LOC101060524;CH17-125A10.2;PPIAL4E;RNVU1-15;NBPF15;LOC105371211;RNVU1-26;RNVU1-2A;LOC105379574;RNVU1-28;PPIAL4F;LINC01632;LOC105371215;KMT2CP1;DRD5P2;LSP1P5;LOC105371216;LOC105371217;SRGAP2B;LOC107985595;FAM72D;LOC101929805;LINC01145;LOC100996740;PPIAL4D;RNVU1-14;NBPF20;LOC105371288;RNVU1-31;PDE4DIPP5;NBPF25P;GPR89A;PDZK1;CD160;RNF115;POLR3C;NUDT17;PIAS3;MIR6736;ANKRD35;LOC107985593;ITGA10;PEX11B;GNRHR2;RBM8A;LIX1L-AS1;LIX1L;ANKRD34A;POLR3GL;TXNIP;HJV;RNVU1-6;LINC01719;NBPF10	MOV10;PRMT6;RBM15;RBM8A;TRIM33;WDR77	1	0.0425531914893617	0.042134831460674156	0.02727272727272727	1
chr11:640039:640135:DEL	DEL	4	4	0.9	DRD4		0	0.0425531914893617	0.03089887640449438	0.02727272727272727	1
chr14:19652391:87976665:DEL	DEL	5	5	1.9	OR11H2;OR4Q3;LOC124903431;OR4M1;OR4N2;OR4K3;OR4K2;LOC124903278;OR4K1;OR4K5;OR4K15;OR4Q2;OR4K14;OR4K13;OR4L1;OR4K17;OR4N5;OR11G2;OR11H6;OR11H7;OR11H4;LOC124903279;TTC5;CCNB1IP1;SNORA79B;SNORD126;RPPH1;PARP2;TEP1;KLHL33;OSGEP;APEX1;PIP4P1;PNP;RNASE10;RNASE9;RNASE11;RNASE11-AS1;RNASE12;LOC124903280;OR6S1;LOC124903281;ANG;RNASE4;EGILA;LOC124903282;LOC107984671;EDDM3A;EDDM3B;RNASE6;LOC105370397;RNASE1;LOC100507513;RNASE3;RNASE2CP;RNASE2;METTL17;LOC101929718;SLC39A2;NDRG2;MIR6717;TPPP2;RNASE13;RNASE7;LOC105370398;RNASE8;ARHGEF40;ZNF219;TMEM253;LOC105378175;OR5AU1;LINC00641;HNRNPC;RPGRIP1;SUPT16H;LOC107984643;CHD8;SNORD9;SNORD8;LOC124903283;RAB2B;TOX4;METTL3;SALL2;OR10G3;OR10G2;OR4E2;OR4E1;LOC124903284;LOC107984649;TRD-AS1;LINC02332;LOC105370399;DAD1;ABHD4;OR6J1;OXA1L-DT;LOC124900351;OXA1L;SLC7A7;MRPL52;MMP14;LRP10;REM2;RBM23;PRMT5-AS1;PRMT5;LOC124903285;PRMT5-DT;HAUS4;MIR4707;AJUBA;LOC124903287;AJUBA-DT;C14ORF93;LOC124903286;PSMB5;PSMB11;CDH24;LOC105370705;ACIN1;LOC124903288;C14ORF119;CIROP;CEBPE;SLC7A8;RNF212B;LOC105370406;HOMEZ;PPP1R3E;BCL2L2;BCL2L2-PABPN1;PABPN1;SLC22A17;EFS;IL25;CMTM5;MYH6;MIR208A;MYH7;MHRT;MIR208B;NGDN;THTPA;ZFHX2;LOC124903289;AP1G2;AP1G2-AS1;JPH4;DHRS2;LOC105370407;LOC105370408;LOC105370410;LOC105370409;LINC00596;LOC105370411;DHRS4-AS1;DHRS4;LOC124903290;DHRS4L2;DHRS4L1;CARMIL3;LOC105370412;CPNE6;NRL;PCK2;DCAF11;FITM1;PSME1;EMC9;PSME2;MIR7703;RNF31;IRF9;REC8;IPO4;TM9SF1;TSSK4;CHMP4A;MDP1;NEDD8-MDP1;NEDD8;GMPR2;TINF2;TGM1;RABGGTA;NOP9;DHRS1;CIDEB;LTB4R2;LTB4R;ADCY4;RIPK3;LOC124903291;NFATC4;LOC124903292;NYNRIN;KHNYN;CBLN3;SDR39U1;LOC101927045;CMA1;CTSG;GZMH;GZMB;LOC105370413;STXBP6;LOC124903293;LOC124903294;LOC124903295;LINC02286;LOC105370415;LOC112268135;LOC124900350;LINC02306;LOC105370418;NOVA1;NOVA1-DT;LINC02294;LINC02293;LOC124903296;MIR4307HG;MIR4307;LOC105370419;LOC105370420;LOC105370421;MIR3171HG;LINC00645;MIR3171;LOC107984684;LINC02300;FOXG1-AS1;FOXG1;LINC01551;LINC02282;LINC02281;LINC02327;LOC107984685;LINC02326;LOC102724934;PRKD1;LOC124903297;LOC105370429;LOC112267868;LOC105370430;G2E3-AS1;LOC105370432;G2E3;SCFD1;COCH;LOC100506071;STRN3;MIR624;AP4S1;HECTD1;HEATR5A;HEATR5A-DT;DTD2;GPR33;LOC105370438;NUBPL-DT;NUBPL;LINC02313;LOC105370440;ARHGAP5-AS1;ARHGAP5;RNU6-7;RNU6-8;AKAP6;LOC124903298;NPAS3;LOC124903299;LOC124903300;SNORA89;EGLN3;LOC102724945;LOC105370446;EGLN3-AS1;LOC105370444;SPTSSA;EAPP;LOC105370447;LOC112268123;LOC105370449;SNX6;LOC107984628;CFL2;BAZ1A;BAZ1A-AS1;SRP54-AS1;IGBP1P1;SRP54;FAM177A1;LOC101927178;PPP2R3C;PRORP;PRORP-PSMA6;PSMA6;NFKBIA;LOC124903301;LOC107984681;LOC105370450;INSM2;RALGAPA1;SNORA101B;LOC124903425;BRMS1L;LOC105370452;LINC00609;PTCSC3;LOC124903302;LOC107984003;MBIP;SFTA3;NKX2-1;NKX2-1-AS1;LOC105370453;NKX2-8;LOC105370455;PAX9;SLC25A21;LOC107984668;MIR4503;SLC25A21-AS1;MIPOL1;LOC107984702;FOXA1;TTC6;LINC00517;LOC105370456;LOC124903303;SSTR1;CLEC14A;LOC112268136;LOC124903304;LINC00639;LOC105370457;LOC102723516;SEC23A;SEC23A-AS1;LOC105370459;GEMIN2;TRAPPC6B;PNN-AS1;PNN;MIA2;MIA2-AS1;FBXO33;LOC105370461;LOC105370460;LOC112267899;LOC105370464;LOC105370463;LOC105370462;LOC105370465;LOC105370466;LOC105370467;LINC02315;LRFN5-DT;LOC124900349;LRFN5;LOC124903305;LOC124903306;LOC105370470;LOC124903307;LINC02307;LINC02277;FSCB;LOC105370473;LOC105370472;LINC02302;C14ORF28;LOC101927418;KLHL28;TOGARAM1;PRPF39-DT;PRPF39;LOC124903416;SNORD127;FKBP3;FANCM;MIS18BP1;LOC107984674;LOC105370475;LOC105370476;LOC124903308;LOC107984644;LINC02303;LOC105370478;LOC105378177;LINC00871;LOC124903309;LOC105370480;LOC105370481;RPL10L;MDGA2;MIR548Y;LINC00648;LOC101927483;LOC105370482;LOC124903310;LOC124903311;LOC105378178;LOC107984701;RPS29;RN7SL1;LRR1;RPL36AL;MGAT2;DNAAF2;POLE2;KLHDC1;KLHDC2;NEMF;RN7SL3;LOC105378179;RN7SL2;ARF6;LOC100506446;MIR6076;LOC105370485;LINC01588;LINC01599;VCPKMT;SOS2;L2HGDH;MIR4504;DMAC2L;CDKL1;MAP4K5;LOC124903312;ATL1;SAV1;NIN;LOC124903313;LOC105370489;LOC124903423;ABHD12B;PYGL;LOC124903314;LOC400212;TRIM9;TMX1;LOC124900346;LOC124903315;LINC00519;LINC00640;LOC124900595;LOC105370495;LINC02310;FRMD6;FRMD6-AS2;FRMD6-AS1;LOC101927598;GNG2;LOC102723604;LOC105370497;RTRAF;NID2;LOC105378180;LINC02319;PTGDR;PTGER2;TXNDC16;GPR137C;ERO1A;PSMC6;STYX;GNPNAT1;LOC105370500;FERMT2;DDHD1;DDHD1-DT;LOC105370502;LOC105370504;LOC124903316;LINC02331;LOC107984676;MIR5580;BMP4;LOC124903317;LOC105370507;LOC105370505;CDKN3;CNIH1;GMFB;CGRRF1;SAMD4A;LOC112268133;SAMD4A-AS1;GCH1;MIR4308;WDHD1;SOCS4;MAPK1IP1L;LOC124903318;LOC124903319;LGALS3;DLGAP5;LOC105370508;LOC107984708;FBXO34-AS1;FBXO34;ATG14;TBPL2;KTN1-AS1;KTN1;LOC124903320;RPL13AP3;LINC00520;LOC105370511;LOC102723670;LOC105370512;LOC105370513;PELI2;LINC02284;LOC101927690;TMEM260;LOC124903322;OTX2;OTX2-AS1;LOC124903323;LOC124903324;EXOC5;AP5M1;NAA30;CCDC198;LOC105370519;SLC35F4;LOC105370518;ARMH4;ACTR10;PSMA3;PSMA3-AS1;LINC00216;ARID4A;TOMM20L-DT;TOMM20L;TIMM9;KIAA0586;DACT1;LOC102723725;LINC01500;LOC124903325;LOC107984692;LOC107984642;DAAM1;GPR135;L3HYPDH;JKAMP;LOC124903326;CCDC175;RTN1;MIR5586;LRRC9;PCNX4-DT;PCNX4;DHRS7;LOC101927702;PPM1A;LINC02322;C14ORF39;SIX6;SALRNA1;SIX1;MIR9718;SIX4;MNAT1;TRMT5;SLC38A6;LOC101927756;PRKCH;TMEM30B;PRKCH-AS1;LOC105370525;LINC01303;LINC03033;HIF1A-AS1;HIF1A;HIF1A-AS3;HIF1A-AS2;SNAPC1;SYT16;SERTAD4BP;LINC00644;LOC105370529;LOC105370528;KCNH5;LOC105370531;LOC105370530;RHOJ;GPHB5;PPP2R5E;LOC124903414;LOC112268140;WDR89;LOC105370532;SGPP1;LOC124903327;SYNE2;MIR548H1;ESR2;LOC124903328;TEX21P;MTHFD1;ZBTB25;AKAP5;ZBTB1;HSPA2-AS1;HSPA2;PPP1R36;PLEKHG3;SPTB;MIR7855;LOC105370534;CHURC1-FNTB;CHURC1;GPX2;RAB15;LOC107984655;FNTB;MAX;MIR4706;LOC100506321;LOC124903329;LINC02324;MIR4708;FUT8;FUT8-AS1;MIR625;LOC107984641;LINC02290;CCDC196;GPHN;LOC124903332;LOC105370538;GARIN2;LOC124903330;PALS1;ATP6V1D;EIF2S1;PLEK2;MIR5694;LOC105370542;TMEM229B;PLEKHH1;PIGH;ARG2;LOC124903331;VTI1B;RDH11;RDH12;ZFYVE26;RAD51B;LOC105370546;LOC101927971;LOC124903334;LOC124903335;LOC107984016;LOC100996664;LOC124903333;LOC105370547;LOC107984709;ZFP36L1;ACTN1;LOC124903336;ACTN1-DT;DCAF5;GALNT16-AS1;EXD2;GALNT16;LOC105370549;ERH;SLC39A9;PLEKHD1;CCDC177;SUSD6;LOC100289511;SRSF5;SLC10A1;LOC124900353;LOC100506358;SMOC1;SNORD169;SLC8A3;LOC646548;LOC107984686;LOC124903338;ADAM21P1;LOC101928046;LOC105370552;COX16;SYNJ2BP-COX16;LOC124903340;SYNJ2BP;LOC124903339;ADAM21;ADAM20P1;ADAM20;LOC105370556;MED6;TTC9-DT;TTC9;LINC01269;MAP3K9;MAP3K9-DT;LOC124903341;PCNX1;LOC105370557;LOC105370706;LOC107984654;SIPA1L1-AS1;SIPA1L1;SNORD56B;LOC145474;LOC124903342;RGS6;LOC124903404;LOC124903343;LOC105370559;MIR7843;DPF3;LOC107984711;DCAF4;ZFYVE1;RBM25-AS1;RBM25;PSEN1;PAPLN;PAPLN-AS1;NUMB;LOC101928143;HEATR4;RIOX1;ACOT1;LOC124903344;ACOT2;ACOT4;ACOT6;DNAL1;PNMA1;MIDEAS;LOC124903345;MIR4505;MIDEAS-AS1;LOC124903424;LINC02274;PTGR2;ZNF410;FAM161B;COQ6;ENTPD5;BBOF1;ALDH6A1;LIN52;LOC105370563;LOC105370564;VSX2;ABCD4;VRTN;SYNDIG1L;NPC2;MIR4709;ISCA2;LTBP2;LOC124903347;LOC124903346;LOC101928352;LOC105370567;AREL1;FCF1;YLPM1;LOC105370569;PROX2;LOC124903348;DLST;RPS6KL1;PGF;LOC107984690;EIF2B2;MLH3;ACYP1;ZC2HC1C;NEK9;TMED10;FOS;LINC01220;JDP2-AS1;JDP2;LOC105370572;BATF;LOC107984653;FLVCR2-AS1;FLVCR2;ERG28;TTLL5;TGFB3;IFT43;LOC105370573;GPATCH2L;LOC105370575;ESRRB;LOC105370576;LOC105370577;VASH1;VASH1-AS1;ANGEL1;LRRC74A;LOC124903349;LINC01629;IRF2BPL;LOC107984638;LOC105370579;LINC02288;LINC02289;LOC124903350;CIPC;ZDHHC22;TMEM63C;LOC124903351;NGB;MIR1260A;POMT2;GSTZ1;TMED8;SAMD15;NOXRED1;VIPAS39;AHSA1;ISM2;SPTLC2;ALKBH1;SLIRP;SNW1;C14ORF178;ADCK1;LOC105370581;NRXN3;LOC105370589;LOC124903353;LOC105370588;LOC124903352;LOC105370586;LOC124903354;LOC105370583;LOC105370582;LOC107984630;LOC112267892;LOC105370590;LOC105370591;LOC105370593;DIO2;DIO2-AS1;CEP128;TSHR;LOC101928462;LOC105370594;GTF2A1;SNORA79;GTF2A1-AS1;STON2;LINC02308;SEL1L;LINC01467;LINC02311;LOC107984704;LOC105370598;LOC105370599;LOC124903428;LINC02301;LOC105370600;LOC107984645;LOC105370601;LINC02305;LOC124903401;LOC124903402;LOC105370603;LOC105370604;SNORD3P3;LINC02329;LINC00911;FLRT2-AS1;FLRT2;LINC02328;LINC02316;LINC02309;LINC01148;LOC105370608;LINC02296;LINC02330;GALC;LOC124903355	ALKBH1;APEX1;ARID4A;BAZ1A;BRMS1L;CHD8;DPF3;FOXA1;JDP2;MAX;MBIP;METTL3;MIS18BP1;NEK9;PARP2;PRMT5;RBM25;SUPT16H	1	0.0425531914893617	0.056179775280898875	0.02727272727272727	0
chr1:108190708:108194629:DEL	DEL	4	4	0.9	SLC25A24		0	0.02127659574468085	0.016853932584269662	0.00909090909090909	1
chr11:9839671:9839720:DEL	DEL						0	0.02127659574468085	0.0056179775280898875	0.00909090909090909	1
chr14:19617570:88011699:DEL	DEL	5	5	1.9	OR11H2;OR4Q3;LOC124903431;OR4M1;OR4N2;OR4K3;OR4K2;LOC124903278;OR4K1;OR4K5;OR4K15;OR4Q2;OR4K14;OR4K13;OR4L1;OR4K17;OR4N5;OR11G2;OR11H6;OR11H7;OR11H4;LOC124903279;TTC5;CCNB1IP1;SNORA79B;SNORD126;RPPH1;PARP2;TEP1;KLHL33;OSGEP;APEX1;PIP4P1;PNP;RNASE10;RNASE9;RNASE11;RNASE11-AS1;RNASE12;LOC124903280;OR6S1;LOC124903281;ANG;RNASE4;EGILA;LOC124903282;LOC107984671;EDDM3A;EDDM3B;RNASE6;LOC105370397;RNASE1;LOC100507513;RNASE3;RNASE2CP;RNASE2;METTL17;LOC101929718;SLC39A2;NDRG2;MIR6717;TPPP2;RNASE13;RNASE7;LOC105370398;RNASE8;ARHGEF40;ZNF219;TMEM253;LOC105378175;OR5AU1;LINC00641;HNRNPC;RPGRIP1;SUPT16H;LOC107984643;CHD8;SNORD9;SNORD8;LOC124903283;RAB2B;TOX4;METTL3;SALL2;OR10G3;OR10G2;OR4E2;OR4E1;LOC124903284;LOC107984649;TRD-AS1;LINC02332;LOC105370399;DAD1;ABHD4;OR6J1;OXA1L-DT;LOC124900351;OXA1L;SLC7A7;MRPL52;MMP14;LRP10;REM2;RBM23;PRMT5-AS1;PRMT5;LOC124903285;PRMT5-DT;HAUS4;MIR4707;AJUBA;LOC124903287;AJUBA-DT;C14ORF93;LOC124903286;PSMB5;PSMB11;CDH24;LOC105370705;ACIN1;LOC124903288;C14ORF119;CIROP;CEBPE;SLC7A8;RNF212B;LOC105370406;HOMEZ;PPP1R3E;BCL2L2;BCL2L2-PABPN1;PABPN1;SLC22A17;EFS;IL25;CMTM5;MYH6;MIR208A;MYH7;MHRT;MIR208B;NGDN;THTPA;ZFHX2;LOC124903289;AP1G2;AP1G2-AS1;JPH4;DHRS2;LOC105370407;LOC105370408;LOC105370410;LOC105370409;LINC00596;LOC105370411;DHRS4-AS1;DHRS4;LOC124903290;DHRS4L2;DHRS4L1;CARMIL3;LOC105370412;CPNE6;NRL;PCK2;DCAF11;FITM1;PSME1;EMC9;PSME2;MIR7703;RNF31;IRF9;REC8;IPO4;TM9SF1;TSSK4;CHMP4A;MDP1;NEDD8-MDP1;NEDD8;GMPR2;TINF2;TGM1;RABGGTA;NOP9;DHRS1;CIDEB;LTB4R2;LTB4R;ADCY4;RIPK3;LOC124903291;NFATC4;LOC124903292;NYNRIN;KHNYN;CBLN3;SDR39U1;LOC101927045;CMA1;CTSG;GZMH;GZMB;LOC105370413;STXBP6;LOC124903293;LOC124903294;LOC124903295;LINC02286;LOC105370415;LOC112268135;LOC124900350;LINC02306;LOC105370418;NOVA1;NOVA1-DT;LINC02294;LINC02293;LOC124903296;MIR4307HG;MIR4307;LOC105370419;LOC105370420;LOC105370421;MIR3171HG;LINC00645;MIR3171;LOC107984684;LINC02300;FOXG1-AS1;FOXG1;LINC01551;LINC02282;LINC02281;LINC02327;LOC107984685;LINC02326;LOC102724934;PRKD1;LOC124903297;LOC105370429;LOC112267868;LOC105370430;G2E3-AS1;LOC105370432;G2E3;SCFD1;COCH;LOC100506071;STRN3;MIR624;AP4S1;HECTD1;HEATR5A;HEATR5A-DT;DTD2;GPR33;LOC105370438;NUBPL-DT;NUBPL;LINC02313;LOC105370440;ARHGAP5-AS1;ARHGAP5;RNU6-7;RNU6-8;AKAP6;LOC124903298;NPAS3;LOC124903299;LOC124903300;SNORA89;EGLN3;LOC102724945;LOC105370446;EGLN3-AS1;LOC105370444;SPTSSA;EAPP;LOC105370447;LOC112268123;LOC105370449;SNX6;LOC107984628;CFL2;BAZ1A;BAZ1A-AS1;SRP54-AS1;IGBP1P1;SRP54;FAM177A1;LOC101927178;PPP2R3C;PRORP;PRORP-PSMA6;PSMA6;NFKBIA;LOC124903301;LOC107984681;LOC105370450;INSM2;RALGAPA1;SNORA101B;LOC124903425;BRMS1L;LOC105370452;LINC00609;PTCSC3;LOC124903302;LOC107984003;MBIP;SFTA3;NKX2-1;NKX2-1-AS1;LOC105370453;NKX2-8;LOC105370455;PAX9;SLC25A21;LOC107984668;MIR4503;SLC25A21-AS1;MIPOL1;LOC107984702;FOXA1;TTC6;LINC00517;LOC105370456;LOC124903303;SSTR1;CLEC14A;LOC112268136;LOC124903304;LINC00639;LOC105370457;LOC102723516;SEC23A;SEC23A-AS1;LOC105370459;GEMIN2;TRAPPC6B;PNN-AS1;PNN;MIA2;MIA2-AS1;FBXO33;LOC105370461;LOC105370460;LOC112267899;LOC105370464;LOC105370463;LOC105370462;LOC105370465;LOC105370466;LOC105370467;LINC02315;LRFN5-DT;LOC124900349;LRFN5;LOC124903305;LOC124903306;LOC105370470;LOC124903307;LINC02307;LINC02277;FSCB;LOC105370473;LOC105370472;LINC02302;C14ORF28;LOC101927418;KLHL28;TOGARAM1;PRPF39-DT;PRPF39;LOC124903416;SNORD127;FKBP3;FANCM;MIS18BP1;LOC107984674;LOC105370475;LOC105370476;LOC124903308;LOC107984644;LINC02303;LOC105370478;LOC105378177;LINC00871;LOC124903309;LOC105370480;LOC105370481;RPL10L;MDGA2;MIR548Y;LINC00648;LOC101927483;LOC105370482;LOC124903310;LOC124903311;LOC105378178;LOC107984701;RPS29;RN7SL1;LRR1;RPL36AL;MGAT2;DNAAF2;POLE2;KLHDC1;KLHDC2;NEMF;RN7SL3;LOC105378179;RN7SL2;ARF6;LOC100506446;MIR6076;LOC105370485;LINC01588;LINC01599;VCPKMT;SOS2;L2HGDH;MIR4504;DMAC2L;CDKL1;MAP4K5;LOC124903312;ATL1;SAV1;NIN;LOC124903313;LOC105370489;LOC124903423;ABHD12B;PYGL;LOC124903314;LOC400212;TRIM9;TMX1;LOC124900346;LOC124903315;LINC00519;LINC00640;LOC124900595;LOC105370495;LINC02310;FRMD6;FRMD6-AS2;FRMD6-AS1;LOC101927598;GNG2;LOC102723604;LOC105370497;RTRAF;NID2;LOC105378180;LINC02319;PTGDR;PTGER2;TXNDC16;GPR137C;ERO1A;PSMC6;STYX;GNPNAT1;LOC105370500;FERMT2;DDHD1;DDHD1-DT;LOC105370502;LOC105370504;LOC124903316;LINC02331;LOC107984676;MIR5580;BMP4;LOC124903317;LOC105370507;LOC105370505;CDKN3;CNIH1;GMFB;CGRRF1;SAMD4A;LOC112268133;SAMD4A-AS1;GCH1;MIR4308;WDHD1;SOCS4;MAPK1IP1L;LOC124903318;LOC124903319;LGALS3;DLGAP5;LOC105370508;LOC107984708;FBXO34-AS1;FBXO34;ATG14;TBPL2;KTN1-AS1;KTN1;LOC124903320;RPL13AP3;LINC00520;LOC105370511;LOC102723670;LOC105370512;LOC105370513;PELI2;LINC02284;LOC101927690;TMEM260;LOC124903322;OTX2;OTX2-AS1;LOC124903323;LOC124903324;EXOC5;AP5M1;NAA30;CCDC198;LOC105370519;SLC35F4;LOC105370518;ARMH4;ACTR10;PSMA3;PSMA3-AS1;LINC00216;ARID4A;TOMM20L-DT;TOMM20L;TIMM9;KIAA0586;DACT1;LOC102723725;LINC01500;LOC124903325;LOC107984692;LOC107984642;DAAM1;GPR135;L3HYPDH;JKAMP;LOC124903326;CCDC175;RTN1;MIR5586;LRRC9;PCNX4-DT;PCNX4;DHRS7;LOC101927702;PPM1A;LINC02322;C14ORF39;SIX6;SALRNA1;SIX1;MIR9718;SIX4;MNAT1;TRMT5;SLC38A6;LOC101927756;PRKCH;TMEM30B;PRKCH-AS1;LOC105370525;LINC01303;LINC03033;HIF1A-AS1;HIF1A;HIF1A-AS3;HIF1A-AS2;SNAPC1;SYT16;SERTAD4BP;LINC00644;LOC105370529;LOC105370528;KCNH5;LOC105370531;LOC105370530;RHOJ;GPHB5;PPP2R5E;LOC124903414;LOC112268140;WDR89;LOC105370532;SGPP1;LOC124903327;SYNE2;MIR548H1;ESR2;LOC124903328;TEX21P;MTHFD1;ZBTB25;AKAP5;ZBTB1;HSPA2-AS1;HSPA2;PPP1R36;PLEKHG3;SPTB;MIR7855;LOC105370534;CHURC1-FNTB;CHURC1;GPX2;RAB15;LOC107984655;FNTB;MAX;MIR4706;LOC100506321;LOC124903329;LINC02324;MIR4708;FUT8;FUT8-AS1;MIR625;LOC107984641;LINC02290;CCDC196;GPHN;LOC124903332;LOC105370538;GARIN2;LOC124903330;PALS1;ATP6V1D;EIF2S1;PLEK2;MIR5694;LOC105370542;TMEM229B;PLEKHH1;PIGH;ARG2;LOC124903331;VTI1B;RDH11;RDH12;ZFYVE26;RAD51B;LOC105370546;LOC101927971;LOC124903334;LOC124903335;LOC107984016;LOC100996664;LOC124903333;LOC105370547;LOC107984709;ZFP36L1;ACTN1;LOC124903336;ACTN1-DT;DCAF5;GALNT16-AS1;EXD2;GALNT16;LOC105370549;ERH;SLC39A9;PLEKHD1;CCDC177;SUSD6;LOC100289511;SRSF5;SLC10A1;LOC124900353;LOC100506358;SMOC1;SNORD169;SLC8A3;LOC646548;LOC107984686;LOC124903338;ADAM21P1;LOC101928046;LOC105370552;COX16;SYNJ2BP-COX16;LOC124903340;SYNJ2BP;LOC124903339;ADAM21;ADAM20P1;ADAM20;LOC105370556;MED6;TTC9-DT;TTC9;LINC01269;MAP3K9;MAP3K9-DT;LOC124903341;PCNX1;LOC105370557;LOC105370706;LOC107984654;SIPA1L1-AS1;SIPA1L1;SNORD56B;LOC145474;LOC124903342;RGS6;LOC124903404;LOC124903343;LOC105370559;MIR7843;DPF3;LOC107984711;DCAF4;ZFYVE1;RBM25-AS1;RBM25;PSEN1;PAPLN;PAPLN-AS1;NUMB;LOC101928143;HEATR4;RIOX1;ACOT1;LOC124903344;ACOT2;ACOT4;ACOT6;DNAL1;PNMA1;MIDEAS;LOC124903345;MIR4505;MIDEAS-AS1;LOC124903424;LINC02274;PTGR2;ZNF410;FAM161B;COQ6;ENTPD5;BBOF1;ALDH6A1;LIN52;LOC105370563;LOC105370564;VSX2;ABCD4;VRTN;SYNDIG1L;NPC2;MIR4709;ISCA2;LTBP2;LOC124903347;LOC124903346;LOC101928352;LOC105370567;AREL1;FCF1;YLPM1;LOC105370569;PROX2;LOC124903348;DLST;RPS6KL1;PGF;LOC107984690;EIF2B2;MLH3;ACYP1;ZC2HC1C;NEK9;TMED10;FOS;LINC01220;JDP2-AS1;JDP2;LOC105370572;BATF;LOC107984653;FLVCR2-AS1;FLVCR2;ERG28;TTLL5;TGFB3;IFT43;LOC105370573;GPATCH2L;LOC105370575;ESRRB;LOC105370576;LOC105370577;VASH1;VASH1-AS1;ANGEL1;LRRC74A;LOC124903349;LINC01629;IRF2BPL;LOC107984638;LOC105370579;LINC02288;LINC02289;LOC124903350;CIPC;ZDHHC22;TMEM63C;LOC124903351;NGB;MIR1260A;POMT2;GSTZ1;TMED8;SAMD15;NOXRED1;VIPAS39;AHSA1;ISM2;SPTLC2;ALKBH1;SLIRP;SNW1;C14ORF178;ADCK1;LOC105370581;NRXN3;LOC105370589;LOC124903353;LOC105370588;LOC124903352;LOC105370586;LOC124903354;LOC105370583;LOC105370582;LOC107984630;LOC112267892;LOC105370590;LOC105370591;LOC105370593;DIO2;DIO2-AS1;CEP128;TSHR;LOC101928462;LOC105370594;GTF2A1;SNORA79;GTF2A1-AS1;STON2;LINC02308;SEL1L;LINC01467;LINC02311;LOC107984704;LOC105370598;LOC105370599;LOC124903428;LINC02301;LOC105370600;LOC107984645;LOC105370601;LINC02305;LOC124903401;LOC124903402;LOC105370603;LOC105370604;SNORD3P3;LINC02329;LINC00911;FLRT2-AS1;FLRT2;LINC02328;LINC02316;LINC02309;LINC01148;LOC105370608;LINC02296;LINC02330;GALC;LOC124903355;GPR65	ALKBH1;APEX1;ARID4A;BAZ1A;BRMS1L;CHD8;DPF3;FOXA1;JDP2;MAX;MBIP;METTL3;MIS18BP1;NEK9;PARP2;PRMT5;RBM25;SUPT16H	1	0.7659574468085106	0.7556179775280899	0.7545454545454545	1
chr22:21378521:29248808:DEL	DEL						0	0.14893617021276595	0.12640449438202248	0.14545454545454545	1
chr21:41473874:44165619:DEL	DEL						0	0.02127659574468085	0.03651685393258427	0.01818181818181818	0
chr22:32084637:32084733:DEL	DEL	4	4	0.9	SLC5A1		0	0.02127659574468085	0.011235955056179775	0.01818181818181818	1
chr4:49306352:140903640:DEL	DEL						0	0.02127659574468085	0.05337078651685393	0.01818181818181818	0
chr14:77236308:77236383:DEL	DEL						0	0.14893617021276595	0.2640449438202247	0.16363636363636364	0
chr5:483416:483461:DEL	DEL						0	0.19148936170212766	0.12640449438202248	0.21818181818181817	0
chr1:105750164:143270078:DEL	DEL						0	0.06382978723404255	0.05056179775280899	0.08181818181818182	0
chr1:152355608:152355839:DEL	DEL						0	0.19148936170212766	0.22752808988764045	0.22727272727272727	0
chr1:105417121:143223844:DUP	DUP	5	5	1.9	LOC105378881;LINC01676;LOC105378882;LOC105378883;LINC01677;LOC124904595;LOC107985116;LOC105378886;LOC105378885;LOC124904596;LOC105378887;LOC124904232;LOC124904233;LINC01661;LOC105378888;PRMT6;NTNG1;VAV3;MIR7852;VAV3-AS1;LINC02785;SLC25A24;NBPF4;NBPF6;EEIG2;HENMT1;LOC105378890;PRPF38B;FNDC7;STXBP3;LOC105378891;AKNAD1;SPATA42;GPSM2;CLCC1;WDR47;TAF13;TMEM167B-DT;TMEM167B;SCARNA2;CFAP276;ELAPOR1;SARS1;CELSR2;PSRC1;MYBPHL;SORT1;PSMA5;SYPL2;ATXN7L2;CYB561D1;AMIGO1;LOC105378893;GPR61;GNAI3;MIR197;GNAT2;AMPD2;GSTM4;GSTM2;GSTM1;GSTM5;GSTM3;EPS8L3;LOC124904258;LINC01768;CSF1;AHCYL1;STRIP1;LOC105378895;ALX3;LINC01397;UBL4B;SLC6A17;SLC6A17-AS1;KCNC4-DT;KCNC4;RBM15-AS1;LOC124904276;RBM15;SLC16A4;LAMTOR5;LAMTOR5-AS1;PROK1;LOC105378899;LOC105378898;CYMP;CYMP-AS1;KCNA10;LOC124904292;KCNA2;KCNA3;LOC107985174;LOC124904296;LOC105378901;CD53;LRIF1;DRAM2;CEPT1;DENND2D;CHI3L2;CHIAP2;CHIA;LOC105378903;CIMAP3;LOC105378904;PGBP;OVGP1;LOC124904309;WDR77;ATP5PB;C1ORF162;TMIGD3;ADORA3;RAP1A;LINC01160;LOC107985184;INKA2;INKA2-AS1;LOC101928718;DDX20;KCND3;LOC124904312;KCND3-IT1;KCND3-AS1;LINC01750;LOC105378906;LOC124904319;LINC02884;LOC124904812;CTTNBP2NL;MIR4256;WNT2B;ST7L;CAPZA1;LOC124904810;MOV10;RHOC;PPM1J;PPM1J-DT;TAFA3;NUTF2P4;LINC01356;LINC01357;LOC105378911;MIR11399;LOC124904342;SLC16A1;AKR7A2P1;SLC16A1-AS1;LOC107985189;LRIG2-DT;LRIG2;LOC643441;MAGI3;PHTF1;RSBN1;AP4B1-AS1;PTPN22;BCL2L15;AP4B1;DCLRE1B;HIPK1-AS1;HIPK1;OLFML3;SYT6;LOC107985443;TRIM33;LOC124904348;BCAS2;LOC105378914;DENND2C;LOC124904354;AMPD1;NRAS;CSDE1;SIKE1;SYCP1;LOC105378915;TSHB;TSPAN2;LOC124904359;LINC01765;NGF-AS1;NGF;LOC112268234;LOC124904375;LOC124900438;VANGL1;CASQ2;NHLH2;LINC01649;LOC101928977;SLC22A15;MAB21L3;LOC105378918;LOC124904384;LOC105378919;LOC105378920;LOC124904669;ATP1A1;ATP1A1-AS1;LINC01762;LOC112268235;CD58;LOC105378925;MIR548AC;LOC124904385;IGSF3;LOC105378924;MIR320B1;LINC02868;LOC105378926;CD2;LOC105378927;PTGFRN;CD101;LOC124904386;CD101-AS1;TTF2;MIR942;TRIM45;LOC124904387;VTCN1;LINC01525;MAN1A2;TENT5C-DT;TENT5C;LOC124900444;LOC105378929;GDAP2;WDR3;SPAG17;LOC105378930;LOC107985447;TBX15;LOC105378933;WARS2;WARS2-IT1;WARS2-AS1;LOC107985192;LOC124904832;LINC01780;HAO2;HAO2-IT1;HSD3B2;LOC124904388;LOC105378935;HSD3B1;HSD3BP4;LINC00622;ZNF697;LOC124904389;LOC124904390;LOC105378937;PHGDH;HMGCS2;REG4;NBPF7P;ADAM30;NOTCH2;LOC101929178;SEC22B;LOC124904391;LOC124904631;LOC101929788;NBPF8;PFN1P2;PDE4DIPP2;LOC107985524;LOC124904392;LOC105378944;NOTCH2NLR;NBPF26;RNVU1-19;LOC124904393;PPIAL4A;LINC00623;LOC100996720;RNVU1-4;LOC105369199;PDE4DIPP4;LOC124904394;H3P4;FCGR1BP;LOC100996318;H2BP1;FAM72B;SRGAP2C;LOC107985193;SRGAP2-AS1;LINC02798;EMBP1	MOV10;PRMT6;RBM15;TRIM33;WDR77	1	0.02127659574468085	0.0449438202247191	0.02727272727272727	0
chrX:70897638:70897700:DEL	DEL						0	0.06382978723404255	0.05337078651685393	0.09090909090909091	0
chr21:41491854:44147687:DEL	DEL						0	0.02127659574468085	0.047752808988764044	0.03636363636363636	0
chr13:110646911:110646956:DEL	DEL						0	0.3404255319148936	0.38764044943820225	0.4090909090909091	0
chr7:248511:248558:DEL	DEL						0	0.2553191489361702	0.3146067415730337	0.4090909090909091	0
chr1:45496391:45504908:DEL	DEL	5	5	1.0	CCDC163;MMACHC		0	0.0	0.0028089887640449437	0.0	0
chr1:105709468:143261141:DEL	DEL						0	0.0	0.0	0.00909090909090909	0
chr1:105412219:143281037:DEL	DEL						0	0.0	0.0028089887640449437	0.0	0
chr1:103822304:144813717:DEL	DEL						0	0.0	0.014044943820224719	0.0	0
chr1:152304272:152305244:DEL	DEL						0	0.0	0.0028089887640449437	0.0	0
chr1:152306974:152307177:DEL	DEL						0	0.0	0.0028089887640449437	0.0	0
chr11:61364794:61367568:DEL	DEL	5	5	1.0	TMEM138		0	0.0	0.0028089887640449437	0.0	0
chr12:96652131:96725162:DEL	DEL	4	4	0.9	CFAP54		0	0.0	0.0	0.00909090909090909	0
chr12:96140819:96890276:DEL	DEL	5	5	1.0	LINC02452;ELK3;LOC124902991;CDK17;CFAP54	CDK17	1	0.0	0.0028089887640449437	0.0	0
chr12:96469027:97561070:DEL	DEL	5	5	1.0	CFAP54;NEDD1;LOC124902992;LOC124902993;LOC105369928;LOC105369927;LOC101928912;LINC02409;LOC105369930;RMST;MIR1251		0	0.0	0.0028089887640449437	0.0	0
chr16:22457760:66420975:DEL	DEL	5	5	1.9	SMG1P1;LOC124903802;NPIPB5;LOC105371131;OTOAP1;LOC112268175;LINC02890;LOC107984851;HS3ST2;LOC112268176;USP31;SCNN1G;SCNN1B;COG7;LOC124903667;GGA2;EARS2;UBFD1;NDUFAB1;PALB2;DCTN5;PLK1;ERN2;CHP2;PRKCB;MIR1273H;LINC02194;CACNG3;LOC124900377;LOC105371143;RBBP6;TNRC6A;LINC01567;SLC5A11;ARHGAP17;LOC554206;LINC02175;LCMT1-AS1;LCMT1;LCMT1-AS2;AQP8;ZKSCAN2;ZKSCAN2-DT;LINC02191;LOC105371147;LOC105369297;HS3ST4;MIR548W;LOC105371149;LOC105371150;LOC102723536;LINC02195;LOC105371153;LOC105371154;C16ORF82;LOC105371155;LINC02129;KDM8;NSMCE1;NSMCE1-DT;IL4R;IL21R;LOC124903668;IL21R-AS1;GTF3C1;KATNIP;LOC107984874;LOC100128079;LOC105371157;GSG1L;LOC124903669;XPO6;SBK1;LOC124903670;NPIPB6;EIF3CL;MIR6862-1;LOC124903790;NPIPB7;CLN3;APOBR;IL27;NUPR1;SGF29;SULT1A2;SULT1A1;LOC107984835;LOC124903674;NPIPB8;LOC124903791;EIF3C;MIR6862-2;LOC124903761;NPIPB9;LOC124903792;LOC124903672;ATXN2L;TUFM;MIR4721;SH2B1;ATP2A1;ATP2A1-AS1;RABEP2;CD19;NFATC2IP;NFATC2IP-AS1;MIR4517;SPNS1;LAT;LOC124903793;RRN3P2;LOC101928215;LOC124903671;LOC101928188;LOC102723708;LOC124903676;LOC105371159;SNX29P2;NPIPB11;SMG1P6;LOC124903796;BOLA2-SMG1P6;LOC606724;BOLA2;SLX1B;SLX1B-SULT1A4;SULT1A4;LOC388242;NPIPB12;LOC124903797;SMG1P2;LOC105371168;MIR3680-2;SPN;QPRT;C16ORF54;LOC124903673;ZG16;LOC124903675;LOC105371167;KIF22;MAZ;MVP-DT;PRRT2;PAGR1;MVP;CDIPT;CDIPTOSP;SEZ6L2;ASPHD1;KCTD13;KCTD13-DT;TMEM219;LOC124903762;TAOK2;HIRIP3;INO80E;DOC2A;C16ORF92;TLCD3B;LOC112694756;ALDOA;PPP4C;TBX6;YPEL3;YPEL3-DT;GDPD3;MAPK3;CORO1A-AS1;CORO1A;BOLA2B;SLX1A;SLX1A-SULT1A3;SULT1A3;LOC613038;LOC101929894;NPIPB13;LOC124903798;SMG1P5;CD2BP2;CD2BP2-DT;TBC1D10B;MYL11;SEPTIN1;ZNF48;ZNF771;SNORA80C;DCTPP1;SEPHS2;ITGAL;ITGAL-AS1;MIR4518;ZNF768;ZNF747;ZNF747-DT;LOC124903677;ZNF764;ZNF688;ZNF785;ZNF689;LOC124903678;PRR14;FBRS;LOC730183;SRCAP;SNORA30;TMEM265;PHKG2;CFAP119;RNF40;ZNF629;LOC124903679;BCL7C;MIR4519;MIR762HG;MIR762;CTF1;FBXL19-AS1;FBXL19;ORAI3;SETD1A;HSD3B7;STX1B;STX4;ZNF668;ZNF646;PRSS53;VKORC1;LOC124903680;BCKDK;KAT8;PRSS8;PRSS36;FUS;PYCARD;PYCARD-AS1;TRIM72;PYDC1;ITGAM;ITGAX;ITGAD;COX6A2;ZNF843;ARMC5;TGFB1I1;SLC5A2;RUSF1;RUSF1-DT;AHSP;LINC02190;FRG2KP;YBX3P1;CLUHP3;KRBOX5;LOC107983990;VN1R3;ZNF267;LOC124903681;LOC105371174;HERC2P4;LOC105379466;TP53TG3D;LOC100507221;LOC390705;LOC105371191;FAM153DP;LOC107984013;TP53TG3;LOC105371177;SLC6A10P;TP53TG3C;LOC124903683;TP53TG3E;LOC105369266;TP53TG3B;LOC105379473;TP53TG3F;LOC105379474;LOC101929031;LOC107984855;LOC107984083;LOC102724207;ENPP7P13;LOC105369183;LINC00273;MIR9901;CCNYL1B;LOC107987236;LOC124903767;LOC102724523;LINC02184;LOC162137;LOC107984902;CCNYL3;LOC105371197;UBE2MP1;LOC112268173;LOC105371200;LOC124903769;LOC124903768;LOC105371199;LOC105371198;LINC01566;LOC105371201;LOC105371203;FRG2DP;TP53TG3HP;LOC105371204;LINC02167;ANKRD26P1;SHCBP1;VPS35;ORC6;MYLK3;C16ORF87;GPT2;SNORD148;DNAJA2;DNAJA2-DT;NETO2;LOC124903806;ITFG1-AS1;ITFG1;LOC101927080;PHKB;LOC105371236;LINC02192;LINC02133;LOC124903685;LOC105371237;LINC02134;LOC124903686;ABCC12;ABCC11;LONP2;SIAH1;LOC124903786;N4BP1;LOC124903687;LOC105371240;LOC124903794;LOC105371241;LOC102724847;CBLN1;LOC102724859;LOC105371243;LOC124903689;LOC105371244;C16ORF78;LINC02179;ZNF423;ADAM3B;CNEP1R1;HEATR3-AS1;HEATR3;TENT4B;ADCY7;MIR6771;BRD7;LOC124903785;LINC02178;LOC124903770;LOC124903772;LOC124903771;NKD1;LOC124903773;SNX20;LOC101927272;NOD2;CYLD-AS1;CYLD;MIR3181;CYLD-AS2;LINC02168;LINC02128;LOC124903775;LINC02127;LOC107984903;LOC107984887;LOC105371253;SALL1;LOC107984886;LOC105371256;LOC102723323;LOC107984892;HNRNPA1L3;LOC105371257;LINC01571;LOC124903765;LOC105371259;LINC02911;LINC00919;LINC02180;LOC105371261;CASC22;LOC107983961;LOC107984901;LOC105371262;TOX3;CASC16;LOC105371265;LINC03064;CHD9NB;CHD9;LOC124903784;MPHOSPH10P1;LOC102723373;RBL2;AKTIP;LOC124903690;LOC105371268;LOC105371269;RPGRIP1L;FTO;LOC124903691;FTO-IT1;LOC105371271;LINC02169;IRX3;LINC02140;LOC105371272;LINC02183;LOC105371274;LOC101927480;LOC105371275;LOC105371276;CRNDE;IRX5;LOC124903692;LOC105371277;LOC105371278;IRX6;LOC105371279;MMP2-AS1;MMP2;LPCAT2;CAPNS2;LOC124903693;SLC6A2;LOC105371280;CES1P2;CES1P1;CES1;CES5A;LOC124903694;LOC107984815;LOC105371281;GNAO1-DT;LOC102725116;GNAO1;GNAO1-AS1;MIR3935;AMFR;NUDT21;OGFOD1;BBS2;LOC105371283;MT4;LOC124903782;MT3;LOC124903695;MT2A;MT1L;MT1E;MT1M;MT1JP;MT1A;MT1DP;MT1B;MT1F;LOC101927536;MT1G;MT1H;MT1IP;MT1X;NUP93-DT;LOC105371287;NUP93;MIR138-2;SLC12A3;MIR6863;HERPUD1;CETP;LOC124903696;NLRC5;CPNE2;PSME3IP1;RSPRY1;ARL2BP;LOC124903697;PLLP;CCL22;CX3CL1;CCL17;CIAPIN1;COQ9;POLR2C;DOK4;CCDC102A;ADGRG5;LOC105371291;LOC107984889;ADGRG1;ADGRG3;DRC7;LOC107984852;KATNB1;KIFC3;MIR6772;LOC388282;CNGB1;SPMIP8;ZNF319;USB1;MMP15;CFAP20;LOC101927556;CSNK2A2;LOC105371293;CFAP263;PRSS54;GINS3;LINC02137;NDRG4;SETD6;CNOT1;SNORA46;SNORA50A;SLC38A7;GOT2;LOC107984867;LOC105371296;LOC107984824;LOC105371298;APOOP5;LINC02141;LOC105371300;LOC105371299;LOC101927605;LOC107984812;LOC105371301;LOC105371302;CDH8;CDH8-AS1;LOC124903777;LOC124903778;LOC124903803;LOC105371306;LOC102723560;LOC105371307;LOC105371308;LINC02165;LOC105371309;LOC105371310;LOC105371311;LOC107984894;LOC107984822;LOC124903779;LOC105371313;CDH11;LINC02126;LOC124903780;LINC00922;LOC107984823;LOC105371316;LOC105371317;LOC105371318;CDH5;LINC00920	BRD7;CHD9;FBRS;FTO;HIRIP3;INO80E;KAT8;KDM8;MAZ;PAGR1;PPP4C;PRKCB;PRR14;RNF40;SETD1A;SETD6;SRCAP	1	0.0	0.0028089887640449437	0.0	0
chr16:29663836:29663883:DEL	DEL						0	0.0	0.0028089887640449437	0.0	0
chr16:89544669:89544715:DEL	DEL						0	0.0	0.0028089887640449437	0.00909090909090909	0
chr17:41753231:41756480:DEL	DEL	4	4	0.9	JUP		0	0.0	0.0	0.00909090909090909	0
chr18:20730681:59771111:DEL	DEL						0	0.0	0.0028089887640449437	0.0	0
chr18:20796367:59531917:DEL	DEL						0	0.0	0.0028089887640449437	0.0	0
chr19:3590667:3590724:DEL	DEL						0	0.0	0.0028089887640449437	0.0	0
chr19:50328934:50328986:DEL	DEL	4	4	0.9	KCNC3		0	0.0	0.0028089887640449437	0.0	0
chr2:110307300:131465929:DEL	DEL						0	0.0	0.0028089887640449437	0.0	0
chr20:62957431:62957482:DEL	DEL						0	0.0	0.0056179775280898875	0.0	0
chr22:36544125:37371640:DEL	DEL	5	5	1.45	CACNG2;CACNG2-DT;LOC124905112;IFT27;PVALB;NCF4-AS1;NCF4;LOC105373022;CSF2RB;LOC105373023;LOC124900478;LL22NC01-81G9.3;CIMIP4;TST;MPST;LOC112268295;KCTD17;TMPRSS6;LOC124905113;IL2RB;C1QTNF6;SSTR3;RAC2;LOC107985576;CYTH4;LOC105373024;ELFN2;LOC100506271		0	0.0	0.0028089887640449437	0.0	0
chr22:36481964:37474992:DEL	DEL						0	0.0	0.0028089887640449437	0.0	0
chr22:36831618:37259015:DEL	DEL	5	5	1.0	NCF4-AS1;NCF4;LOC105373022;CSF2RB;LOC105373023;LOC124900478;LL22NC01-81G9.3;CIMIP4;TST;MPST;LOC112268295;KCTD17;TMPRSS6;LOC124905113;IL2RB;C1QTNF6;SSTR3;RAC2		0	0.0	0.0028089887640449437	0.0	0
chr22:36594446:37154353:DEL	DEL	5	5	1.0	CACNG2;CACNG2-DT;LOC124905112;IFT27;PVALB;NCF4-AS1;NCF4;LOC105373022;CSF2RB;LOC105373023;LOC124900478;LL22NC01-81G9.3;CIMIP4;TST;MPST;LOC112268295;KCTD17;TMPRSS6;LOC124905113;IL2RB		0	0.0	0.0056179775280898875	0.0	0
chr22:50220619:50220781:DEL	DEL	4	4	0.9	TUBGCP6		0	0.0	0.0028089887640449437	0.0	0
chr4:1058271:1058310:DEL	DEL						0	0.0	0.008426966292134831	0.01818181818181818	0
chr4:9994276:10025784:DEL	DEL	4	4	0.9	SLC2A9;SLC2A9-AS1;LOC124900664		0	0.0	0.0028089887640449437	0.0	0
chr5:78813977:78816048:DEL	DEL	5	5	1.0	ARSB		0	0.0	0.008426966292134831	0.0	0
chr6:26723678:143921257:DEL	DEL	5	5	1.9	LOC105374992;LOC124901289;LOC124901290;GUSBP2;LINC00240;LARRPM;H2BC11;H2AC11;H2BC12;H4C9;H2AC12;MIR3143;LOC124901293;PRSS16;POM121L2;LOC105375107;VN1R10P;ZNF204P;ZNF391;ZNF184;LOC105375001;LOC124901292;LINC01012;LOC124901291;LOC100131289;H2BC13;H2AC13;H3C10;H2AC14;H2BC14;H4C11;H4C12;H2AC15;H2BC15;H2AC16;H1-5;H3C11;H4C13;H3C12;H2AC17;H2BC17;OR2B2;OR2B6;LOC124901506;OR2B8P;ZNF165;ZSCAN12P1;ZSCAN16-AS1;ZSCAN16;ZKSCAN8;ZKSCAN8P1;TOB2P1;ZSCAN9;ZKSCAN4;NKAPL;ZSCAN26;PGBD1;ZSCAN31;ZKSCAN3;ZSCAN12;LOC105374998;ZSCAN23;LOC124901294;LOC124901295;GPX6;GPX5;LOC107986586;SCAND3;ZBED9-AS1;LOC105374996;LINC00533;LOC124901296;LINC01623;HCG14;TRIM27;LINC01556;HCG15;ZNF311;LOC105375002;OR2W1-AS1;OR2W1;OR2B3;OR2J1;OR2J3;OR2J2;LOC124901297;LINC03003;LOC105375006;LOC105375005;OR14J1;OR5V1;OR12D3;OR12D2;OR12D1;OR11A1;OR10C1;LOC105379641;OR2H1;LOC105375008;MAS1L;LOC124901486;LINC02829;LINC01015;OR2I1P;UBD;SNORD32B;OR2H2;GABBR1;MOG;ZFP57;HLA-F;HLA-F-AS1;IFITM4P;HCG4;HLA-V;HLA-G;LOC105375010;HCP5B;HLA-H;HCG4B;LOC124901298;HLA-A;HCG9;POLR1HASP;HLA-J;POLR1H;PPP1R11;RNF39;TRIM31;TRIM31-AS1;LOC124900227;TRIM40;TRIM10;TRIM15;TRIM26;HCG17;HLA-L;HCG18;TRIM39;TRIM39-RPP21;RPP21;LOC105375012;HLA-E;LINC02569;GNL1;PRR3;ABCF1;MIR877;PPP1R10;MRPS18B;ATAT1;C6ORF136;DHX16;PPP1R18;NRM;MDC1;MDC1-AS1;TUBB;FLOT1;IER3-AS1;IER3;HCG20;LINC00243;LINC02570;DDR1;MIR4640;GTF2H4;VARS2;SFTA2;LOC124901299;MUCL3;HCG21;MUC21;MUC22;HCG22;C6ORF15;PSORS1C1;CDSN;PSORS1C2;CCHCR1;TCF19;POU5F1;PSORS1C3;HCG27;HLA-C;LINC02571;LOC112267902;HLA-B;MIR6891;LOC124901300;MICA-AS1;MICA;LINC01149;HCP5;HCG26;MICB-DT;MICB;MCCD1;ATP6V1G2-DDX39B;DDX39B;SNORD117;SNORD84;DDX39B-AS1;ATP6V1G2;NFKBIL1;LOC100287329;LTA;TNF;LTB;LST1;NCR3;AIF1;PRRC2A;SNORA38;MIR6832;BAG6;APOM;C6ORF47;GPANK1;CSNK2B;LY6G5B;LY6G5C;LOC105375019;ABHD16A;LOC105375018;MIR4646;LY6G6F;LY6G6F-LY6G6D;LY6G6E;LY6G6D;LY6G6C;MPIG6B;DDAH2;CLIC1;MSH5-SAPCD1;MSH5;SAPCD1;SAPCD1-AS1;VWA7;VARS1;LSM2;HSPA1L;HSPA1A;HSPA1B;SNHG32;SNORD48;SNORD52;NEU1;SLC44A4;EHMT2-AS1;EHMT2;C2;ZBTB12;C2-AS1;CFB;NELFE;MIR1236;SKIC2;DXO;STK19;C4A;CYP21A1P;TNXA;C4B;CYP21A2;TNXB;ATF6B;FKBPL;PRRT1;LOC100507547;PPT2;PPT2-EGFL8;EGFL8;AGPAT1;MIR6721;RNF5;MIR6833;AGER;PBX2;GPSM3;NOTCH4;TSBP1-AS1;TSBP1;HCG23;BTNL2;HLA-DRA;HLA-DRB5;HLA-DRB6;HLA-DRB1;HLA-DQA1-AS1;HLA-DQA1;HLA-DQB1;HLA-DQB1-AS1;LOC102725019;HLA-DQA2;MIR3135B;HLA-DQB2;HLA-DOB;TAP2;PSMB8;PSMB8-AS1;TAP1;PSMB9;LOC100294145;HLA-DMB;HLA-DMA;LOC124901302;BRD2;HLA-DOA;HLA-DPA1;HLA-DPB1;HLA-DPB2;LOC105375021;HCG24;COL11A2;RXRB;SLC39A7;HSD17B8;MIR219A1;RING1;LOC105375022;HCG25;VPS52;RPS18;B3GALT4;WDR46;MIR6873;PFDN6;MIR6834;RGL2;TAPBP;ZBTB22;DAXX;LOC124901303;SMIM40;KIFC1;PHF1;CUTA;SYNGAP1;SYNGAP1-AS1;MIR5004;ZBTB9;LOC107986537;BAK1;GGNBP1;LINC00336;ITPR3;LOC124901305;ITPR3-AS1;UQCC2;MIR3934;LOC124901304;IP6K3;LEMD2;LOC105375024;MLN;LOC105375025;LOC124901306;LOC105375027;LINC01016;LOC105375026;MIR7159;LOC107986590;LOC124901307;LOC124901308;MIR1275;GRM4;LOC124901225;HMGA1;MIR6835;SMIM29;NUDT3;RPS10-NUDT3;RPS10;PACSIN1;SPDEF;ILRUN;LOC124901535;LOC105375028;LOC124901540;ILRUN-AS1;SNRPC;BLTP3A;TAF11;ANKS1A;TCP11;LOC112267955;SCUBE3;SCUBE3-AS1;ZNF76;DEF6;PPARD;FANCE;RPL10A;MIR7111;TEAD3;TULP1;LOC124901309;LOC101929309;LOC124901310;FKBP5;LOC124900228;MIR5690;LOC285847;ARMC12;CLPSL2;CLPSL1;CLPS;LHFPL5;SRPK1;LOC124901311;SLC26A8;LOC105375035;LOC105375034;MAPK14;MAPK13;BRPF3-AS1;BRPF3;LOC105375036;PNPLA1;BNIP5;ETV7;ETV7-AS1;PXT1;KCTD20;STK38;SRSF3;MIR3925;LOC105375038;PANDAR;CDKN1A;DINOL;RAB44;CPNE5;PPIL1;C6ORF89;PI16;MTCH1;FGD2;PIM1;TMEM217;TMEM217B;LOC124901537;TBC1D22B;LOC105375040;RNF8;CMTR1;LOC107986531;CCDC167;LINC02520;LOC124901312;MIR4462;LOC124901313;MDGA1;ZFAND3-DT;ZFAND3;LOC124901314;BTBD9;LOC124901315;LOC105375045;BTBD9-AS1;LOC105375044;GLO1;DNAH8-DT;DNAH8;LOC124900223;DNAH8-AS1;GLP1R;MIR9983;LOC105375046;SAYSD1;KCNK5;KCNK17;LOC105375047;KCNK16;KIF6;LOC107986594;DAAM2;LOC124901487;DAAM2-AS1;MOCS1;LOC102723789;LOC105375049;LOC105375050;LINC00951;TDRG1;LRFN2;LOC105379699;LOC105375051;LOC101929535;LOC105375052;LOC105375053;LOC101929555;UNC5CL;TSPO2;APOBEC2;OARD1;NFYA;ADCY10P1;TREML1;TREM2;LOC107986595;TREML2;TREML3P;LOC105375055;TREML4;TREML5P;TREM1;NCR2;LOC100505711;LOC107986538;LOC112267957;LINC01276;FOXP4-AS1;FOXP4;MIR4641;MDFI;TFEB;MIR10398;PGC;FRS3;PRICKLE4;TOMM6;USP49;LOC124900222;MED20;BYSL;CCND3;LOC105375059;TAF8;C6ORF132;CIMIP3;GUCA1ANB-GUCA1A;GUCA1A;GUCA1B;MRPS10;LOC105375061;TRERF1;LOC124901316;LOC107986596;LOC124900214;LOC124901534;LOC124901317;UBR2;PRPH2;ATP6V0CP3;TBCC;BICRAL;LOC401261;RPL7L1;C6ORF226;PTCRA;CNPY3;CNPY3-GNMT;LINC02976;GNMT;PEX6;LOC124900215;PPP2R5D;MEA1;KLHDC3;RRP36;CUL7;LOC124901318;MRPL2;KLC4;KLC4-AS1;PTK7;SRF;CUL9;DNPH1;TTBK1;SLC22A7;LOC124901319;CRIP3;ZNF318;LOC124901227;LOC105375065;ABCC10;MIR6780B;DLK2;TJAP1;LRRC73;YIPF3;POLR1C;XPO5;LOC124901522;LOC124900224;POLH;GTPBP2;MAD2L1BP;RSPH9;MRPS18A;LOC124901320;VEGFA;LOC105375070;LOC105375069;LINC02537;LOC105375068;LINC01512;LOC124901321;SCIRT;LINC03040;MRPL14;TMEM63B;LOC107986599;CAPN11;LOC105375072;MYMX;SLC29A1;HSP90AB1;SLC35B2;MIR4647;NFKBIE;TMEM151B;TCTE1;AARS2;LOC124901322;SPATS1;LOC124901323;CDC5L;MIR4642;LOC105375074;LOC105375075;LOC124901325;LOC101929770;SUPT3H;MIR586;RUNX2;LOC124901324;RUNX2-AS1;LOC124901518;CLIC5;LOC124901326;ENPP4;ENPP5;LOC105375079;RCAN2;LOC101926915;RCAN2-DT;CYP39A1;SLC25A27;TDRD6-AS1;TDRD6;PLA2G7;ANKRD66;MEP1A;ADGRF5;LOC124901488;ADGRF5-AS1;LOC105375080;LOC124901489;ADGRF1;LOC105375081;TNFRSF21;LOC105375082;CD2AP-DT;CD2AP;ADGRF2P;ADGRF4;OPN5;LOC107986601;PTCHD4;LOC107986602;LOC124901478;MMUT;CENPQ;GLYATL3;C6ORF141;RHAG;CRISP2;CRISP3;PGK2;LOC101927020;LOC101927048;CRISP1;DEFB133;DEFB114;DEFB113;DEFB110;DEFB112;LOC100505985;LOC124901479;TFAP2D;LOC105375084;LOC124901490;TFAP2B;LOC105375085;LOC124900230;PKHD1;LOC101927082;LOC124900615;LOC105375087;LOC124901327;MIR206;LINCMD1;MIR133B;IL17A;LOC102724327;IL17F;LOC124901328;MCM3;LOC124901329;PAQR8;LOC124901331;EFHC1;TRAM2;TRAM2-AS1;LOC124901330;LOC730101;TMEM14A;GSTA7P;GSTA2;GSTA1;GSTA5;LOC105375091;GSTA3;GSTA4;RN7SK;CILK1;LOC128092246;FBXO9;LOC128031835;GCM1;LOC124901332;ELOVL5;MIR5685;RPS16P5;GCLC-AS1;GCLC;KILH;LINC01564;KLHL31;LOC124901334;LOC124901333;LRRC1;LOC101927189;MLIP-IT1;MLIP;MLIP-AS1;LOC105375097;LOC124901335;LOC105375098;TINAG;TINAG-AS1;LOC107986606;FAM83B;HCRTR2;LOC124901491;GFRAL;HMGCLL1;BMP5;LOC107986539;LOC105375100;COL21A1;DST;DST-AS1;BEND6;KIAA1586;ZNF451;ZNF451-AS1;BAG2;RAB23;PRIM2;LINC03001;MIR548U;LOC105375103;LOC105375102;LOC105375101;LOC101927268;GUSBP4;LINC00680-GUSBP4;LINC00680;LOC101927293;LOC124901336;KHDRBS2;FKBP1C;LGSN;PTP4A1;LOC124901228;LOC128125822;PHF3;EYS;SCAT8;LOC105377836;LOC107986608;LOC105377837;LOC107986607;ZC3H11C;SLC25A51P1;LOC105377838;LOC105377840;LOC105377839;LOC105377841;LOC107986540;LOC124900229;LOC105377843;LOC105377842;LOC105377845;LOC107986610;LOC105377844;LOC102723883;LOC105377846;LINC02549;ADGRB3-DT;ADGRB3;LOC127898563;LOC124901492;LMBRD1;LOC124901337;COL19A1;COL9A1;LOC105377848;LOC105377847;LINC01610;FAM135A-AS1;FAM135A;SDHAF4;SMAP1;B3GAT2;LOC105377850;LOC124901229;LOC124901508;LOC124901338;LOC124901339;OGFRL1;MIR30C2;MIR30A;LINC00472;LINC01626;LOC105377853;RIMS1;LOC107986611;KCNQ5-DT;KCNQ5;KCNQ5-IT1;LOC124901340;LOC105377855;MIR4282;KCNQ5-AS1;KHDC1L;LOC122539213;KHDC1;KHDC1-AS1;C6ORF147;DPPA5;KHDC3L;OOEP;OOEP-AS1;LOC124901538;DDX43;CGAS;MTO1;EEF1A1;EEF1A1-AS1;SLC17A5;CD109;CD109-AS1;LOC101928516;LOC105377858;COL12A1;SNORD156;COX7A2;TMEM30A;LOC124901344;TMEM30A-DT;FILIP1;LOC101928540;LOC124901509;MIR4463;LOC124901343;SENP6;MYO6;LOC124901542;IMPG1;LINC02540;LOC105377861;LOC105377862;LOC124901345;LOC101928570;LOC105377864;HTR1B;LOC124901493;MEI4;LOC105377865;MIR10524;LOC107986613;IRAK1BP1;PHIP;LOC124901346;LOC124901347;HMGN3;HMGN3-AS1;LCAL1;LOC100506851;LOC105377867;LCA5;LOC124901348;SH3BGRL2;LOC124901349;LINC01621;LOC107986614;ELOVL4;LOC124901350;LOC124901351;TTK;BCKDHB;LOC112267962;LOC105377869;LOC105377871;TENT5A;LOC105377873;LOC124900219;LINC01526;LINC02542;LOC107986617;IBTK;LOC105377874;LOC105377875;TPBG;LOC124901352;LOC105377876;LOC105377877;UBE3D;DOP1A;PGM3;RWDD2A;ME1;PRSS35;SNAP91;LOC105377879;RIPPLY2;RIPPLY2-CYB5R4;CYB5R4;LINC02857;MRAP2;CEP162;LOC107986621;LOC107986620;LOC107986619;LINC01611;TBX18-AS1;TBX18;LOC124901353;LOC124901494;LOC105377881;LINC02535;NT5E;SNX14;SYNCRIP;SNHG5;SNORD50A;SNORD50B;LOC101928842;HTR1E;LOC124901354;CGA;LOC124901355;ZNF292;LOC124901356;GJB7;SMIM8;C6ORF163;LINC01590;CFAP206;LOC124901357;SLC35A1;RARS2;ORC3;AKIRIN2;LOC124901528;LOC101928911;LOC105377882;LOC107986541;SPACA1;CNR1;LOC105377884;LOC105377885;LOC124901358;LOC101928936;RNGTT;PNRC1-DT;PNRC1;PM20D2;SRSF12;LOC101929004;GABRR1;GABRR2;UBE2J1;RRAGD;LOC124901360;ANKRD6;LOC105377889;LOC124901359;LYRM2;MDN1-AS1;MDN1;LOC124901536;CASP8AP2;GJA10;BACH2;LOC105377890;LOC124901361;LOC105377891;MIR4464;LOC124901362;MAP3K7;LOC124901363;LOC107986623;LOC105377893;LOC107986624;MIR4643;CASC6;LOC105377894;LOC124901505;LOC107986625;LINC02531;LOC124901495;LOC124901507;LOC105377897;EPHA7;LOC105377899;TSG1;LOC124901496;LOC105377901;MANEA-DT;MANEA;LOC107986543;LOC107986626;FUT9;LOC105377905;UFL1-AS1;UFL1;FHL5;LOC105377908;GPR63;NDUFAF4;KLHL32;MMS22L;LOC101927314;LOC105377909;LOC107986627;MIR2113;LOC105377910;PNKY;POU3F2;LOC124901364;FBXL4;MIR548AI;FAXC;COQ3;PNISR;PNISR-AS1;USP45;LOC124901365;TSTD3;CCNC;PRDM13;MCHR2;MCHR2-AS1;LOC105377911;SIM1;SIM1-AS1;ASCC3;LOC107984041;LOC124901545;GRIK2;LOC101927388;LOC105377913;LOC105377916;LOC124900225;LOC105377917;LOC102724443;LOC105377918;HACE1;LIN28B-AS1;LIN28B;BVES;BVES-AS1;POPDC3;PREP;LOC105377921;LINC02836;LOC105377923;PRDM1;ATG5;CRYBG1;LOC105377924;LOC101927405;RTN4IP1;QRSL1;LINC02526;LOC105377927;LINC02532;MIR587;LOC105377928;CD24;MTRES1;BEND3;PDSS2;LOC124901366;SOBP;LOC124901367;SCML4;SEC63;LOC105377929;OSTM1;LOC124901368;OSTM1-AS1;NR2E1;LOC124901369;SNX3;LOC124901529;AFG1L;LOC124901371;LOC124901370;LOC124901372;FOXO3;LOC107986629;LINC00222;ARMC2;LOC124901373;LOC124901481;ARMC2-AS1;SESN1;CEP57L1;CCDC162P;LOC124901374;LOC124901530;CD164;PPIL6;SMPD2;MICAL1;ZBTB24;ZBTB24-DT;AK9;FIG4;GPR6;LOC107986631;WASF1;CDC40;METTL24;LOC105377937;LOC102724586;DDO;LOC105377936;SLC22A16;LOC105377938;LOC105377940;LOC105377939;LOC105377941;CDK19;AMD1;SNORA40C;GTF3C6;LOC124901533;RPF2;LOC124901375;GSTM2P1;SLC16A10;SNORD166;LOC124901377;MFSD4B-DT;LOC124901378;MFSD4B;LOC124901376;REV3L;TRAF3IP2-AS1;LOC107986522;TRAF3IP2;LOC105377944;LOC124901539;FYN;LOC105377945;LOC102724646;LINC02527;LOC105377947;CCN6;TUBE1;FAM229B;LAMA4;LOC107986633;LAMA4-AS1;LOC107986632;RFPL4B;LOC101927664;LOC124901541;LOC105377949;LOC107986634;LOC105377950;LOC107986635;LOC107986636;LOC105377952;LOC105377956;LOC105377953;LOC105377955;LOC107986637;LOC124901497;LINC02518;LOC124901379;LOC124901380;LINC02541;LOC124901381;MARCKS;MROCKI;LOC124901382;LINC02880;HDAC2;HDAC2-AS2;LOC124901384;HS3ST5;LOC124901383;LOC107986638;LNCPOIR;LOC107986639;LOC105377960;LOC105377961;LINC02534;LOC124901385;FRK;TPI1P3;NT5DC1;COL10A1;TSPYL4;DSE;TSPYL1;LOC100287467;CALHM6-AS1;CALHM6;TRAPPC3L;CALHM5;CALHM4;RWDD1;RSPH4A;LOC124901386;ZUP1;KPNA5;FAM162B;LOC105377963;GPRC6A;RFX6;LOC105377964;VGLL2;ROS1;DCBLD1;GOPC;LOC101927919;NUS1;LOC124901480;SLC35F1;LOC105377967;LOC107986523;LOC124901387;CEP85L;LOC105377971;BRD7P3;PLN;LOC107986524;LOC124901388;SELENOKP3;MCM9;ASF1A;LOC124901389;FAM184A;MIR548B;MAN1A1;LOC285762;LOC107986525;LOC105377975;LOC105377972;LOC124901390;MIR3144;LOC105377977;TBC1D32;GJA1;LOC105377979;HSF2;SERINC1;PKIB;LOC124901391;FABP7;SMPDL3A;LOC124901392;CLVS2;TRDN;LOC124901393;LOC105377984;TRDN-AS1;LOC105377982;LOC105377981;NKAIN2;RNF217-AS1;RNF217;LOC124901394;TPD52L1;LOC100126584;LOC124901395;HDDC2;LOC107986640;LOC102723341;HEY2-AS1;LINC02523;HEY2;NCOA7;NCOA7-AS1;LOC124901397;HINT3;TRMT11;CENPW;MIR588;LOC105377992;LOC105377993;LOC105377989;LOC105377991;RSPO3;LOC124901398;RNF146;ECHDC1;LOC105377994;KIAA0408;SOGA3-KIAA0408;LOC124901399;MTCL3;LOC107986642;C6ORF58;LOC105377995;LOC105377996;LINC02536;LOC124901400;THEMIS;PTPRK;PTPRK-AS1;LOC124900216;LOC124901543;LOC105377998;LAMA2;LOC124901401;LOC102723409;ARHGAP18;TMEM244;LOC105377999;L3MBTL3;SAMD3;LOC112267974;TMEM200A;LOC105378002;LOC105378003;SMLR1;EPB41L2;LOC105378004;LOC102723445;AKAP7;LOC105378005;ARG1;MED23;ENPP3;OR2A4;CTAGE9;MIR548H5;ENPP1;CCN2-AS1;CCN2;MIR548AJ1;LINC01013;MOXD1;STX7;TAAR9;TAAR8;TAAR6;TAAR5;TAAR3P;TAAR2;TAAR1;VNN1;VNN3P;VNN2;SLC18B1;LOC107986644;RPS12;SNORD101;SNORD100;SNORA33;LOC105378008;LINC00326;LOC124901231;EYA4;LOC124901403;TARID;LOC124901402;LINC01312;TCF21;TBPL1;LOC128092253;SLC2A12;LOC124901404;HMGA1P7;SGK1;LOC124901531;LOC105378009;CT69;LINC01010;LINC03002;LOC101928277;ALDH8A1;HBS1L;MIR3662;LOC124901405;LOC124901406;LOC105378010;MYB;LOC105378011;MIR548A2;AHI1;LOC124901407;AHI1-DT;LINC02524;LOC105378012;LOC101928326;PDE7B;LOC101928373;PDE7B-AS1;MTFR2;BCLAF1;LOC124901408;MAP7;MAP7-AS1;MAP3K5;MAP3K5-AS1;LOC124901410;MAP3K5-AS2;PEX7;LOC124900226;SLC35D3;NHEG1;IL20RA;IL22RA2;IFNGR1;LOC105378017;LOC102723633;OLIG3;LINC03004;LOC105378018;LOC124901411;LINC02539;WAKMAR2;TNFAIP3;SIMALR;LINC02865;LOC105378021;PERP;ARFGEF3;PBOV1;SMIM28;HEBP2;NHSL1;MIR3145;NHSL1-AS1;LOC124900217;CCDC28A-AS1;CCDC28A;ECT2L;LOC124901516;LOC107986650;REPS1;ABRACL;HECA;TXLNB;LOC102723690;CITED2;LOC107986651;LINC01625;LOC105378023;LOC105378024;FILNC1;LINC02941;LOC103352541;LOC107986652;LOC124901412;LOC105378025;MIR3668;LOC105378027;LOC124901414;LOC105378026;MIR4465;LOC102723724;LOC124901413;LOC105378029;LOC124901415;LOC105378030;LOC105378031;LOC107986654;NMBR;GJE1;VTA1;LINC02919;ADGRG6;LOC153910;HIVEP2;HIVEP2-DT;LINC01277;AIG1;LOC124901416;LOC107986656;ADAT2;PEX3;FUCA2;LOC124901417;LOC105378035;PHACTR2;PHACTR2-AS1;LTV1;ZC2HC1B	APOBEC2;ASF1A;BRD2;BRPF3;DAXX;EHMT2;EYA4;FOXP4;HDAC2;HMGN3;HSPA1A;HSPA1B;L3MBTL3;MAP3K7;MDC1;PHF1;PHIP;PRDM1;PRDM13;RING1;RNF8;SCML4;SRSF12;SRSF3;SUPT3H;SYNCRIP;TAF8;TRIM27;TTK;UBR2;USP49;ZFP57	1	0.0	0.0028089887640449437	0.0	0
chr7:15341546:143846692:DEL	DEL	5	5	1.9	AGMO;LOC124901591;MEOX2;LOC105375166;LINC02587;LOC101927558;LOC105375167;CRPPA;CRPPA-AS1;LOC105375168;SOSTDC1;LRRC72;ANKMY2;LOC105375169;BZW2;TSPAN13;LOC124901593;AGR2;AGR3;LOC124901594;LOC105375170;LOC124901595;LOC124901596;LOC107986772;LOC101927609;AHR;LOC105375171;LINC02888;LOC105375172;LINC02889;SNX13;PRPS1L1;HDAC9;MIR1302-6;LOC124901598;HDAC9-AS1;LOC124901597;TWIST1;FERD3L;LOC107986773;LOC105375179;LOC105375180;POLR1F;MIR3146;TMEM196;LOC107986774;LOC105379720;LOC101927668;LOC105375181;MACC1;MACC1-AS1;GIRGL;LOC101927769;ITGB8-AS1;ITGB8;LOC124900239;ABCB5;SP8;RPL23P8;LINC01162;SP4;MIR1183;DNAH11;LOC105375183;LOC124901599;LOC107986775;CDCA7L;RAPGEF5;STEAP1B;STEAP1B-AS1;LOC401312;IL6-AS1;IL6;TOMM7;LOC112267993;SNHG26;SNORD93;LOC107986776;LOC124901600;HYCC1;LOC105375185;LOC105375186;KLHL7-DT;KLHL7;NUP42;LOC101927890;GPNMB;MALSU1;IGF2BP3;SNORD65C;RPS2P32;TRA2A;CLK2P1;LOC105375187;CCDC126;FAM221A;STK31;LOC124901835;LOC105375188;LOC107986777;LOC124901831;NPY;LOC124901601;PALS2;GSDME;LOC124901820;OSBPL3;CYCS;SPMIP4;LOC124901603;LOC124901602;LOC105375191;NPVF;LOC124901858;LOC105375193;LOC105375195;LOC105375194;LOC124901604;LOC105375196;LINC03007;LOC100506236;LOC105375199;LOC105375200;MIR148A;LOC105375198;NFE2L3;HNRNPA2B1;CBX3;SNX10;SNX10-AS1;LINC02981;LOC105375202;KIAA0087;LOC124901605;LINC03095;LOC101928077;LINC02860;SKAP2;LOC124901606;HOXA1;HOTAIRM1;HOXA2;HOXA3;HOXA-AS2;HOXA4;HOXA-AS3;HOXA5;HOXA6;HOXA7;HOXA9;HOXA10-HOXA9;HOXA10-AS;MIR196B;HOXA10;HOXA11;HOXA11-AS;HOXA13;HOTTIP;EVX1-AS;EVX1;LOC107986733;LOC105375206;LOC105375207;HIBADH;LOC107986699;TSL;LOC105375211;TAX1BP1-AS1;TAX1BP1;JAZF1;LOC105375208;JAZF1-AS1;CREB5;TRIL;CPVL-AS2;CPVL;CPVL-AS1;LOC128966558;CHN2;CHN2-AS1;PRR15-DT;PRR15;MIR550A3HG;MIR550A3;ZNRF2P2;DPY19L2P3;WIPF3;LOC124901827;SCRN1;FKBP14-AS1;FKBP14;PLEKHA8;LOC105375216;MTURN;LOC105375217;LOC124901607;LOC105375218;ZNRF2;MIR550A1;MIR550B1;DKFZP586I1420;LINC01176;NOD1;GGCT;GARS1-DT;GARS1;LOC124901609;CRHR2;LOC124901608;LOC105375220;LOC105375219;INMT;INMT-MINDY4;MINDY4;AQP1;GHRHR;LOC105375222;LOC105375221;ADCYAP1R1;LOC107986781;LOC107986782;NEUROD6;LOC105375224;ITPRID1;PDE1C;PPP1R17;LOC100130673;LSM5;AVL9;DPY19L1P1;ZNRF2P1;MIR550A2;MIR550B2;LINC00997;DPY19L1P2;KBTBD2;RP9P;FKBP9;NT5C3A;LOC124901610;RP9;BBS9;LOC124901611;FLJ20712;LOC124901612;LOC124901613;BMPER;NPSR1-AS1;NPSR1;DPY19L1;MIR548N;LOC102724723;LOC105375228;DPY19L2P1;TBX20;LOC401324;LOC105375230;LOC124901614;LOC101928421;HERPUD2;HERPUD2-AS1;LINC03013;LOC124901615;SEPTIN7-DT;SEPTIN7;LOC107986734;LOC105375233;LOC124901616;LOC124901617;LOC101928618;EEPD1;MATCAP2;ANLN;AOAH;AOAH-IT1;ELMO1;LOC105375235;MIR1200;ELMO1-AS1;LOC124901833;GPR141;NME8;SFRP4;EPDR1;LOC105375236;STARD3NL;TARP;TRG-AS1;AMPH;CFAP144P1;VPS41;POU6F2;POU6F2-AS2;LOC105375239;SNORA20B;POU6F2-AS1;LOC105375238;LOC105375237;YAE1-DT;YAE1;LOC107986785;RALA;LINC00265;LOC101928688;CDK13-DT;CDK13;MPLKIP;SUGCT;LOC105375245;SUGCT-AS1;LOC105375244;LOC105375243;LOC112267984;LOC105375242;LINC01450;LINC01449;LOC105375241;LOC105375246;LOC107986787;LOC105379725;LOC105375247;LOC107986789;INHBA;INHBA-AS1;LOC124901618;GLI3;LOC105375249;LOC105375250;LOC105375251;LINC01448;LOC107986735;C7ORF25;PSMA2;MRPL32;LOC105375253;LOC107986790;HECW1;HECW1-IT1;MIR3943;LOC124901619;LOC102724903;LUARIS;STK17A;COA1;BLVRA;MRPS24;URGCP-MRPS24;LOC124901620;URGCP;UBE2D4;POLR2J4;SPDYE1;RASA4CP;LINC00957;DBNL;MIR6837;PGAM2;POLM;MIR6838;AEBP1;MIR4649;POLD2;MYL7;GCK;LOC105375258;LOC105375257;YKT6;CAMK2B;LOC124901621;NUDCD3;NPC1L1;DDX56;TMED4;OGDH;LOC124901622;ZMIZ2;LOC105375259;PPIA;H2AZ2;H2AZ2-DT;PURB;MIR4657;LOC105375262;MYO1G;SNHG15;SNORA9;LOC102723334;CCM2;NACAD;TBRG4;SNORA5A;SNORA5C;SNORA5B;RAMP3;LOC124901623;LOC107986736;LOC124901624;ADCY1;SEPTIN7P2;GTF2IP13;LOC124901625;LOC730234;LOC112267918;CCDC201;IGFBP1;IGFBP3;LOC102723446;LOC105375264;LOC105375266;LOC730338;LOC124901626;LOC105375267;LOC105375268;LOC124901627;LOC124901628;TNS3;LOC124901629;SNORD151;LINC01447;LINC02902;LINC00525;PKD1L1;PKD1L1-AS1;HUS1;LOC105375270;SUN3;C7ORF57;UPP1;LOC105375271;ABCA13;LOC105375272;LINC02838;CDC14C;LOC124901804;VWC2;ZPBP;LOC124901630;SPMIP7;IKZF1;LOC124901631;FIGNL1;DDC;DDC-AS1;GRB10;LOC124901632;LOC124900241;COBL;LOC124901633;LOC107986794;LOC102723533;LOC105375277;LOC105375278;LOC124901634;LOC107986738;LOC124900240;LOC124901810;LOC107986796;LOC101928257;LOC124901805;POM121L12;LOC105375282;GS1-278J22.2;LINC01446;LINC02854;LINC01445;LOC124901829;VSTM2A;VSTM2A-OT1;LOC124901635;SEC61G;SEC61G-DT;LOC124901636;LOC105375284;EGFR;EGFR-AS1;ELDR;LANCL2;VOPP1;VOPP1-DT;FKBP9P1;LOC101060341;LOC102723656;SEPTIN14;ZNF713;MRPS17;NIPSNAP2;PSPH;CCT6A;SNORA22B;SNORA15;SUMF2;PHKG1;CHCHD2;NUPR2;LOC105375288;LOC107986800;LOC105375292;LOC101930109;LOC650226;LOC100240728;LOC124901640;DKFZP434L192;LOC101928401;LOC105375291;LOC102723684;LOC105375289;LOC401357;LOC124901637;LOC124901639;LOC124901638;LOC105375294;LOC105375295;LOC100130849;MIR4283-1;ZNF479;GUSBP10;LOC105375297;LOC105375298;LOC105375299;MIR3147HG;MIR3147;ZNF716;LOC105375300;LOC105375301;LOC105375302;LOC102723842;LOC124901826;ZNF733P;LOC102724738;LOC100287704;LINC03075;LOC101929050;LOC124901641;LOC100287834;MIR4283-2;LOC105375313;LOC105375314;LOC105375315;LOC124901649;LOC124901797;LOC124901645;LOC124901650;LOC124901798;LOC124901644;LOC124901647;LOC124901652;LOC124901648;LOC124901651;LOC124901646;LOC124901643;LOC124901654;LINC02848;LOC124901653;LOC105375318;ZNF722;LINC01005;LOC105375317;ZNF727;LOC124901655;ZNF735;LOC105375319;ZNF679;LOC105375323;LOC105375322;ZNF736;LOC105375321;LOC105375324;YWHAEP1;LOC124901658;ZNF680;LOC124901657;LOC100128885;LOC641746;LOC124901656;LOC105375326;ZNF107;MIR6839;ZNF138;ZNF273;LOC441239;ZNF117;ERV3-1-ZNF117;ERV3-1;LOC105375330;LOC105375329;CCT6P3;LOC124901663;SNORA22C;SNORA15B-1;LOC124901662;INTS4P1;LOC124901661;LOC105375334;ZNF92;LOC124901660;LOC101929322;LINC03006;INTS4P2;CCT6P1;SNORA22;SNORA15B-2;LOC124901659;LINC03129;VKORC1L1;GUSB;LOC105375336;ASL;CRCP;TPST1;LINC00174;LINC03011;RABGEF1P1;KCTD7;LOC100996437;RABGEF1;LOC107986707;GTF2IRD1P1;GTF2IP23;LINC02604;TMEM248;SBDS;TYW1;LOC124901664;MIR4650-1;LOC124901666;LOC124901665;PMS2P4;SPDYE21;STAG3L4;LINC01372;LOC105375337;LOC105375340;LOC107986741;LOC102723427;LOC105375341;LOC105375342;LOC105375343;LOC105375344;LOC105375345;LOC124901667;LOC105375346;CT66;AUTS2;LOC124901669;LOC124901668;LOC107986709;LOC105375347;GALNT17;MIR3914-1;MIR3914-2;CALN1;TYW1B;MIR4650-2;SBDSP1;SPDYE7P;POM121;NSUN5P2;LOC124901671;TRIM74;FKBP6P1;LOC124901672;STAG3L3;PMS2P7;SPDYE8;SPDYE11;SPDYE9;SPDYE10;GTF2IP4;NCF1B;NSUN5;TRIM50;FKBP6;FZD9;BAZ1B;BCL7B;TBL2;MLXIPL;VPS37D;DNAJC30;BUD23;STX1A;LOC105375350;MIR4284;BICDL3P;ABHD11;CLDN3;CLDN4;METTL27;TMEM270;ELN;ELN-AS1;LIMK1;EIF4H;MIR590;LAT2;RFC2;LOC107986742;CLIP2;GTF2IRD1;WBSCR23;MIR10525;GTF2I;GTF2I-AS1;NCF1;GTF2IRD2;LOC124901673;STAG3L2;PMS2P5;SPDYE12;LOC105375352;CASTOR2;RCC1L;GTF2IRD2B;NCF1C;GTF2IP1;LOC107986710;SPDYE14;SPDYE13;SPDYE15;PMS2P2;STAG3L1;LOC124901677;FKBP6P2;TRIM73;LOC124901676;NSUN5P1;POM121C;SPDYE5;PMS2P3;HIP1;CCL26;CCL24;RHBDD2;LOC124901680;POR;MIR4651;SNORA14A;TMEM120A;STYXL1;MDH2;GTF2IP7;LOC124901854;LOC124901674;SRRM3;LOC124901679;HSPB1;FPASL;YWHAG;SSC4D;ZP3;DTX2;FDPSP2;LOC124901675;UPK3B;SPDYE16;LINC03009;POMZP3;LOC105375358;DTX2P1-UPK3BP1-PMS2P11;SPDYE17;PMS2P9;SPDYE18;FAM185BP;CCDC146;LOC124901678;FGL2;LOC105375359;LOC102723791;GSAP;LOC101927243;LOC124901830;LOC124901681;PTPN12;LOC105375363;APTR;RSBN1L;TMEM60;PHTF2;LOC124901682;DDX3ILA1;MAGI2;LOC124901684;RPL13AP17;LOC124901683;MAGI2-AS2;LOC105375366;MAGI2-AS3;LOC105375369;LOC105375370;LOC105375371;LOC105375372;GNAI1;LOC107986743;LOC107986744;LOC105375373;LOC101927269;GNAT3;LOC107986812;LOC124901685;CD36;SEMA3C;LOC124901686;LOC105369146;LOC100128317;HGF;CACNA2D1;CACNA2D1-AS1;LOC124901687;LOC107986813;LOC124901688;LOC105375376;PCLO;LOC105375377;SEMA3E;LOC105375378;LOC107986745;SEMA3A;LINC03017;SEMA3D;LINC00972;GRM3;GRM3-AS1;ELAPOR2;LOC124901689;DMTF1-AS1;DMTF1;TMEM243;LOC105375384;TP53TG1;CROT;ABCB4;ABCB1;LOC124901834;RUNDC3B;SLC25A40;DBF4;LOC124901690;ADAM22;LOC105375386;SRI;LOC124901691;SRI-AS1;STEAP4;LOC124901692;LOC107986815;LOC124900238;LOC107986816;ZNF804B;TEX47;LOC105375387;LOC107986817;STEAP2-AS1;DPY19L2P4;STEAP1;STEAP2;LOC107986819;CFAP69;FAM237B;LOC107986715;LOC101927446;GTPBP10;LOC101409256;CLDN12;PTTG1IP2;LOC124901693;CDK14;LOC124901839;LOC124901694;FZD1;LOC124901695;LINC02932;LOC107986716;LOC101927473;LOC124901697;LOC124901696;MTERF1;LOC112267986;LOC124901698;AKAP9;CYP51A1;CYP51A1-AS1;LRRD1;KRIT1;MIR1285-1;ANKIB1;TMBIM7P;GATAD1;ERVW-1;PEX1;RBM48;FAM133B;LOC105375397;CDK6;LOC112268009;CDK6-AS1;SAMD9;SAMD9L;HEPACAM2;VPS50;CALCR;MIR653;MIR489;LOC105375400;MIR4652;LOC124901811;TFPI2;TFPI2-DT;GNGT1;LOC105375402;GNG11;BET1;BET1-AS1;LOC130890646;LOC124901812;LOC112267858;LOC107986821;COL1A2-AS1;COL1A2;CASD1;LOC105375404;SGCE;PEG10;PPP1R9A;PPP1R9A-AS1;LOC124901848;PON1;PON3;LOC107986822;PON2;ASB4;LOC107986823;LOC124901699;PDK4;PDK4-AS1;LOC107986746;LOC105375409;DYNC1I1;LOC124901700;LOC124901701;SLC25A13;MIR591;LOC105375410;LOC124901702;LOC105375411;SEM1;LOC105375412;LOC107986825;LOC105375414;LOC124901703;DLX6-AS1;DLX6;DLX5;SDHAF3;LOC107984034;LOC124901704;LOC107986826;LOC105375416;TAC1;ASNS;CZ1P-ASNS;MIR5692A1;MIR5692C2;CCZ1P-OR7E38P;OCM2;LMTK2;BHLHA15;TECPR1;LOC124901706;LOC124901705;BRI3;BAIAP2L1;NPTX2;LOC105375419;LOC105375418;TMEM130;TRRAP;MIR3609;SCARNA28;LOC124901832;LOC101927550;SMURF1;KPNA7;MYH16;LOC105375421;ARPC1A;ARPC1B;PDAP1;BUD31;MIR12119;LOC124901707;LOC124901841;PTCD1;ATP5MF-PTCD1;CPSF4;ATP5MF;ZNF789;ZNF394;ZKSCAN5;FAM200A;LOC105375422;ZNF655;TMEM225B;ZSCAN25;CYP3A5;CYP3A7-CYP3A51P;CYP3A7;CYP3A4;CYP3A43;OR2AE1;TRIM4;LOC101927610;GJC3;LOC124900245;AZGP1;AZGP1P1;LOC105375423;ZKSCAN1;ZSCAN21;ZNF3;COPS6;MCM7;MIR25;MIR93;MIR106B;AP4M1;TAF6;CNPY4;MBLAC1;LAMTOR4;TRAPPC14;MIR4658;GAL3ST4;GPC2;STAG3;CASTOR3P;PVRIG;LOC105375426;SPDYE3;PMS2P1;STAG3L5P-PVRIG2P-PILRB;STAG3L5P;PVRIG2P;MIR6840;PILRB;PILRA;ZCWPW1;MEPCE;PPP1R35;PPP1R35-AS1;SPACDR;TSC22D4-C7ORF61;TSC22D4;NYAP1;LOC107986829;AGFG2;LOC124901708;SAP25;LRCH4;FBXO24;PCOLCE-AS1;PCOLCE;MOSPD3;TFR2;LOC124901709;LOC124901710;ACTL6B;LOC105375429;GNB2;GIGYF1;POP7;EPO;ZAN;EPHB4;SLC12A9;SLC12A9-AS1;TRIP6;MIR6875;SRRT;UFSP1;ACHE;LOC105375431;MUC3A;LOC124900622;MUC12;MUC12-AS1;MUC17;TRIM56;SERPINE1;AP1S1;MIR4653;VGF;NAT16;MOGAT3;PLOD3;ZNHIT1;CLDN15;FIS1;LNCPRESS1;EMSLR;IFT22;COL26A1;LINC01007;LOC107986832;MYL10;CUX1;LOC124900244;LOC124901711;SH2B2;MIR4285;LOC107986717;SPDYE6;LOC100630923;LOC100289561;PRKRIP1;MIR548O;LOC105375433;ORAI2;ALKBH4;LRWD1;MIR5090;MIR4467;POLR2J;RASA4B;LOC124901715;UPK3BL2;POLR2J3-UPK3BL2;SPDYE2;POLR2J3;LOC124901712;RASA4;LOC124901714;UPK3BL1;POLR2J2-UPK3BL1;SPDYE2B;POLR2J2;RASA4DP;LOC124901713;FAM185A;FBXL13;LRRC17;NFE4;ARMC10;NAPEPLD;RPL19P12;LOC105375434;DPY19L2P2;PMPCB;DNAJC2;PSMC2;SLC26A5;SLC26A5-AS1;RELN;LOC105375435;ORC5;LHFPL3;LHFPL3-AS1;LHFPL3-AS2;LOC101927902;LINC01004;KMT2E-AS1;KMT2E;SRPK2;LOC124901717;LOC124901718;PUS7;RINT1;EFCAB10;EFCAB10-AS1;ATXN7L1;CDHR3;LOC107986833;SYPL1;LOC124901719;NAMPT;NAMPT-AS1;CTB-30L5.1;LOC105375440;CCDC71L;LINC02577;PIK3CG;PRKAR2B;PRKAR2B-AS1;HBP1;COG5;LOC124901720;LOC124901721;GPR22;DUS4L;DUS4L-BCAP29;BCAP29;SLC26A4-AS1;SLC26A4;CBLL1-AS1;CBLL1;SLC26A3;LOC105375444;LOC105375445;DLD;LAMB1;LAMB4;LOC107986834;LOC107986835;LOC105375446;NRCAM;LOC102724363;PNPLA8;LOC124901722;THAP5;DNAJB9;LOC105375448;LOC107986836;LINC02903;EIF3IP1;LOC105375451;LOC105375450;LOC105375452;LOC124901723;IMMP2L;LOC124901724;LRRN3;LOC124901725;LOC124900232;DOCK4;LOC124901727;LOC124901726;DOCK4-AS1;ZNF277;ZNF277-AS1;LOC105375456;LOC105375457;IFRD1;LOC128031837;LSMEM1;LINC03076;LOC101928012;TMEM168;LOC124901729;SAMTOR;HRAT17;GPR85;LOC107986837;SMIM30;LOC124901813;LOC124901814;PPP1R3A;FOXP2;MIR3666;MDFIC;LINC01393;LINC01392;SNORA25B;LOC100506489;LOC105375461;LOC105375462;LOC102724407;TFEC;TES;LOC124901730;LOC102724434;LOC105375463;LOC124900233;LOC107986838;CAV2;CAV1;COMETT;MET;LOC124901731;CAPZA2;LOC105375465;ST7-AS1;ST7;ST7-OT4;MIR6132;ST7-AS2;LOC124901732;ST7-OT3;LOC105375466;WNT2;LOC124900596;LOC105375467;ASZ1;LOC105375468;CFTR;CFTR-AS1;CTTNBP2;LOC105375469;LOC105375470;LSM8;ANKRD7;LOC102724495;LOC124901815;LOC105375471;LOC105375472;LOC107986747;LOC105375473;LOC124901816;LINC02476;LOC107986840;LOC105375477;KCND2;TSPAN12;LOC124901733;ING3;LOC124901734;CPED1;LOC124901735;WNT16;FAM3C;LOC124901737;LOC124901736;LOC105375478;PTPRZ1;AASS;LOC102724527;FEZF1;FEZF1-AS1;CADPS2;LOC105375481;LOC124901739;RNF133;RNF148;LOC124901738;LOC105375482;TAS2R16;SLC13A1;IQUB;LOC124901740;NDUFA5;ASB15;ASB15-AS1;LMOD2;WASL;WASL-DT;HYAL4;HYAL6P;SPAM1;LOC105375483;TMEM229A;LOC124901741;LOC105375484;LOC107986841;LOC101928211;LOC102724577;SSU72L6;GPR37;LINC03043;POT1;POT1-AS1;LINC02830;LOC101928283;LOC101928254;LOC100506664;LOC105375487;LOC105375488;GRM8;LOC101928357;LOC107986843;MIR592;LOC124901742;GRM8-AS1;ZNF800;LINC03012;LOC105375490;GCC1;ARF5;LOC105375489;FSCN3;PAX4;SND1-DT;SND1;SND1-IT1;LRRC4;LOC124901743;MIR593;LOC105375493;LOC124901744;MIR129-1;LEP;RBM28;PRRT4;LOC107986845;IMPDH1;HILPDA;EFCAB3P1;METTL2B;LINC01000;GARIN1A;GARIN1B;CALU;OPN1SW;CCDC136;FLNC;FLNC-AS1;ATP6V1F;SPMIP1;KCP;LOC105375497;IRF5;TNPO3;TPI1P2;LOC124901836;LOC124901863;LOC407835;TSPAN33;SMO;AHCYL2;LOC124900234;LOC105375500;LOC107986847;STRIP2;SMKR1;NRF1;LOC105375501;MIR182;MIR96;MIR183;UBE2H;UBE2H-DT;ZC3HC1;KLHDC10;LINC03008;TMEM209;LOC124901745;SSMEM1;CPA2;CPA4;LOC105375503;LOC124901842;LOC124901837;CPA5;LOC105375504;CPA1;CEP41;LOC105375505;MESTIT1;MEST;MIR335;COPG2;COPG2IT1;LOC124901746;TSGA13;KLF14;LOC105375508;LOC105375509;MIR29A;MIR29B1;LINC-PINT;LINC00513;MKLN1;MKLN1-AS;LOC124901747;PODXL;LOC107986849;LOC101928782;PLXNA4;LOC101928807;LOC105375511;LOC102724906;FLJ40288;LOC124900236;LOC100506937;CHCHD3;MIR3654;LOC105375512;EXOC4;MIR6133;LOC124901748;LOC124901749;LOC101928861;LOC105375514;LRGUK;SLC35B4;LOC105375518;LOC105375517;LINC03060;AKR1B1;AKR1B10;LOC105375520;AKR1B15;LOC124901750;BPGM;LOC124901751;CALD1;AGBL3;CYREN;TMEM140;WDR91;MIR6509;STRA8;LOC107984123;CNOT4;NUP205;STMP1;SLC13A4;LOC105375521;FAM180A;LOC105375522;MTPN;LOC105375523;LOC105375524;LOC124901850;CHRM2;LOC349160;MIR490;LOC105375525;PTN;LOC124900235;LOC105375527;DGKI;CREB3L2;CREB3L2-AS1;LOC124901752;LOC124901753;AKR1D1;LOC124901828;MIR4468;LOC107986749;LOC124900243;LOC124901754;TRIM24;LOC124901843;LOC124901755;SVOPL;LOC124900246;ATP6V0A4;TMEM213;KIAA1549;ZC3HAV1L;LOC107986852;ZC3HAV1;MIR10399;IFT56;LOC124901756;UBN2;FMC1;LUC7L2;FMC1-LUC7L2;LOC100129148;KLRG2;CLEC2L;HIPK2;LOC105375530;TBXAS1;LOC107986853;LOC105375532;PARP12;LOC124901757;KDM7A;KDM7A-DT;LOC107986854;LOC105375534;LOC124901758;SLC37A3;LOC124901838;LOC124901759;RAB19;MKRN1;DENND2A;LOC105375535;ADCK2;NDUFB2-AS1;NDUFB2;BRAF;LOC105375536;LOC107986720;MRPS33;LOC107986719;LOC105375537;TMEM178B;LOC124901760;AGK-DT;AGK;DENND11;WEE2-AS1;WEE2;SSBP1;TAS2R3;TAS2R4;TAS2R5;PRSS37;OR9A4;CLEC5A;LOC124901761;TAS2R38;MGAM;MGAM2;MOXD2P;PRSS58;PRSS59P;LOC105375539;LOC107986855;MIR11400;PRSS1;LOC124901763;PRSS2;LOC124901762;LOC105375541;EPHB6;TRPV6;TRPV5;LOC105375542;LLCFC1;KEL;OR9A2;LOC105375544;OR6V1;OR6W1P;PIP;TAS2R39;LOC124901764;TAS2R40;LOC105375546;TMEM139-AS1;GSTK1;TMEM139;CASP2;CLCN1;FAM131B;FAM131B-AS1;FAM131B-AS2;ZYX;MIR6892;EPHA1;EPHA1-AS1;TAS2R60;TAS2R41;LOC105375547;OR10AC1;CTAGE15;LOC101928466;TCAF2;CTAGE6;TCAF2P1;LOC154761;LOC112267988	ACTL6B;ALKBH4;BAZ1B;CBLL1;CBX3;DNAJC2;FOXP2;GATAD1;GTF2I;HDAC9;IKZF1;ING3;KDM7A;KMT2E;LRWD1;SAP25;TAF6;TRIM24;TRRAP;UBE2H;ZCWPW1;ZNHIT1	1	0.0	0.008426966292134831	0.0	0
chr9:40025358:71963003:DEL	DEL						0	0.0	0.0028089887640449437	0.0	0
chr9:43860302:77792481:DEL	DEL						0	0.0	0.0028089887640449437	0.0	0
chrX:3210451:152719487:DEL	DEL	5	5	1.9	LINC01546;MXRA5;SNORA48B;PRKX;PRKX-AS1;LOC389906;LOC124900487;FAM239A;FAM239B;FAM239C;LOC101928201;LOC124900497;LINC03070;NLGN4X;LOC105373156;MIR4770;VCX3A;LOC124905240;PUDP;LOC107987331;STS;MIR4767;LOC124905241;VCX;PNPLA4;LOC107985675;MIR651;VCX2;LOC107985676;VCX3B;LINC03113;ANOS1;FAM9A;LINC03114;FAM9B;LOC124905242;LOC107985634;TBL1X;GPR143;LOC105373126;SHROOM2;CLDN34;WWC3;CLCN4;MID1;LOC124905245;HCCS-DT;LOC124905244;LOC124905243;HCCS;ARHGAP6;AMELX;MIR548AX;LOC124905246;LOC105373131;MSL3-DT;MSL3;FRMPD4;FRMPD4-AS1;PRPS2;TLR7;TLR8-AS1;TLR8;TMSB4X;FAM9C;LOC105373133;LOC105373134;LINC02154;GS1-600G8.3;ATXN3L;LINC01203;LOC124905248;EGFL6;MIR6086;LOC107985657;TCEANC;LOC107985656;RAB9A;TRAPPC2;OFD1;GPM6B;GEMIN8;UBE2E4P;GLRA2;LOC107985686;FANCB;MOSPD2;ASB9;ASB11;PIGA;PIR-FIGF;VEGFD;PIR;BMX;ACE2;ACE2-DT;CLTRN;CA5BP1;CA5BP1-CA5B;LOC124905268;CA5B;INE2;ZRSR2;AP1S2;GRPR;MAGEB17-AS1;MAGEB17;LOC124905249;CTPS2;MIR548AM;S100G;SYAP1;LOC124905250;TXLNG;LOC124905251;RBBP7;REPS2;LOC124905266;LOC124905252;LOC124905270;NHS;MIR4768;LOC101928389;NHS-AS1;LOC105373142;SCML1;RAI2;LINC01456;BEND2;SCML2;LOC124905253;CDKL5;RS1;PPEF1;PPEF1-AS1;LOC124905254;PHKA2-AS1;PHKA2;LOC101928415;ADGRG2;PDHA1;MAP3K15;SH3KBP1;LOC124905255;BCLAF3;LOC124905256;LOC729609;MAP7D2;MIR23C;EIF1AX;SCARNA9L;EIF1AX-AS1;RPS6KA3;LOC124905257;LOC124905258;LOC105373146;CNKSR2;KLHL34;SMPX;MBTPS2;YY2;LOC124905259;SMS;PHEX;PHEX-AS1;PTCHD1-AS;CBLL2;DDX53;PTCHD1;LOC124905276;PRDX4;ACOT9;SAT1-DT;SAT1;LOC127933115;APOO;CXORF58;KLHL15;EIF2S3;LOC124905261;LOC124905260;LOC124900492;ZFX-AS1;ZFX;SUPT20HL2;SUPT20HL1;PDK3;PCYT1B;PCYT1B-AS1;LOC124905262;POLA1;SCARNA23;LOC124905263;ARX;LOC107985652;LOC107985707;MAGEB18;MAGEB6B;MAGEB6;MAGEB5;VENTXP1;LOC124905231;LOC105373150;PPP4R3C;DCAF8L2;MAGEB10;DCAF8L1;LOC105373151;LOC105373152;MIR6134;IL1RAPL1;MIR4666B;LOC107985632;MAGEB2;MAGEB3;MAGEB4;MAGEB1;NR0B1;TASL;GK;GK-AS1;TAB3;TAB3-AS1;FTHL17;DMD;LOC124905175;MIR3915;MIR548F5;LOC124905283;LOC105373153;FAM47A;LOC107985674;TMEM47;FAM47B;MAGEB16;CFAP47;LOC101928627;LOC105373155;FAM47C;FTHL18P;PRRG1;LANCL3;XK;CYBB;DYNLT3;SYTL5;H2AP;H2AL3;MIR548AJ2;SRPX;LOC124905176;RPGR;OTC;TSPAN7;MID1IP1-AS1;MID1IP1;LOC124905178;LOC124905177;LOC105373175;LINC01281;LINC01282;LOC105373176;LINC01283;MIR3937;LOC105373178;LOC105373177;MIR1587;LOC105373180;LINC03053;BCOR;LOC107985687;LINC03099;LOC124905275;LOC105373182;ATP6AP2;MPC1L;CXORF38;MED14;MED14OS;TNIP2P1;USP9X;LINC02601;DDX3X;NYX;CASK;CASK-AS1;LOC124905180;GPR34;GPR82;LOC124905181;LOC105373186;PPP1R2C;LOC105373188;PINCR;MAOA;MAOB;NDP;NDP-AS1;EFHC2;FUNDC1;DUSP21;LOC105373190;KDM6A;DIPK2B;LOC105373191;LINC01204;MFFP3;MIR222HG;MIR221;MIR222;LINC02595;LOC124900502;LINC01186;KRBOX4;ZNF674;LOC124900488;ZNF674-AS1;CHST7;SLC9A7;LOC124905182;RP2;LINC01545;JADE3;RGN;LOC105373193;LOC107985720;NDUFB11;RBM10;UBA1;LOC105373194;INE1;CDK16;USP11;LOC124905277;LOC124905264;ZNF157;SNORA11C;ZNF41;LINC01560;LOC124905183;LOC124905184;ARAF;SYN1;TIMP1;MIR4769;CFP;ELK1;UXT;UXT-AS1;CXXC1P1;ZNF81;ZNF182;SPACA5;ZNF630-AS1;ZNF630;LOC124905272;SSX6P;SPACA5B;SSX5;SSX1;SSX9P;SSX3;SSX4;SSX4B;SLC38A5;LOC124905185;FTSJ1;PORCN-DT;PORCN;EBP;TBC1D25;RBM3;WDR13;LOC107985695;LOC124905186;WAS;LOC124905187;SUV39H1;GLOD5;GATA1;HDAC6;ERAS;PCSK1N;TIMM17B;PQBP1;SLC35A2;PIM2;OTUD5;KCND1;GRIPAP1;TFE3;CCDC120;PRAF2;WDR45;GPKOW;LOC105373195;MAGIX;PLP2;PRICKLE3;SYP;SYP-AS1;CACNA1F;CCDC22;FOXP3;FLICR;PPP1R3F;GAGE10;LOC124905188;GAGE12J;GAGE13;GAGE12B;GAGE12C;GAGE12D;GAGE12E;GAGE12F;GAGE12G;GAGE12H;GAGE2A;GAGE1;PAGE1;PAGE4;USP27X-DT;USP27X;CLCN5;MIR532;MIR188;MIR500A;MIR362;MIR501;MIR500B;MIR660;MIR502;AKAP4;CCNB3;DGKK;SHROOM4;BMP15;ASMER2;LINC01284;LOC105373204;NUDT10;EZHIP;NUDT11;LINC01496;CENPVL3;LOC105373205;CENPVL2;CENPVL1;GSPT2;MAGED1;LOC401589;LOC105377208;MAGED4B;SNORA11E;MAGED4;SNORA11D;LOC105377209;MIR8088;LOC124905189;XAGE2;XAGE1A;XAGE1B;LOC107985659;SSX8P;SSX7;SSX2;SSX2B;SPANXN5;XAGE5;XAGE3;FAM156B;LOC124905190;FAM156A;GPR173;TSPYL2;KANTR;KDM5C;MIR6895;MIR6894;IQSEC2;LOC124905191;SMC1A;MIR6857;RIBC1;HSD17B10;HUWE1;MIR98;MIRLET7F2;PHF8;FAM120C;WNK3;TSR2;FGD1;GNL3L;ITIH6;MAGED2;SNORA11;TRO;SNORA11G;PFKFB1;APEX2;ALAS2;PAGE2B;PAGE2;VCF2;SNORA109;PAGE5;PAGE3;LOC100421746;MIR4536-2;MIR4536-1;MAGEH1;USP51;LOC101928692;FOXR2;XAGE-4;RRAGB;KLF8;LOC124905192;LOC124905193;LOC124900486;UBQLN2;LOC124905194;NBDY;UQCRBP1;SPIN3;SPIN2B;FAAH2;SPIN2A;ZXDB;LOC107985708;NLRP2B;LOC124905232;ZXDA;LOC105377211;LOC105377212;SPIN4-AS1;SPIN4;LINC01278;ARHGEF9;ARHGEF9-IT1;LOC128031833;MIR1468;AMER1;LOC112268307;ASB12;MTMR8;PFN5P;LOC124905195;LOC105373239;ZC4H2;ZC3H12B;LAS1L;FRMD8P1;MSN;MIR223HG;MIR223;VSIG4;HEPH;EDA2R;LOC105373240;AR;NXTAR;OPHN1;YIPF6;STARD8;EFNB1;LOC102723911;LOC105373242;LOC124905196;LOC107985646;PJA1;LINC00269;NALF2;EDA;MIR676;AWAT2;OTUD6A;IGBP1;LOC107985683;DGAT2L6;AWAT1;P2RY4;ARR3;RAB41;PDZD11;KIF4A;GDPD2;LOC105373244;DLG3;DLG3-AS1;TEX11;SNORD3E;SLC7A3;SNX12;FOXO4;CXORF65;IL2RG;MED12;LOC124905197;NLGN3;LOC107985688;GJB1;ZMYM3;LOC105373247;NONO;ITGB1BP2;LOC124905198;TAF1;INGX;OGT;GCNA;CXCR3;LOC100129291;LOC101059915;LINC00891;CXORF49;CXORF49B;LOC100132741;LOC101060274;NHSL2;RPS26P11;RTL5;PIN4;ERCC6L;RPS4X;CITED1;LOC105373250;HDAC8;PHKA1;PHKA1-AS1;LOC124905290;DMRTC1B;FAM226B;FAM236B;FAM236D;DMRTC1;FAM236C;FAM236A;FAM226A;PABPC1L2B-AS1;PABPC1L2B;PABPC1L2A;LOC101928380;NAP1L6P;NAP1L2;CDX4;MAP2K4P1;CHIC1;TSIX;XIST;JPX;FTX;MIR421;MIR374B;MIR374C;MIR545;MIR374A;LOC124905199;ZCCHC13;LOC105373252;SLC16A2;RLIM;NEXMIF;ABCB7;UPRT;LOC124905200;ZDHHC15;LOC107985664;TTC3P1;MAGEE2;PBDC1;MAGEE1;MIR325HG;MIR384;MIR325;LOC105373254;FGF16;ATRX;MAGT1;COX7B;ATP7A;PGAM4;LOC124905201;PGK1;TAF9B;LOC107985669;CYSLTR1;LOC107985670;RTL3;LPAR4;MIR4328;P2RY10;GPR174;ITM2A;LOC105373282;TBX22;CHMP1B2P;TENT5D;BRWD3;LOC124905202;LOC124900504;HMGN5;SH3BGRL;LOC124905203;LOC105373284;LOC105373285;LOC105373286;EIF3JP1;LOC124900496;LOC105373287;LOC105373288;LOC107985635;POU3F4;CYLC1;RPS6KA6;MIR548I4;HDX;UBE2DNL;APOOL;SATL1;LOC101928128;ZNF711;POF1B;MIR1321;CHM;MIR361;DACH2;KLHL4;LOC124905233;LOC124900505;LOC107985713;CPXCR1;LOC107985653;LOC102724150;TGIF2LX;LOC105373292;LOC107985700;PABPC5-AS1;PABPC5;LOC105373293;PCDH11X;NAP1L3;FAM133A;LOC124900491;LOC107985704;LOC107985647;LOC107985710;MIR548M;LOC124905234;BRDTP1;LOC105373294;LOC107985714;LOC105373296;DIAPH2;RPA4;DIAPH2-AS1;ERVFC1;LINC03077;PCDH19;TNMD;LOC105373298;TSPAN6;SRPX2;SYTL4;CSTF2;LOC124900498;NOX1;XKRX;ARL13A;TRMT2B;TMEM35A;CENPI;DRP2;TAF7L;TIMM8A;BTK;RPL36A;RPL36A-HNRNPH2;GLA;HNRNPH2;ARMCX4;ARMCX1;ARMCX6;ARMCX3;ARMCX2;NXF5;ZMAT1;TCEAL2;TCEAL6;LOC105373299;BEX5;TCP11X1;NXF2;NXF2B;TCP11X2;TMSB15A;NXF4;ARMCX5;ARMCX5-GPRASP2;GPRASP1;GPRASP2;GPRASP3;LINC00630;RAB40AL;BEX1;NXF3;BEX4;TCEAL8;TCEAL5;BEX2;TCEAL7;LOC124905204;TCEAL9;BEX3;LL0XNC01-250H12.3;RAB40A;LINC02589;TCEAL4;TCEAL3;TCEAL1;MORF4L2;MORF4L2-AS1;GLRA4;TMEM31;RAB9B;PLP1;TMSB15B-AS1;TMSB15B;H2BW4P;LOC107987334;H2BW1;H2BW2;LOC107985662;H2BW3P;TMSB15C;SLC25A53;ZCCHC18;LOC286437;FAM199X;ESX1;IL1RAPL2;TEX13A;LOC107985680;LOC105373303;NRK;LOC105373304;LOC105373305;SERPINA7;PWWP3B;RADX;MIR548AN;LOC124905235;RNF128;TBC1D8B;RIPPLY1;CLDN2;MORC4;RBM41;NUP62CL;DNAAF6;FRMPD3;FRMPD3-AS1;PRPS1;TSC22D3;NCBP2L;MID2;LOC101928335;LOC112267910;TEX13B;VSIG1;PSMD10;ATG4A;COL4A6;LOC124905205;COL4A5;IRS4;IRS4-AS1;GUCY2F;NXT2;KCNE5;ACSL4;LOC105373311;TMEM164;MIR652;MIR3978;LOC124905230;AMMECR1;SNORD96B;LOC105373312;GNG5B;RTL9;CRIPTO3;CHRDL1;PAK3;CAPN6;DCX;SERTM2;ALG13;TRPC5;TRPC5OS;RTL4;LHFPL1;AMOT;MIR4329;LOC107985651;LOC101928437;XACT;LOC124905236;LOC124905291;LOC102724491;LOC124900490;HTR2C;SNORA35;MIR764;MIR1912;MIR1264;MIR1298;LOC105373313;MIR1911;MIR448;IL13RA2;LRCH2;SNORA35B;RBMXL3;LUZP4;LOC107985681;LOC124905206;PLS3-AS1;PLS3;DANT2;DANT1;AGTR2;SLC6A14;CT83;LOC105373320;LOC100126447;KLHL13;WDR44;MIR1277;DOCK11;LOC124905207;IL13RA1;LOC124900501;ZCCHC12;LINC01285;LONRF3;CT47C1;KIAA1210;PGRMC1;AKAP17BP;LINC03098;SLC25A43;SLC25A5-AS1;SLC25A5;STEEP1;LOC124905208;UBE2A;NKRF;SEPTIN6;MIR766;SOWAHD;RPL39;SNORA69;LOC107985694;UPF3B;RNF113A;NDUFA1;AKAP14;NKAP;LOC124905209;RHOXF1P1;RHOXF1-AS1;RHOXF2B;RHOXF1;LINC01402;RHOXF2;NKAPP1;ZBTB33;TMEM255A;ATP1B4;LAMP2;CUL4B;LOC124905273;LOC124905210;MCTS1;C1GALT1C1;CT47B1;CT47A12;CT47A11;CT47A10;CT47A9;CT47A8;CT47A7;CT47A6;CT47A5;CT47A4;CT47A3;CT47A2;CT47A1;LOC105373328;GLUD2;MIR3672;UBE2V1P16;LOC101928359;LOC124905292;GRIA3;THOC2;XIAP;STAG2-AS1;STAG2;LOC124905280;TEX13D;SH2D1A;TENM1;LOC105373331;LOC124905282;LOC124905211;TEX13C;LOC124905212;LOC101928495;DCAF12L2;LOC107985648;DCAF12L1;PRR32;LOC107985666;LOC107985650;LOC107985709;LOC105373332;LOC105373333;ACTRT1;LOC107985698;LOC107985699;LOC124905213;LOC107985684;SMARCA1;LOC124900503;OCRL;APLN;LOC105373334;LOC124905214;XPNPEP2;LOC124905215;SASH3;ZDHHC9;UTP14A;LOC105373335;BCORL1;LOC124905216;ELF4;RAB33A;AIFM1;ZNF280C;LOC112268303;SLC25A14;GPR119;RBMX2;DENND10P1;LOC105373336;ENOX2;ENOX2-AS1;LOC124905217;LINC01201;ARHGAP36;IGSF1;LOC102723546;LOC107985705;OR13H1;LOC124905218;FIRRE;STK26;FRMD7;RAP2C;RAP2C-AS1;MBNL3;HS6ST2;HS6ST2-AS1;LOC124905219;USP26;LOC124900495;TFDP3;GPC4;GPC3;GPC3-AS1;LOC124905220;MIR106AHG;MIR363;MIR92A2;MIR19B2;MIR20B;MIR18B;MIR106A;CCDC160;PHF6;HPRT1;MIR450B;MIR450A1;MIR450A2;MIR542;MIR503HG;MIR503;MIR424;LINC00629;PLAC1;PABIR2;PABIR3;MOSPD1;LINC02243;SMIM10;RTL8B;RTL8C;RTL8A;SMIM10L2B;ETDB;SMIM10L2B-AS1;CT55;ZNF75D;ETDA;ETDC;LOC105373342;ZNF449;LOC100506790;SMIM10L2A;INTS6L-AS1;INTS6L;SAGE2P;CT45A1;CT45A3;CT45A5;CT45A6;CT45A2;CT45A7;CT45A8;CT45A9;CT45A10;SAGE1;MMGT1;SLC9A6;LOC124905271;FHL1;MAP7D3;ADGRG4;BRS3;HTATSF1;VGLL1;MIR934;LINC00892;CD40LG;ARHGEF6;RBMX;SNORD61;GPR101;LINC02931;ZIC3;FGF13;MIR504;FGF13-AS1;LOC124905222;SRD5A1P1;F9;MCF2;LOC124905269;ATP11C;MIR505;CXORF66;LOC728660;HAPSTR2;LOC105373343;LOC124905265;SOX3;LOC105373344;LOC101928833;LINC00632;MIR320D2;SPANXB1;LDOC1;SPANXC;SPANXA2-OT1;SPANXA1;SPANXA2;LOC645188;SPANXD;MAGEC3;MAGEC1;MAGEC2;LOC105373345;LOC124905278;SPANXN4;SPANXN3;SLITRK4;SPANXN2;UBE2NL;SPANXN1;SLITRK2;LOC107985703;MIR892C;MIR890;MIR888;MIR892A;MIR892B;MIR891B;MIR891A;LOC101928808;CXORF51B;CXORF51A;LOC101928832;LOC105373347;MIR513C;MIR513B;MIR513A1;MIR513A2;MIR506;MIR507;MIR508;MIR514B;MIR509-2;MIR509-3;MIR509-1;MIR510;MIR514A1;MIR514A2;LOC101928863;MIR514A3;LOC105373348;LOC105373349;FMR1-AS1;FMR1;FMR1NB;AFF2;LOC122319696;LOC107985667;IDS;EOLA1-DT;EOLA1;HSFX3;MAGEA9B;HSFX2;TMEM185A;MAGEA11;HSFX1;MAGEA9;LINC00850;MAGEA8-AS1;MAGEA8;EOLA2;HSFX4;EOLA2-DT;MIR2114;MAMLD1;LOC124905223;MTM1;MTMR1;CD99L2;LINC02927;HMGB3;MIR4330;GPR50-AS1;GPR50;VMA21;LOC105373367;LOC105377213;PASD1;PRRG3;FATE1;CNGA2;MAGEA4-AS1;MAGEA4;GABRE;MIR224;MIR452;LOC105373369;MAGEA5P;LOC100533997;MAGEA10;GABRA3;MIR105-1;MIR767;MIR105-2;MAGEA3-DT;GABRQ;MAGEA3;CSAG2;LOC124905224;MAGEA2B	ATRX;BCOR;BCORL1;BRWD3;CUL4B;FOXP3;HDAC6;HDAC8;HMGN5;HSFX3;HUWE1;JADE3;KDM5C;KDM6A;LAS1L;MBNL3;MORF4L2;MSL3;NAP1L2;OGT;PHF8;PQBP1;RBBP7;RLIM;RPS6KA3;SCML2;SMARCA1;SUV39H1;TAF1;TAF9B;UBE2A;USP11;ZBTB33;ZMYM3;ZNF711	1	0.0	0.0	0.00909090909090909	0
