coord_key	svtype	abnormal_rate	control_rate	fdr_abnormal_vs_control	enrichment_pattern	acmg_class	acmg_label	ranking_score	annotsv_genes	epifactors_genes	epifactors_hit
chr13:88515302:88515302:INS	INS	0.7021276595744681	0.34545454545454546	0.21706784362333997	normal_vs_control						0
chr22:22558121:22558169:DEL	DEL	0.44680851063829785	0.13636363636363635	0.21706784362333997	normal_vs_control						0
chr2:1764436:1764436:INS	INS	0.5319148936170213	0.2	0.21706784362333997	normal_vs_control						0
chr13:111307701:111307701:INS	INS	0.6808510638297872	0.33636363636363636	0.2206726079338612	normal_vs_control						0
chr8:2089228:2089228:INS	INS	0.5106382978723404	0.20909090909090908	0.38668803498537596	normal_vs_control						0
chr16:55449008:55449008:INS	INS	0.425531914893617	0.14545454545454545	0.38668803498537596	normal_vs_control						0
chr4:172206776:172206808:DEL	DEL	0.425531914893617	0.14545454545454545	0.38668803498537596	normal_vs_control						0
chr4:139368025:139368025:INS	INS	0.5531914893617021	0.2545454545454545	0.46317676209118513	normal_vs_control						0
chr15:88913993:88913994:DEL	DEL	0.3829787234042553	0.12727272727272726	0.5021846841579142	normal_vs_control						0
chr3:6372246:6372246:INS	INS	0.1702127659574468	0.01818181818181818	0.6325467029244956	normal_vs_control						0
chr5:1848194:1848194:INS	INS	0.5957446808510638	0.3181818181818182	0.6325467029244956	normal_vs_control						0
chr2:240110814:240110859:DEL	DEL	0.3829787234042553	0.14545454545454545	0.6523719519816296	normal_vs_control						0
chr3:188907518:188907518:INS	INS	0.6170212765957447	0.34545454545454546	0.7309998935382679	normal_vs_control						0
chr13:24460441:24460441:INS	INS	0.44680851063829785	0.20909090909090908	0.7922207964663913	normal_vs_control						0
chr7:133177695:133177695:INS	INS	0.5106382978723404	0.2727272727272727	0.8637068353024824	normal_vs_control						0
chr7:71798091:71798133:DEL	DEL	0.2978723404255319	0.10909090909090909	0.9272760784705912	normal_vs_control						0
chr9:96027033:96027033:INS	INS	0.5531914893617021	0.3181818181818182	0.9272760784705912	normal_vs_control						0
chr15:82457382:82457418:DEL	DEL	0.6808510638297872	0.44545454545454544	0.9272760784705912	normal_vs_control						0
chr15:84498484:84498484:INS	INS	0.6382978723404256	0.41818181818181815	0.9272760784705912	normal_vs_control						0
chr2:192729435:192729435:INS	INS	0.1276595744680851	0.01818181818181818	0.9272760784705912	normal_vs_control						0
chr6:22201203:22201242:DEL	DEL	0.3829787234042553	0.20909090909090908	1.0	normal_vs_control						0
chr11:4334659:4334659:INS	INS	0.3404255319148936	0.18181818181818182	1.0	normal_vs_control						0
chr2:170632848:170632848:INS	INS	0.2765957446808511	0.14545454545454545	1.0	normal_vs_control						0
chr18:5972893:5972933:DEL	DEL	0.2765957446808511	0.15454545454545454	1.0	normal_vs_control						0
chr10:133460497:133460497:INS	INS	0.5106382978723404	0.37272727272727274	1.0	normal_vs_control						0
chr6:1260896:1260939:DEL	DEL	0.3829787234042553	0.2545454545454545	1.0	normal_vs_control						0
chr7:33671762:33671806:DEL	DEL	0.44680851063829785	0.32727272727272727	1.0	normal_vs_control						0
chr2:157226576:157226576:INS	INS	0.3404255319148936	0.2818181818181818	1.0	normal_vs_control						0
chr1:61886821:61886821:INS	INS	0.3617021276595745	0.3090909090909091	1.0	normal_vs_control						0
