gene	chrom	start	end	svtype	svlen	location	exon_or_splice	annotsv_exon	overlap_exon	acmg_class	variant	abnormal	normal	control
EHMT1	9	137627502	137627502	INS	0	intron1-intron1	0	0	0		chr9:137627502-137627502:INS	10	19	6
SMYD3	1	245774643	245774706	DEL	63	intron6-intron6	0	0	0	1	chr1:245774643-245774706:DEL	9	72	15
SMYD3	1	245974719	245975030	DEL	311	intron1-intron1	0	0	0	1	chr1:245974719-245975030:DEL	4	21	6
SMYD3	1	246077018	246094770	DEL	17752	intron1-intron1	0	0	0	1	chr1:246077018-246094770:DEL	0	1	0
SMYD3	1	246200282	246200282	INS	0	intron1-intron1	0	0	0		chr1:246200282-246200282:INS	0	1	0
SMYD3	1	246275447	246275692	DEL	245	intron1-intron1	0	0	0	1	chr1:246275447-246275692:DEL	7	33	9
SMYD3	1	246291938	246292025	DEL	87	exon1-exon1	1	1	0	1	chr1:246291938-246292025:DEL	0	0	1
SMYD3	1	246325021	246325111	DEL	90	intron5-intron5	0	0	0	1	chr1:246325021-246325111:DEL	0	1	0
SMYD3	1	246389692	246389755	DEL	63	intron1-intron1	0	0	0	1	chr1:246389692-246389755:DEL	3	31	6
SMYD3	1	246493799	246493864	DEL	65	intron1-intron1	0	0	0	3	chr1:246493799-246493864:DEL	11	90	27
KDM4B	19	4974060	4976208	DEL	2148	intron1-intron1	0	0	0	3	chr19:4974060-4976208:DEL	0	2	0
KDM4B	19	5144402	5144402	INS	0	exon20-exon20	1	1	1		chr19:5144402-5144402:INS	19	64	30
FTO	16	53732334	53735333	DEL	2999	intron1-intron1	0	0	0	1	chr16:53732334-53735333:DEL	0	0	1
FTO	16	53778585	53779438	DEL	853	intron1-intron1	0	0	0	1	chr16:53778585-53779438:DEL	0	2	0
FTO	16	53841059	53841059	INS	0	intron3-intron3	0	0	0		chr16:53841059-53841059:INS	8	49	11
FTO	16	53902588	53902588	INS	0	intron7-intron7	0	0	0		chr16:53902588-53902588:INS	23	149	45
FTO	16	53993360	53994703	DEL	1343	exon9-exon9	1	1	0	1	chr16:53993360-53994703:DEL	0	1	0
HAT1	2	171977573	171977573	INS	0	intron9-intron9	0	0	0		chr2:171977573-171977573:INS	18	143	32
SUPT6H	17	28692262	28692939	DEL	677	intron27-intron27	0	0	0	3	chr17:28692262-28692939:DEL	4	9	4
