coord_key	chrom	start	end	svlen	svtype	sv_id	variant_pos	gene	gene_class	location	exon_or_splice	acmg_class	acmg_ge4	max_pop_af	n_carriers	abnormal_n	abnormal_rate	normal_n	normal_rate	control_n	control_rate
12:96140819:96890276:DEL	12	96140819	96890276	749457	DEL	A0682_Sniffles2.DEL.300SB	chr12:96140819-96890276:DEL	CDK17	histone_write	txStart-txEnd	0	5	True	0.1121	1	0	0.0	1	0.002232142857142857	0	0.0
12:96250784:96493135:DEL	12	96250784	96493135	242351	DEL	0077c_Sniffles2.DEL.739SB	chr12:96250784-96493135:DEL	CDK17	histone_write	txStart-txEnd	0	4	True	0.1121	1	0	0.0	0	0.0	1	0.006535947712418301
10:11111884:11115052:DEL	10	11111884	11115052	3168	DEL	Sniffles2.DEL.B1BM9	chr10:11111884-11115052:DEL	CELF2	rna_modification	intron3-intron3	0	3	False	0.01	1	0	0.0	1	0.002232142857142857	0	0.0
10:11283900:11283952:DEL	10	11283900	11283952	52	DEL	ZZ240063_Sniffles2.DEL.78FS9	chr10:11283900-11283952:DEL	CELF2	rna_modification	intron10-intron10	0	3	False		1	0	0.0	0	0.0	1	0.006535947712418301
11:46014685:46015032:DEL	11	46014685	46015032	347	DEL	Sniffles2.DEL.2484MA	chr11:46014685-46015032:DEL	PHF21A	histone_erase	intron6-intron6	0	3	False	0.4997	268	24	0.5106382978723404	170	0.3794642857142857	74	0.48366013071895425
11:47515956:47523455:DEL	11	47515956	47523455	7499	DEL	zz230189_Sniffles2.DEL.365SA	chr11:47515956-47523455:DEL	CELF1	rna_modification	exon1-intron1	0	3	False	0.0179	1	0	0.0	0	0.0	1	0.006535947712418301
12:6579043:6579178:DEL	12	6579043	6579178	135	DEL	Sniffles2.DEL.60CMB	chr12:6579043-6579178:DEL	CHD4	chromatin_remodeling	intron32-intron32	0	3	False	0.0418	1	0	0.0	0	0.0	1	0.006535947712418301
14:73085317:73085460:DEL	14	73085317	73085460	143	DEL	Sniffles2.DEL.51D4MD	chr14:73085317-73085460:DEL	RBM25	rna_modification	intron5-intron5	0	3	False	0.4022	33	3	0.06382978723404255	23	0.05133928571428571	7	0.0457516339869281
16:6460053:6460113:DEL	16	6460053	6460113	60	DEL	A0526_Sniffles2.DEL.2DFSF	chr16:6460053-6460113:DEL	RBFOX1	rna_modification	intron5-intron5	0	3	False	0.01	1	0	0.0	1	0.002232142857142857	0	0.0
16:7012010:7032758:DEL	16	7012010	7032758	20748	DEL	Sniffles2.DEL.8A9MF	chr16:7012010-7032758:DEL	RBFOX1	rna_modification	intron6-intron6	0	3	False	0.01	1	0	0.0	1	0.002232142857142857	0	0.0
16:7029132:7029182:DEL	16	7029132	7029182	50	DEL	0014c_Sniffles2.DEL.578SF	chr16:7029132-7029182:DEL	RBFOX1	rna_modification	intron6-intron6	0	3	False	0.1942	34	3	0.06382978723404255	21	0.046875	10	0.06535947712418301
16:8939972:8940818:DEL	16	8939972	8940818	846	DEL	254_Sniffles2.DEL.28DSF	chr16:8939972-8940818:DEL	USP7	dna_modification	intron1-intron1	0	3	False	0.01	1	0	0.0	1	0.002232142857142857	0	0.0
16:23899566:23899872:DEL	16	23899566	23899872	306	DEL	Sniffles2.DEL.1575MF	chr16:23899566-23899872:DEL	PRKCB	histone_write	intron2-intron2	0	3	False	0.0124	140	9	0.19148936170212766	103	0.22991071428571427	28	0.1830065359477124
16:23981683:23982223:DEL	16	23981683	23982223	540	DEL	A1037_Sniffles2.DEL.28DSF	chr16:23981683-23982223:DEL	PRKCB	histone_write	intron2-intron2	0	3	False	0.0124	2	0	0.0	2	0.004464285714285714	0	0.0
16:24109047:24109125:DEL	16	24109047	24109125	78	DEL	0002C_Sniffles2.DEL.2ABSF	chr16:24109047-24109125:DEL	PRKCB	histone_write	intron7-intron7	0	3	False	0.0124	117	10	0.2127659574468085	78	0.17410714285714285	29	0.1895424836601307
16:24168595:24169821:DEL	16	24168595	24169821	1226	DEL	A1049_Sniffles2.DEL.2E3SF	chr16:24168595-24169821:DEL	PRKCB	histone_write	intron10-intron10	0	3	False	0.0124	1	0	0.0	1	0.002232142857142857	0	0.0
17:28692262:28692939:DEL	17	28692262	28692939	677	DEL	Sniffles2.DEL.27A7M10	chr17:28692262-28692939:DEL	SUPT6H	histone_erase	intron27-intron27	0	3	False	0.02	19	4	0.0851063829787234	10	0.022321428571428572	5	0.032679738562091505
17:48089163:48089983:DEL	17	48089163	48089983	820	DEL	Sniffles2.DEL.3753M10	chr17:48089163-48089983:DEL	CBX1	histone_read	intron1-intron1	0	3	False	0.2957	1	0	0.0	1	0.002232142857142857	0	0.0
2:211835319:211835392:DEL	2	211835319	211835392	73	DEL	Sniffles2.DEL.AE25M1	chr2:211835319-211835392:DEL	ERBB4	histone_other	intron3-intron3	0	3	False	0.3179	39	1	0.02127659574468085	29	0.06473214285714286	9	0.058823529411764705
2:239119912:239119983:DEL	2	239119912	239119983	71	DEL	0008C_Sniffles2.DEL.861S1	chr2:239119912-239119983:DEL	HDAC4	histone_erase	intron10-intron10	0	3	False		144	13	0.2765957446808511	92	0.20535714285714285	39	0.2549019607843137
3:47070909:47071008:DEL	3	47070909	47071008	99	DEL	318_Sniffles2.DEL.324S2	chr3:47070909-47071008:DEL	SETD2	histone_write	intron8-intron8	0	3	False	0.0138	1	0	0.0	1	0.002232142857142857	0	0.0
3:71193186:71193487:DEL	3	71193186	71193487	301	DEL	0066c_Sniffles2.DEL.A2AS2	chr3:71193186-71193487:DEL	FOXP1	tf	intron2-intron2	0	3	False	0.3586	45	4	0.0851063829787234	32	0.07142857142857142	9	0.058823529411764705
8:60682368:60682472:DEL	8	60682368	60682472	104	DEL	313_Sniffles2.DEL.394S7	chr8:60682368-60682472:DEL	CHD7	chromatin_remodeling	intron1-intron1	0	3	False		1	0	0.0	1	0.002232142857142857	0	0.0
8:71302511:71305574:DEL	8	71302511	71305574	3063	DEL	Sniffles2.DEL.405FM7	chr8:71302511-71305574:DEL	EYA1	histone_erase	intron3-intron3	0	3	False	0.2366	36	5	0.10638297872340426	24	0.05357142857142857	7	0.0457516339869281
9:2052884:2053049:DEL	9	2052884	2053049	165	DEL	250_Sniffles2.DEL.517S8	chr9:2052884-2053049:DEL	SMARCA2	histone_read	intron5-intron5	0	3	False	0.01	1	0	0.0	1	0.002232142857142857	0	0.0
x:45041140:45041190:DEL	X	45041140	45041190	50	DEL	313_Sniffles2.DEL.172S16	chrx:45041140-45041190:DEL	KDM6A	histone_erase	intron8-intron8	0	3	False	0.01	2	0	0.0	2	0.004464285714285714	0	0.0
1:151451168:151453541:DEL	1	151451168	151453541	2373	DEL	Sniffles2.DEL.8FABM0	chr1:151451168-151453541:DEL	POGZ	histone_read	intron1-intron1	0	3	False	0.4698	1	0	0.0	0	0.0	1	0.006535947712418301
1:185100733:185101160:DEL	1	185100733	185101160	427	DEL	315_Sniffles2.DEL.768S0	chr1:185100733-185101160:DEL	RNF2	histone_write	exon7-exon7	0	3	False	0.4698	1	0	0.0	1	0.002232142857142857	0	0.0
1:211280778:211282962:DEL	1	211280778	211282962	2184	DEL	0097c_Sniffles2.DEL.19DES0	chr1:211280778-211282962:DEL	RCOR3	histone_erase	intron7-intron7	0	3	False	0.3106	1	0	0.0	0	0.0	1	0.006535947712418301
1:235309409:235309495:DEL	1	235309409	235309495	86	DEL	0005c_Sniffles2.DEL.28CCS0	chr1:235309409-235309495:DEL	ARID4B	histone_write	intron2-intron2	0	3	False	0.01	163	9	0.19148936170212766	111	0.24776785714285715	43	0.28104575163398693
1:246493799:246493864:DEL	1	246493799	246493864	65	DEL	Sniffles2.DEL.D03BM0	chr1:246493799-246493864:DEL	SMYD3	histone_write	intron1-intron1	0	3	False	0.01	162	11	0.23404255319148937	115	0.25669642857142855	36	0.23529411764705882
10:14894350:14894667:DEL	10	14894350	14894667	317	DEL	Sniffles2.DEL.E09M9	chr10:14894350-14894667:DEL	SUV39H2	histone_write	intron2-intron2	0	3	False		116	5	0.10638297872340426	81	0.18080357142857142	30	0.19607843137254902
11:36558526:36560217:DEL	11	36558526	36560217	1691	DEL	194_Sniffles2.DEL.E8DSA	chr11:36558526-36560217:DEL	RAG1	histone_write	intron3-intron3	0	3	False	0.0179	1	0	0.0	1	0.002232142857142857	0	0.0
11:45111213:45111406:DEL	11	45111213	45111406	193	DEL	Sniffles2.DEL.23EBMA	chr11:45111213-45111406:DEL	PRDM11	histone_write	intron2-intron2	0	3	False	0.0179	43	5	0.10638297872340426	32	0.07142857142857142	6	0.0392156862745098
12:96121185:96415103:DEL	12	96121185	96415103	293918	DEL	A0386_Sniffles2.DEL.2F3SB	chr12:96121185-96415103:DEL	CDK17	histone_write	txStart-txEnd	0	3	False	0.1121	1	0	0.0	1	0.002232142857142857	0	0.0
12:131759576:131760850:DEL	12	131759576	131760850	1274	DEL	zz230274_Sniffles2.DEL.55CSB	chr12:131759576-131760850:DEL	SFSWAP	rna_modification	intron11-intron11	0	3	False	0.0301	1	0	0.0	0	0.0	1	0.006535947712418301
16:53290720:53297308:DEL	16	53290720	53297308	6588	DEL	Sniffles2.DEL.2666MF	chr16:53290720-53297308:DEL	CHD9	chromatin_remodeling	intron27-intron30	0	3	False	0.4997	1	0	0.0	1	0.002232142857142857	0	0.0
17:66495530:66496067:DEL	17	66495530	66496067	537	DEL	0108c_Sniffles2.DEL.AF6S10	chr17:66495530-66496067:DEL	PRKCA	histone_write	intron2-intron2	0	3	False	0.205	1	0	0.0	0	0.0	1	0.006535947712418301
18:48289553:48289605:DEL	18	48289553	48289605	52	DEL	Sniffles2.DEL.3848M11	chr18:48289553-48289605:DEL	ZBTB7C	histone_other	intron5-intron5	0	3	False	0.0987	21	2	0.0425531914893617	11	0.024553571428571428	8	0.05228758169934641
19:4974060:4976208:DEL	19	4974060	4976208	2148	DEL	Sniffles2.DEL.806M12	chr19:4974060-4976208:DEL	KDM4B	histone_erase	intron1-intron1	0	3	False	0.0103	2	0	0.0	2	0.004464285714285714	0	0.0
19:6256080:6257667:DEL	19	6256080	6257667	1587	DEL	185_Sniffles2.DEL.8C0S12	chr19:6256080-6257667:DEL	MLLT1	chromatin_remodeling	intron3-intron3	0	3	False	0.0103	1	0	0.0	1	0.002232142857142857	0	0.0
19:19420317:19420634:DEL	19	19420317	19420634	317	DEL	281_Sniffles2.DEL.247S12	chr19:19420317-19420634:DEL	GATAD2A	histone_read	intron1-intron1	0	3	False	0.0175	1	0	0.0	1	0.002232142857142857	0	0.0
2:135525973:135528742:DEL	2	135525973	135528742	2769	DEL	A0419_Sniffles2.DEL.720S1	chr2:135525973-135528742:DEL	ZRANB3	chromatin_remodeling	intron1-intron1	0	3	False	0.3179	1	0	0.0	1	0.002232142857142857	0	0.0
2:230460580:230460923:DEL	2	230460580	230460923	343	DEL	0010C_Sniffles2.DEL.843S1	chr2:230460580-230460923:DEL	SP100	chromatin_remodeling	intron8-intron8	0	3	False	0.283	48	4	0.0851063829787234	31	0.06919642857142858	13	0.08496732026143791
2:230497535:230497571:DEL	2	230497535	230497571	36	DEL	Sniffles2.DEL.BA37M1	chr2:230497535-230497571:DEL	SP100	chromatin_remodeling	intron18-intron18	0	3	False	0.283	310	17	0.3617021276595745	219	0.4888392857142857	74	0.48366013071895425
22:17408376:17410072:DEL	22	17408376	17410072	1696	DEL	Sniffles2.DEL.5377M15	chr22:17408376-17410072:DEL	CECR2	histone_read	intron1-intron1	0	3	False	0.01	18	0	0.0	12	0.026785714285714284	6	0.0392156862745098
4:1236594:1237421:DEL	4	1236594	1237421	827	DEL	Sniffles2.DEL.220M3	chr4:1236594-1237421:DEL	CTBP1	chromatin_remodeling	exon1-exon1	0	3	False	0.01	196	14	0.2978723404255319	128	0.2857142857142857	54	0.35294117647058826
4:120887775:120888092:DEL	4	120887775	120888092	317	DEL	Sniffles2.DEL.7353M3	chr4:120887775-120888092:DEL	PRDM5	histone_write	intron2-intron2	0	3	False	0.0361	83	7	0.14893617021276595	54	0.12053571428571429	22	0.1437908496732026
5:134372742:134373423:DEL	5	134372742	134373423	681	DEL	218_Sniffles2.DEL.15AAS4	chr5:134372742-134373423:DEL	UBE2B	histone_write	intron1-intron1	0	3	False	0.5229	2	1	0.02127659574468085	1	0.002232142857142857	0	0.0
5:134376659:134377341:DEL	5	134376659	134377341	682	DEL	0062c_Sniffles2.DEL.96CS4	chr5:134376659-134377341:DEL	UBE2B	histone_write	intron2-intron3	0	3	False	0.5229	10	1	0.02127659574468085	5	0.011160714285714286	4	0.026143790849673203
6:15469362:15469377:DEL	6	15469362	15469377	15	DEL	Sniffles2.DEL.BF8M5	chr6:15469362-15469377:DEL	JARID2	histone_write	intron7-intron7	0	3	False		230	14	0.2978723404255319	168	0.375	48	0.3137254901960784
7:152385314:152385645:DEL	7	152385314	152385645	331	DEL	Sniffles2.DEL.81B2M6	chr7:152385314-152385645:DEL	KMT2C	histone_write	intron1-intron1	0	3	False	0.5001	7	0	0.0	6	0.013392857142857142	1	0.006535947712418301
x:40139425:40139503:DEL	X	40139425	40139503	78	DEL	A0438_Sniffles2.DEL.1AFS16	chrx:40139425-40139503:DEL	BCOR	polycomb	intron1-intron1	0	3	False		2	0	0.0	2	0.004464285714285714	0	0.0
x:80712569:80713782:DEL	X	80712569	80713782	1213	DEL	Sniffles2.DEL.6808M16	chrx:80712569-80713782:DEL	BRWD3	histone_read	intron9-intron9	0	3	False	0.01	2	1	0.02127659574468085	1	0.002232142857142857	0	0.0
1:3293386:3295584:DEL	1	3293386	3295584	2198	DEL	Sniffles2.DEL.8FAM0	chr1:3293386-3295584:DEL	PRDM16	histone_write	intron3-intron3	0	1	False	0.01	1	0	0.0	1	0.002232142857142857	0	0.0
1:36267650:36267875:DEL	1	36267650	36267875	225	DEL	Sniffles2.DEL.2506M0	chr1:36267650-36267875:DEL	THRAP3	rna_modification	intron2-intron2	0	1	False	0.9163	306	25	0.5319148936170213	201	0.4486607142857143	80	0.5228758169934641
1:36283616:36283668:DEL	1	36283616	36283668	52	DEL	0005c_Sniffles2.DEL.110CS0	chr1:36283616-36283668:DEL	THRAP3	rna_modification	intron3-intron3	0	1	False	0.9781	343	21	0.44680851063829785	234	0.5223214285714286	88	0.5751633986928104
1:114500898:114501210:DEL	1	114500898	114501210	312	DEL	0014c_Sniffles2.DEL.1406S0	chr1:114500898-114501210:DEL	TRIM33	histone_read	intron1-intron1	0	1	False	0.494	8	1	0.02127659574468085	5	0.011160714285714286	2	0.013071895424836602
1:245774643:245774706:DEL	1	245774643	245774706	63	DEL	Sniffles2.DEL.CF63M0	chr1:245774643-245774706:DEL	SMYD3	histone_write	intron6-intron6	0	1	False	0.01	119	9	0.19148936170212766	93	0.20758928571428573	17	0.1111111111111111
1:245974719:245975030:DEL	1	245974719	245975030	311	DEL	Sniffles2.DEL.CF88M0	chr1:245974719-245975030:DEL	SMYD3	histone_write	intron1-intron1	0	1	False	0.496	42	4	0.0851063829787234	27	0.060267857142857144	11	0.0718954248366013
1:246077018:246094770:DEL	1	246077018	246094770	17752	DEL	A0729_Sniffles2.DEL.824S0	chr1:246077018-246094770:DEL	SMYD3	histone_write	intron1-intron1	0	1	False	0.01	1	0	0.0	1	0.002232142857142857	0	0.0
1:246251400:246252020:DEL	1	246251400	246252020	620	DEL	297_Sniffles2.DEL.75FS0	chr1:246251400-246252020:DEL	SMYD3	histone_write	intron1-intron1	0	1	False	0.01	2	0	0.0	2	0.004464285714285714	0	0.0
1:246275447:246275692:DEL	1	246275447	246275692	245	DEL	0014c_Sniffles2.DEL.228FS0	chr1:246275447-246275692:DEL	SMYD3	histone_write	intron1-intron1	0	1	False	0.01	60	7	0.14893617021276595	42	0.09375	11	0.0718954248366013
1:246291938:246292025:DEL	1	246291938	246292025	87	DEL	zz230253_Sniffles2.DEL.723S0	chr1:246291938-246292025:DEL	SMYD3	histone_write	exon1-exon1	0	1	False	0.01	1	0	0.0	0	0.0	1	0.006535947712418301
1:246325021:246325111:DEL	1	246325021	246325111	90	DEL	A0528_Sniffles2.DEL.AE8S0	chr1:246325021-246325111:DEL	SMYD3	histone_write	intron5-intron5	0	1	False	0.01	1	0	0.0	1	0.002232142857142857	0	0.0
1:246389692:246389755:DEL	1	246389692	246389755	63	DEL	0003C_Sniffles2.DEL.915S0	chr1:246389692-246389755:DEL	SMYD3	histone_write	intron1-intron1	0	1	False	0.01	52	3	0.06382978723404255	40	0.08928571428571429	9	0.058823529411764705
1:246484128:246484180:DEL	1	246484128	246484180	52	DEL	277_Sniffles2.DEL.847S0	chr1:246484128-246484180:DEL	SMYD3	histone_write	intron1-intron1	0	1	False	0.1068	2	0	0.0	2	0.004464285714285714	0	0.0
11:31544884:31549075:DEL	11	31544884	31549075	4191	DEL	Sniffles2.DEL.1A9EMA	chr11:31544884-31549075:DEL	ELP4	histone_write	intron3-intron3	0	1	False	0.0179	1	1	0.02127659574468085	0	0.0	0	0.0
12:119002904:119005011:DEL	12	119002904	119005011	2107	DEL	Sniffles2.DEL.6033MB	chr12:119002904-119005011:DEL	SRRM4	rna_modification	intron1-intron1	0	1	False	0.0982	18	1	0.02127659574468085	13	0.029017857142857144	4	0.026143790849673203
12:119054577:119054688:DEL	12	119054577	119054688	111	DEL	0108c_Sniffles2.DEL.F29SB	chr12:119054577-119054688:DEL	SRRM4	rna_modification	intron1-intron1	0	1	False	0.01	1	0	0.0	0	0.0	1	0.006535947712418301
13:30601448:30601783:DEL	13	30601448	30601783	335	DEL	180_Sniffles2.DEL.D28SC	chr13:30601448-30601783:DEL	HMGB1	chromatin_remodeling	intron1-intron1	0	1	False	0.6574	24	1	0.02127659574468085	20	0.044642857142857144	3	0.0196078431372549
14:45218856:45218924:DEL	14	45218856	45218924	68	DEL	Sniffles2.DEL.4000MD	chr14:45218856-45218924:DEL	MIS18BP1	chromatin_remodeling	intron8-intron8	0	1	False	0.4022	22	1	0.02127659574468085	15	0.033482142857142856	6	0.0392156862745098
16:53732334:53735333:DEL	16	53732334	53735333	2999	DEL	ZZ240098_Sniffles2.DEL.9C4SF	chr16:53732334-53735333:DEL	FTO	rna_modification	intron1-intron1	0	1	False	0.4997	1	0	0.0	0	0.0	1	0.006535947712418301
16:53778585:53779438:DEL	16	53778585	53779438	853	DEL	Sniffles2.DEL.2605MF	chr16:53778585-53779438:DEL	FTO	rna_modification	intron1-intron1	0	1	False	0.4997	2	0	0.0	2	0.004464285714285714	0	0.0
16:53993360:53994703:DEL	16	53993360	53994703	1343	DEL	Sniffles2.DEL.2531MF	chr16:53993360-53994703:DEL	FTO	rna_modification	exon9-exon9	0	1	False	0.4997	1	0	0.0	1	0.002232142857142857	0	0.0
16:85223633:85224813:DEL	16	85223633	85224813	1180	DEL	163_Sniffles2.DEL.3FESF	chr16:85223633-85224813:DEL	GSE1	histone_erase	intron1-intron1	0	1	False	0.4997	1	0	0.0	1	0.002232142857142857	0	0.0
16:85409681:85410075:DEL	16	85409681	85410075	394	DEL	119_Sniffles2.DEL.34ESF	chr16:85409681-85410075:DEL	GSE1	histone_erase	intron2-intron2	0	1	False	0.4997	3	1	0.02127659574468085	1	0.002232142857142857	1	0.006535947712418301
17:15637023:15638275:DEL	17	15637023	15638275	1252	DEL	Sniffles2.DEL.108EM10	chr17:15637023-15638275:DEL	TRIM16	histone_write	intron5-intron5	0	1	False	0.1606	2	0	0.0	2	0.004464285714285714	0	0.0
17:37418845:37422300:DEL	17	37418845	37422300	3455	DEL	0014c_Sniffles2.DEL.81BS10	chr17:37418845-37422300:DEL	TADA2A	histone_read	intron2-intron2	0	1	False	0.2452	25	2	0.0425531914893617	18	0.04017857142857143	5	0.032679738562091505
17:43100610:43100687:DEL	17	43100610	43100687	77	DEL	A0811_Sniffles2.DEL.397S10	chr17:43100610-43100687:DEL	BRCA1	histone_write	intron6-intron6	0	1	False	0.2033	1	0	0.0	1	0.002232142857142857	0	0.0
18:6107635:6110132:DEL	18	6107635	6110132	2497	DEL	Sniffles2.DEL.486M11	chr18:6107635-6110132:DEL	L3MBTL4	histone_read	intron5-intron5	0	1	False	0.12	2	0	0.0	2	0.004464285714285714	0	0.0
18:76392619:76393956:DEL	18	76392619	76393956	1337	DEL	0006C_Sniffles2.DEL.370S11	chr18:76392619-76393956:DEL	ZNF516	histone_erase	intron2-intron2	0	1	False	0.01	218	18	0.3829787234042553	155	0.34598214285714285	45	0.29411764705882354
20:47156087:47156165:DEL	20	47156087	47156165	78	DEL	0082c_Sniffles2.DEL.A45S13	chr20:47156087-47156165:DEL	EYA2	histone_erase	intron10-intron10	0	1	False	0.0754	28	0	0.0	18	0.04017857142857143	10	0.06535947712418301
20:57504167:57505447:DEL	20	57504167	57505447	1280	DEL	Sniffles2.INS.46E2M13	chr20:57504167-57505447:DEL	CTCFL	chromatin_remodeling	intron9-intron9	0	1	False	0.0109	1	0	0.0	1	0.002232142857142857	0	0.0
22:38958390:38958759:DEL	22	38958390	38958759	369	DEL	0003C_Sniffles2.DEL.45BS15	chr22:38958390-38958759:DEL	APOBEC3A	dna_modification	intron1-intron1	0	1	False	0.1311	155	14	0.2978723404255319	101	0.22544642857142858	40	0.26143790849673204
22:39025894:39027113:DEL	22	39025894	39027113	1219	DEL	0002C_Sniffles2.DEL.60BS15	chr22:39025894-39027113:DEL	APOBEC3D	dna_modification	intron4-intron4	0	1	False	0.02	60	3	0.06382978723404255	40	0.08928571428571429	17	0.1111111111111111
22:39045760:39046977:DEL	22	39045760	39046977	1217	DEL	192_Sniffles2.DEL.1085S15	chr22:39045760-39046977:DEL	APOBEC3F	dna_modification	exon5-exon5	0	1	False	0.0121	1	0	0.0	1	0.002232142857142857	0	0.0
22:39101634:39101696:DEL	22	39101634	39101696	62	DEL	0042c_Sniffles2.DEL.FA3S15	chr22:39101634-39101696:DEL	APOBEC3H	dna_modification	intron3-intron3	0	1	False	0.5857	33	3	0.06382978723404255	21	0.046875	9	0.058823529411764705
3:51547261:51552592:DEL	3	51547261	51552592	5331	DEL	0063C_Sniffles2.DEL.B32S2	chr3:51547261-51552592:DEL	RAD54L2	chromatin_remodeling	intron3-intron3	0	1	False	0.0138	1	0	0.0	0	0.0	1	0.006535947712418301
5:138143607:138143673:DEL	5	138143607	138143673	66	DEL	0005c_Sniffles2.DEL.1733S4	chr5:138143607-138143673:DEL	BRD8	histone_read	intron25-intron25	0	1	False	0.5339	63	0	0.0	46	0.10267857142857142	17	0.1111111111111111
6:133424631:133426225:DEL	6	133424631	133426225	1594	DEL	Sniffles2.DEL.5FD1M5	chr6:133424631-133426225:DEL	EYA4	histone_erase	intron4-intron4	0	1	False	0.1331	20	0	0.0	12	0.026785714285714284	8	0.05228758169934641
7:151645169:151645335:DEL	7	151645169	151645335	166	DEL	163_Sniffles2.DEL.78DS6	chr7:151645169-151645335:DEL	PRKAG2	histone_write	intron1-intron1	0	1	False	0.5001	1	0	0.0	1	0.002232142857142857	0	0.0
8:27826529:27826815:DEL	8	27826529	27826815	286	DEL	Sniffles2.DEL.1906M7	chr8:27826529-27826815:DEL	PBK	histone_write	intron3-intron3	0	1	False	0.01	67	6	0.1276595744680851	41	0.09151785714285714	20	0.13071895424836602
9:7059445:7064639:DEL	9	7059445	7064639	5194	DEL	0108c_Sniffles2.DEL.DD4S8	chr9:7059445-7064639:DEL	KDM4C	histone_erase	intron17-intron17	0	1	False	0.01	1	0	0.0	0	0.0	1	0.006535947712418301
x:53969591:53971887:DEL	X	53969591	53971887	2296	DEL	ZZ240051_Sniffles2.DEL.96FS16	chrx:53969591-53971887:DEL	PHF8	histone_erase	intron17-intron17	0	1	False	0.0211	1	0	0.0	0	0.0	1	0.006535947712418301
1:3215430:3215430:INS	1	3215430	3215430	0	INS	0002C_Sniffles2.INS.42S0	chr1:3215430-3215430:INS	PRDM16	histone_write	intron2-intron2	0		0	0.01	129	7	0.14893617021276595	85	0.18973214285714285	37	0.24183006535947713
1:3433601:3433601:INS	1	3433601	3433601	0	INS	0005c_Sniffles2.INS.B9S0	chr1:3433601-3433601:INS	PRDM16	histone_write	intron16-intron16	0		0	0.2211	277	18	0.3829787234042553	192	0.42857142857142855	67	0.43790849673202614
1:202740498:202740498:INS	1	202740498	202740498	0	INS	0003C_Sniffles2.INS.375S0	chr1:202740498-202740498:INS	KDM5B	histone_erase	intron21-intron21	0		0	0.3106	253	13	0.2765957446808511	172	0.38392857142857145	68	0.4444444444444444
1:235294562:235294562:INS	1	235294562	235294562	0	INS	0004c_Sniffles2.INS.87ES0	chr1:235294562-235294562:INS	ARID4B	histone_write	intron2-intron2	0		0	0.01	216	14	0.2978723404255319	149	0.3325892857142857	53	0.3464052287581699
1:246200282:246200282:INS	1	246200282	246200282	0	INS	CS212319_Sniffles2.INS.491S0	chr1:246200282-246200282:INS	SMYD3	histone_write	intron1-intron1	0		0	0.01	1	0	0.0	1	0.002232142857142857	0	0.0
10:174942:174942:INS	10	174942	174942	0	INS	225_Sniffles2.INS.0S9	chr10:174942-174942:INS	ZMYND11	histone_read	intron1-intron1	0		0	0.01	11	1	0.02127659574468085	6	0.013392857142857142	4	0.026143790849673203
11:31571636:31571636:INS	11	31571636	31571636	0	INS	0108c_Sniffles2.INS.1C3SA	chr11:31571636-31571636:INS	ELP4	histone_write	intron3-intron3	0		0	0.0179	1	0	0.0	0	0.0	1	0.006535947712418301
12:3555782:3555782:INS	12	3555782	3555782	0	INS	0006C_Sniffles2.INS.2ESB	chr12:3555782-3555782:INS	PRMT8	histone_write	intron4-intron4	0		0	0.6514	98	9	0.19148936170212766	66	0.14732142857142858	23	0.1503267973856209
12:42178267:42178267:INS	12	42178267	42178267	0	INS	CS221243_Sniffles2.INS.ADSB	chr12:42178267-42178267:INS	YAF2	chromatin_remodeling	intron2-intron2	0		0	0.1445	1	0	0.0	1	0.002232142857142857	0	0.0
12:119763290:119763290:INS	12	119763290	119763290	0	INS	0002C_Sniffles2.INS.1C1SB	chr12:119763290-119763290:INS	CIT	histone_write	intron9-intron9	0		0	0.9305	131	13	0.2765957446808511	86	0.19196428571428573	32	0.20915032679738563
12:121792156:121792156:INS	12	121792156	121792156	0	INS	0002C_Sniffles2.INS.1CDSB	chr12:121792156-121792156:INS	SETD1B	histone_write	exon1-exon1	0		0		261	20	0.425531914893617	174	0.38839285714285715	67	0.43790849673202614
12:124379019:124379019:INS	12	124379019	124379019	0	INS	0010C_Sniffles2.INS.1F7SB	chr12:124379019-124379019:INS	NCOR2	histone_erase	intron19-intron19	0		0	0.6643	40	5	0.10638297872340426	25	0.05580357142857143	10	0.06535947712418301
12:124417233:124417233:INS	12	124417233	124417233	0	INS	0004c_Sniffles2.INS.383SB	chr12:124417233-124417233:INS	NCOR2	histone_erase	intron15-intron15	0		0	0.01	253	18	0.3829787234042553	168	0.375	67	0.43790849673202614
13:40629020:40629020:INS	13	40629020	40629020	0	INS	A1085_Sniffles2.INS.BCSC	chr13:40629020-40629020:INS	FOXO1	tf	intron1-intron1	0		0	0.0566	1	0	0.0	1	0.002232142857142857	0	0.0
14:65068247:65068247:INS	14	65068247	65068247	0	INS	0084c_Sniffles2.INS.2F6SD	chr14:65068247-65068247:INS	MAX	histone_write	intron2-intron2	0		0	0.4022	1	0	0.0	0	0.0	1	0.006535947712418301
14:102653986:102653986:INS	14	102653986	102653986	0	INS	Sniffles2.INS.66D0MD	chr14:102653986-102653986:INS	RCOR1	histone_erase	intron2-intron2	0		0	0.01	2	0	0.0	2	0.004464285714285714	0	0.0
16:3868502:3868502:INS	16	3868502	3868502	0	INS	0008C_Sniffles2.INS.47SF	chr16:3868502-3868502:INS	CREBBP	histone_write	intron1-intron1	0		0		193	16	0.3404255319148936	126	0.28125	51	0.3333333333333333
16:5723480:5723480:INS	16	5723480	5723480	0	INS	0027C_Sniffles2.INS.57SF	chr16:5723480-5723480:INS	RBFOX1	rna_modification	intron3-intron3	0		0	0.01	29	1	0.02127659574468085	22	0.049107142857142856	6	0.0392156862745098
16:6859187:6859187:INS	16	6859187	6859187	0	INS	0003C_Sniffles2.INS.46SF	chr16:6859187-6859187:INS	RBFOX1	rna_modification	intron6-intron6	0		0	0.01	194	13	0.2765957446808511	139	0.31026785714285715	42	0.27450980392156865
16:53141067:53141067:INS	16	53141067	53141067	0	INS	A0566_Sniffles2.INS.143SF	chr16:53141067-53141067:INS	CHD9	chromatin_remodeling	intron1-intron1	0		0	0.4997	1	0	0.0	1	0.002232142857142857	0	0.0
16:53149743:53149743:INS	16	53149743	53149743	0	INS	Sniffles2.INS.5A99MF	chr16:53149743-53149743:INS	CHD9	chromatin_remodeling	intron1-intron1	0		0	0.4997	22	0	0.0	14	0.03125	8	0.05228758169934641
16:53841059:53841059:INS	16	53841059	53841059	0	INS	0003C_Sniffles2.INS.F1SF	chr16:53841059-53841059:INS	FTO	rna_modification	intron3-intron3	0		0	0.4997	92	8	0.1702127659574468	68	0.15178571428571427	16	0.10457516339869281
16:53902588:53902588:INS	16	53902588	53902588	0	INS	0005c_Sniffles2.INS.203SF	chr16:53902588-53902588:INS	FTO	rna_modification	intron7-intron7	0		0	0.4997	273	23	0.48936170212765956	183	0.40848214285714285	67	0.43790849673202614
16:85208900:85208900:INS	16	85208900	85208900	0	INS	0004c_Sniffles2.INS.32CSF	chr16:85208900-85208900:INS	GSE1	histone_erase	intron1-intron1	0		0	0.4997	303	24	0.5106382978723404	205	0.4575892857142857	74	0.48366013071895425
16:85388298:85388298:INS	16	85388298	85388298	0	INS	Sniffles2.INS.71DAMF	chr16:85388298-85388298:INS	GSE1	histone_erase	intron2-intron2	0		0	0.4997	18	2	0.0425531914893617	9	0.020089285714285716	7	0.0457516339869281
16:88001107:88001107:INS	16	88001107	88001107	0	INS	155_Sniffles2.INS.1C8SF	chr16:88001107-88001107:INS	BANP	histone_write	intron4-intron4	0		0	0.8506	5	0	0.0	5	0.011160714285714286	0	0.0
16:88034654:88034654:INS	16	88034654	88034654	0	INS	zz230260_Sniffles2.INS.1C1SF	chr16:88034654-88034654:INS	BANP	histone_write	intron8-intron8	0		0	0.4997	1	0	0.0	0	0.0	1	0.006535947712418301
17:7852450:7852450:INS	17	7852450	7852450	0	INS	0005c_Sniffles2.INS.14FS10	chr17:7852450-7852450:INS	KDM6B	histone_erase	intron20-intron20	0		0		322	29	0.6170212765957447	215	0.4799107142857143	78	0.5098039215686274
17:7885315:7885315:INS	17	7885315	7885315	0	INS	0044c_Sniffles2.INS.116S10	chr17:7885315-7885315:INS	CHD3	chromatin_remodeling	intron1-intron1	0		0		31	0	0.0	24	0.05357142857142857	7	0.0457516339869281
17:43128354:43128354:INS	17	43128354	43128354	0	INS	0003C_Sniffles2.INS.110S10	chr17:43128354-43128354:INS	BRCA1	histone_write	intron1-intron1	0		0	0.2033	58	3	0.06382978723404255	36	0.08035714285714286	19	0.12418300653594772
17:43152558:43152558:INS	17	43152558	43152558	0	INS	A1060_Sniffles2.INS.151S10	chr17:43152558-43152558:INS	BRCA1	histone_write	intron1-intron1	0		0	0.2033	1	0	0.0	1	0.002232142857142857	0	0.0
17:51179501:51179501:INS	17	51179501	51179501	0	INS	0006C_Sniffles2.INS.166S10	chr17:51179501-51179501:INS	MBTD1	polycomb	exon14-exon14	0		0	0.2957	49	4	0.0851063829787234	37	0.08258928571428571	8	0.05228758169934641
18:6316162:6316162:INS	18	6316162	6316162	0	INS	0003C_Sniffles2.INS.31S11	chr18:6316162-6316162:INS	L3MBTL4	histone_read	intron1-intron1	0		0	0.12	315	27	0.574468085106383	207	0.46205357142857145	81	0.5294117647058824
18:76458797:76458797:INS	18	76458797	76458797	0	INS	zz230182_Sniffles2.INS.12BS11	chr18:76458797-76458797:INS	ZNF516	histone_erase	exon1-exon1	0		0	0.01	1	0	0.0	0	0.0	1	0.006535947712418301
19:2183928:2183928:INS	19	2183928	2183928	0	INS	A0829_Sniffles2.INS.51S12	chr19:2183928-2183928:INS	DOT1L	histone_write	intron2-intron2	0		0	0.1045	2	1	0.02127659574468085	1	0.002232142857142857	0	0.0
19:5144402:5144402:INS	19	5144402	5144402	0	INS	0002C_Sniffles2.INS.72S12	chr19:5144402-5144402:INS	KDM4B	histone_erase	exon20-exon20	0		0	0.0103	138	19	0.40425531914893614	78	0.17410714285714285	41	0.2679738562091503
2:24516957:24516957:INS	2	24516957	24516957	0	INS	0010C_Sniffles2.INS.C7S1	chr2:24516957-24516957:INS	NCOA1	histone_write	intron1-intron1	0		0	0.1623	187	11	0.23404255319148937	134	0.29910714285714285	42	0.27450980392156865
2:25746592:25746592:INS	2	25746592	25746592	0	INS	CS220086_Sniffles2.INS.E7S1	chr2:25746592-25746592:INS	ASXL2	histone_read	intron9-intron9	0		0	0.1623	1	1	0.02127659574468085	0	0.0	0	0.0
2:42586589:42586589:INS	2	42586589	42586589	0	INS	0058C_Sniffles2.INS.230S1	chr2:42586589-42586589:INS	MTA3	chromatin_remodeling	intron4-intron4	0		0	0.1623	12	0	0.0	9	0.020089285714285716	3	0.0196078431372549
2:159391101:159391101:INS	2	159391101	159391101	0	INS	230_Sniffles2.INS.29ES1	chr2:159391101-159391101:INS	BAZ2B	histone_read	intron9-intron9	0		0	0.3179	1	0	0.0	1	0.002232142857142857	0	0.0
2:171977573:171977573:INS	2	171977573	171977573	0	INS	0005c_Sniffles2.INS.72CS1	chr2:171977573-171977573:INS	HAT1	histone_write	intron9-intron9	0		0	0.3179	230	18	0.3829787234042553	174	0.38839285714285715	38	0.24836601307189543
2:212054069:212054069:INS	2	212054069	212054069	0	INS	226_Sniffles2.INS.328S1	chr2:212054069-212054069:INS	ERBB4	histone_other	intron2-intron2	0		0	0.3179	1	0	0.0	1	0.002232142857142857	0	0.0
2:230259770:230259770:INS	2	230259770	230259770	0	INS	0014c_Sniffles2.INS.7E1S1	chr2:230259770-230259770:INS	SP140	histone_read	intron14-intron14	0		0	0.283	21	1	0.02127659574468085	16	0.03571428571428571	4	0.026143790849673203
2:239094446:239094446:INS	2	239094446	239094446	0	INS	0004c_Sniffles2.INS.756S1	chr2:239094446-239094446:INS	HDAC4	histone_erase	intron15-intron15	0		0	0.01	207	20	0.425531914893617	138	0.3080357142857143	49	0.3202614379084967
2:239176170:239176170:INS	2	239176170	239176170	0	INS	0010C_Sniffles2.INS.3E0S1	chr2:239176170-239176170:INS	HDAC4	histone_erase	intron3-intron3	0		0		196	19	0.40425531914893614	137	0.30580357142857145	40	0.26143790849673204
20:35829528:35829528:INS	20	35829528	35829528	0	INS	Sniffles2.INS.3669M13	chr20:35829528-35829528:INS	PHF20	histone_write	intron2-intron2	0		0	0.0672	1	1	0.02127659574468085	0	0.0	0	0.0
20:47293162:47293162:INS	20	47293162	47293162	0	INS	N22103_Sniffles2.INS.12FS13	chr20:47293162-47293162:INS	ZMYND8	histone_erase	intron6-intron6	0		0	0.4466	1	0	0.0	1	0.002232142857142857	0	0.0
20:61995889:61995889:INS	20	61995889	61995889	0	INS	0038C_Sniffles2.INS.2ABS13	chr20:61995889-61995889:INS	TAF4	histone_chaperone	intron15-intron15	0		0	0.059	56	4	0.0851063829787234	40	0.08928571428571429	12	0.0784313725490196
22:17404674:17404674:INS	22	17404674	17404674	0	INS	0010C_Sniffles2.INS.197S15	chr22:17404674-17404674:INS	CECR2	histone_read	intron1-intron1	0		0	0.01	247	17	0.3617021276595745	164	0.36607142857142855	66	0.43137254901960786
22:19373923:19373923:INS	22	19373923	19373923	0	INS	0012c_Sniffles2.INS.341S15	chr22:19373923-19373923:INS	HIRA	histone_read	intron15-intron15	0		0	0.4866	53	5	0.10638297872340426	35	0.078125	13	0.08496732026143791
22:39022099:39022099:INS	22	39022099	39022099	0	INS	0002C_Sniffles2.INS.24AS15	chr22:39022099-39022099:INS	APOBEC3D	dna_modification	intron1-intron1	0		0	0.02	111	10	0.2127659574468085	75	0.16741071428571427	26	0.16993464052287582
22:49775821:49775821:INS	22	49775821	49775821	0	INS	Sniffles2.INS.729AM15	chr22:49775821-49775821:INS	BRD1	histone_read	intron9-intron9	0		0	0.1176	21	2	0.0425531914893617	15	0.033482142857142856	4	0.026143790849673203
3:25658074:25658074:INS	3	25658074	25658074	0	INS	0002C_Sniffles2.INS.4ES2	chr3:25658074-25658074:INS	TOP2B	chromatin_remodeling	intron1-intron1	0		0	0.0395	291	19	0.40425531914893614	188	0.41964285714285715	84	0.5490196078431373
3:50615331:50615331:INS	3	50615331	50615331	0	INS	174_Sniffles2.INS.36FS2	chr3:50615331-50615331:INS	MAPKAPK3	chromatin_remodeling	intron4-intron4	0		0	0.0886	3	1	0.02127659574468085	1	0.002232142857142857	1	0.006535947712418301
3:52676157:52676157:INS	3	52676157	52676157	0	INS	0022C_Sniffles2.INS.9ES2	chr3:52676157-52676157:INS	PBRM1	histone_read	intron5-intron5	0		0	0.0138	93	7	0.14893617021276595	60	0.13392857142857142	26	0.16993464052287582
3:71336680:71336680:INS	3	71336680	71336680	0	INS	CS221073_Sniffles2.INS.D6S2	chr3:71336680-71336680:INS	FOXP1	tf	intron3-intron3	0		0	0.0138	1	0	0.0	1	0.002232142857142857	0	0.0
3:152410830:152410830:INS	3	152410830	152410830	0	INS	352_Sniffles2.INS.1FES2	chr3:152410830-152410830:INS	MBNL1	rna_modification	intron4-intron4	0		0	0.1058	1	0	0.0	1	0.002232142857142857	0	0.0
4:713348:713348:INS	4	713348	713348	0	INS	0005c_Sniffles2.INS.1BS3	chr4:713348-713348:INS	PCGF3	polycomb	intron1-intron1	0		0	0.01	269	22	0.46808510638297873	177	0.3950892857142857	70	0.45751633986928103
4:736877:736877:INS	4	736877	736877	0	INS	0049c_Sniffles2.INS.1DS3	chr4:736877-736877:INS	PCGF3	polycomb	intron6-intron6	0		0	0.672	71	7	0.14893617021276595	50	0.11160714285714286	14	0.0915032679738562
4:745253:745253:INS	4	745253	745253	0	INS	0108c_Sniffles2.INS.13S3	chr4:745253-745253:INS	PCGF3	polycomb	intron9-intron9	0		0	0.5503	3	0	0.0	2	0.004464285714285714	1	0.006535947712418301
4:102864370:102864370:INS	4	102864370	102864370	0	INS	0041C_Sniffles2.INS.3D7S3	chr4:102864370-102864370:INS	UBE2D3	histone_write	intron1-intron1	0		0	0.0361	109	5	0.10638297872340426	81	0.18080357142857142	23	0.1503267973856209
5:176963180:176963180:INS	5	176963180	176963180	0	INS	Sniffles2.INS.8BA6M4	chr5:176963180-176963180:INS	UIMC1	histone_read	intron3-intron3	0		0	0.5017	58	5	0.10638297872340426	38	0.08482142857142858	15	0.09803921568627451
6:45212525:45212525:INS	6	45212525	45212525	0	INS	0006C_Sniffles2.INS.11BS5	chr6:45212525-45212525:INS	SUPT3H	histone_write	intron2-intron2	0		0	0.0991	37	3	0.06382978723404255	26	0.05803571428571429	8	0.05228758169934641
6:45345202:45345202:INS	6	45345202	45345202	0	INS	0056c_Sniffles2.INS.1A2S5	chr6:45345202-45345202:INS	SUPT3H	histone_write	intron2-intron2	0		0	0.0991	1	0	0.0	0	0.0	1	0.006535947712418301
6:133410620:133410620:INS	6	133410620	133410620	0	INS	Sniffles2.INS.5FCCM5	chr6:133410620-133410620:INS	EYA4	histone_erase	intron4-intron4	0		0	0.2584	16	2	0.0425531914893617	10	0.022321428571428572	4	0.026143790849673203
6:157076541:157076541:INS	6	157076541	157076541	0	INS	Sniffles2.INS.6F20M5	chr6:157076541-157076541:INS	ARID1B	histone_write	intron6-intron6	0		0	0.3145	3	0	0.0	2	0.004464285714285714	1	0.006535947712418301
7:18233454:18233454:INS	7	18233454	18233454	0	INS	0011C_Sniffles2.INS.BCS6	chr7:18233454-18233454:INS	HDAC9	histone_erase	intron2-intron2	0		0	0.0829	46	5	0.10638297872340426	33	0.07366071428571429	8	0.05228758169934641
7:18601415:18601415:INS	7	18601415	18601415	0	INS	A0488_Sniffles2.INS.A8S6	chr7:18601415-18601415:INS	HDAC9	histone_erase	intron8-intron8	0		0		1	0	0.0	1	0.002232142857142857	0	0.0
7:138508702:138508702:INS	7	138508702	138508702	0	INS	A0790_Sniffles2.INS.652S6	chr7:138508702-138508702:INS	TRIM24	histone_read	intron2-intron2	0		0	0.129	1	0	0.0	1	0.002232142857142857	0	0.0
8:60702010:60702010:INS	8	60702010	60702010	0	INS	A0574_Sniffles2.INS.130S7	chr8:60702010-60702010:INS	CHD7	chromatin_remodeling	intron1-intron1	0		0		1	0	0.0	1	0.002232142857142857	0	0.0
8:60775365:60775365:INS	8	60775365	60775365	0	INS	0002C_Sniffles2.INS.114S7	chr8:60775365-60775365:INS	CHD7	chromatin_remodeling	intron2-intron2	0		0		296	18	0.3829787234042553	208	0.4642857142857143	70	0.45751633986928103
8:71293807:71293807:INS	8	71293807	71293807	0	INS	0038C_Sniffles2.INS.27DS7	chr8:71293807-71293807:INS	EYA1	histone_erase	intron5-intron5	0		0	0.2335	63	6	0.1276595744680851	43	0.09598214285714286	14	0.0915032679738562
8:71486985:71486985:INS	8	71486985	71486985	0	INS	0042c_Sniffles2.INS.20CS7	chr8:71486985-71486985:INS	EYA1	histone_erase	intron1-intron1	0		0	0.4709	6	0	0.0	4	0.008928571428571428	2	0.013071895424836602
9:6727608:6727608:INS	9	6727608	6727608	0	INS	0012c_Sniffles2.INS.3CS8	chr9:6727608-6727608:INS	KDM4C	histone_erase	intron1-intron1	0		0	0.01	34	3	0.06382978723404255	23	0.05133928571428571	8	0.05228758169934641
9:6780314:6780314:INS	9	6780314	6780314	0	INS	Sniffles2.INS.4F5M8	chr9:6780314-6780314:INS	KDM4C	histone_erase	intron1-intron1	0		0	0.2209	59	5	0.10638297872340426	38	0.08482142857142858	16	0.10457516339869281
9:6807792:6807792:INS	9	6807792	6807792	0	INS	0006C_Sniffles2.INS.1BS8	chr9:6807792-6807792:INS	KDM4C	histone_erase	intron3-intron3	0		0	0.01	82	10	0.2127659574468085	55	0.12276785714285714	17	0.1111111111111111
9:7157755:7157755:INS	9	7157755	7157755	0	INS	A0529_Sniffles2.INS.20S8	chr9:7157755-7157755:INS	KDM4C	histone_erase	intron17-intron17	0		0		1	0	0.0	1	0.002232142857142857	0	0.0
9:132950665:132950665:INS	9	132950665	132950665	0	INS	0082c_Sniffles2.INS.DAES8	chr9:132950665-132950665:INS	GFI1B	histone_other	intron1-intron1	0		0	0.2427	8	1	0.02127659574468085	3	0.006696428571428571	4	0.026143790849673203
9:137627502:137627502:INS	9	137627502	137627502	0	INS	Sniffles2.INS.10647M8	chr9:137627502-137627502:INS	EHMT1	histone_write	intron1-intron1	0		0	0.0534	46	10	0.2127659574468085	27	0.060267857142857144	9	0.058823529411764705
