coord_key	svtype	acmg_class	abnormal_n	abnormal_rate	normal_n	normal_rate	control_n	control_rate	p_abnormal_vs_control	fdr_abnormal_vs_control
9:137627502:137627502:INS	INS		10	0.2127659574468085	19	0.05337078651685393	6	0.05454545454545454	0.00459001982594195	0.7252231324988281
2:239176170:239176170:INS	INS		19	0.40425531914893614	106	0.29775280898876405	29	0.2636363636363636	0.06038994022048865	1.0
19:5144402:5144402:INS	INS		19	0.40425531914893614	64	0.1797752808988764	30	0.2727272727272727	0.07592957325253617	1.0
9:6807792:6807792:INS	INS		10	0.2127659574468085	42	0.11797752808988764	14	0.12727272727272726	0.13193739747877062	1.0
1:246275447:246275692:DEL	DEL	1	7	0.14893617021276595	33	0.09269662921348315	9	0.08181818181818182	0.16176856242549442	1.0
16:53841059:53841059:INS	INS		8	0.1702127659574468	49	0.13764044943820225	11	0.1	0.16584221066512694	1.0
2:171977573:171977573:INS	INS		18	0.3829787234042553	143	0.40168539325842695	32	0.2909090909090909	0.1715686106239481	1.0
17:28692262:28692939:DEL	DEL	3	4	0.0851063829787234	9	0.025280898876404494	4	0.03636363636363636	0.18754386328607586	1.0
8:71302511:71305574:DEL	DEL	3	5	0.10638297872340426	21	0.05898876404494382	6	0.05454545454545454	0.20150519752145418	1.0
11:45111213:45111406:DEL	DEL	3	5	0.10638297872340426	27	0.07584269662921349	6	0.05454545454545454	0.20150519752145418	1.0
7:18233454:18233454:INS	INS		5	0.10638297872340426	25	0.0702247191011236	6	0.05454545454545454	0.20150519752145418	1.0
4:736877:736877:INS	INS		7	0.14893617021276595	37	0.10393258426966293	10	0.09090909090909091	0.21134650260767593	1.0
16:53902588:53902588:INS	INS		23	0.48936170212765956	149	0.41853932584269665	45	0.4090909090909091	0.22517829127472333	1.0
18:6316162:6316162:INS	INS		27	0.574468085106383	163	0.45786516853932585	55	0.5	0.2482112248610588	1.0
1:245774643:245774706:DEL	DEL	1	9	0.19148936170212766	72	0.20224719101123595	15	0.13636363636363635	0.25797969531856807	1.0
12:3555782:3555782:INS	INS		9	0.19148936170212766	54	0.15168539325842698	15	0.13636363636363635	0.25797969531856807	1.0
1:36267650:36267875:DEL	DEL	1	25	0.5319148936170213	154	0.43258426966292135	51	0.4636363636363636	0.27101003552796993	1.0
18:76392619:76393956:DEL	DEL	1	18	0.3829787234042553	128	0.3595505617977528	35	0.3181818181818182	0.2719979437783045	1.0
17:7852450:7852450:INS	INS		29	0.6170212765957447	172	0.48314606741573035	61	0.5545454545454546	0.29259583078922874	1.0
5:134372742:134373423:DEL	DEL	3	1	0.02127659574468085	1	0.0028089887640449437	0	0.0	0.29936305732484075	1.0
x:80712569:80713782:DEL	DEL	3	1	0.02127659574468085	1	0.0028089887640449437	0	0.0	0.29936305732484075	1.0
1:114500898:114501210:DEL	DEL	1	1	0.02127659574468085	3	0.008426966292134831	0	0.0	0.29936305732484075	1.0
11:31544884:31549075:DEL	DEL	1	1	0.02127659574468085	0	0.0	0	0.0	0.29936305732484075	1.0
19:2183928:2183928:INS	INS		1	0.02127659574468085	1	0.0028089887640449437	0	0.0	0.29936305732484075	1.0
2:25746592:25746592:INS	INS		1	0.02127659574468085	0	0.0	0	0.0	0.29936305732484075	1.0
20:35829528:35829528:INS	INS		1	0.02127659574468085	0	0.0	0	0.0	0.29936305732484075	1.0
11:46014685:46015032:DEL	DEL	3	24	0.5106382978723404	141	0.3960674157303371	50	0.45454545454545453	0.31882928562339574	1.0
2:239094446:239094446:INS	INS		20	0.425531914893617	110	0.3089887640449438	41	0.37272727272727274	0.32748325424995456	1.0
22:19373923:19373923:INS	INS		5	0.10638297872340426	28	0.07865168539325842	8	0.07272727272727272	0.33957199474497596	1.0
1:245974719:245975030:DEL	DEL	1	4	0.0851063829787234	21	0.05898876404494382	6	0.05454545454545454	0.34593279305985103	1.0
9:6727608:6727608:INS	INS		3	0.06382978723404255	17	0.047752808988764044	4	0.03636363636363636	0.34994495126458025	1.0
16:24109047:24109125:DEL	DEL	3	10	0.2127659574468085	60	0.16853932584269662	19	0.17272727272727273	0.350701305627277	1.0
22:38958390:38958759:DEL	DEL	1	14	0.2978723404255319	81	0.22752808988764045	28	0.2545454545454545	0.35379454438554064	1.0
8:71293807:71293807:INS	INS		6	0.1276595744680851	35	0.09831460674157304	11	0.1	0.39822565628773926	1.0
12:119763290:119763290:INS	INS		13	0.2765957446808511	62	0.17415730337078653	27	0.24545454545454545	0.41194932100166687	1.0
12:124379019:124379019:INS	INS		5	0.10638297872340426	21	0.05898876404494382	9	0.08181818181818182	0.4124437834947213	1.0
5:176963180:176963180:INS	INS		5	0.10638297872340426	29	0.08146067415730338	9	0.08181818181818182	0.4124437834947213	1.0
3:71193186:71193487:DEL	DEL	3	4	0.0851063829787234	27	0.07584269662921349	7	0.06363636363636363	0.4284628476532207	1.0
17:51179501:51179501:INS	INS		4	0.0851063829787234	28	0.07865168539325842	7	0.06363636363636363	0.4284628476532207	1.0
6:15469362:15469377:DEL	DEL	3	14	0.2978723404255319	132	0.3707865168539326	30	0.2727272727272727	0.44493632471404465	1.0
22:39101634:39101696:DEL	DEL	1	3	0.06382978723404255	17	0.047752808988764044	5	0.045454545454545456	0.44738560405168293	1.0
22:39022099:39022099:INS	INS		10	0.2127659574468085	64	0.1797752808988764	21	0.19090909090909092	0.4546790422684379	1.0
17:37418845:37422300:DEL	DEL	1	2	0.0425531914893617	14	0.03932584269662921	3	0.02727272727272727	0.4717822454802597	1.0
22:49775821:49775821:INS	INS		2	0.0425531914893617	12	0.033707865168539325	3	0.02727272727272727	0.4717822454802597	1.0
6:133410620:133410620:INS	INS		2	0.0425531914893617	7	0.019662921348314606	3	0.02727272727272727	0.4717822454802597	1.0
16:3868502:3868502:INS	INS		16	0.3404255319148936	106	0.29775280898876405	36	0.32727272727272727	0.5064851435768541	1.0
4:713348:713348:INS	INS		22	0.46808510638297873	142	0.398876404494382	50	0.45454545454545453	0.5067637074121908	1.0
16:85409681:85410075:DEL	DEL	1	1	0.02127659574468085	0	0.0	1	0.00909090909090909	0.5104523926179978	1.0
3:50615331:50615331:INS	INS		1	0.02127659574468085	1	0.0028089887640449437	1	0.00909090909090909	0.5104523926179978	1.0
14:73085317:73085460:DEL	DEL	3	3	0.06382978723404255	14	0.03932584269662921	6	0.05454545454545454	0.5389405798247995	1.0
16:7029132:7029182:DEL	DEL	3	3	0.06382978723404255	16	0.0449438202247191	6	0.05454545454545454	0.5389405798247995	1.0
1:246389692:246389755:DEL	DEL	1	3	0.06382978723404255	31	0.08707865168539326	6	0.05454545454545454	0.5389405798247995	1.0
2:239119912:239119983:DEL	DEL	3	13	0.2765957446808511	72	0.20224719101123595	30	0.2727272727272727	0.5531405397217329	1.0
9:6780314:6780314:INS	INS		5	0.10638297872340426	32	0.0898876404494382	11	0.1	0.5536965488451029	1.0
6:45212525:45212525:INS	INS		3	0.06382978723404255	20	0.056179775280898875	7	0.06363636363636363	0.6216582027240631	1.0
1:246493799:246493864:DEL	DEL	3	11	0.23404255319148937	90	0.25280898876404495	27	0.24545454545454545	0.6342674411443089	1.0
16:85208900:85208900:INS	INS		24	0.5106382978723404	164	0.4606741573033708	58	0.5272727272727272	0.6428686044100603	1.0
8:27826529:27826815:DEL	DEL	1	6	0.1276595744680851	33	0.09269662921348315	15	0.13636363636363635	0.6478241229412475	1.0
20:61995889:61995889:INS	INS		4	0.0851063829787234	30	0.08426966292134831	10	0.09090909090909091	0.6520733399880708	1.0
4:120887775:120888092:DEL	DEL	3	7	0.14893617021276595	44	0.12359550561797752	18	0.16363636363636364	0.6736055982631488	1.0
18:48289553:48289605:DEL	DEL	3	2	0.0425531914893617	7	0.019662921348314606	5	0.045454545454545456	0.6747471272215892	1.0
16:6859187:6859187:INS	INS		13	0.2765957446808511	107	0.300561797752809	33	0.3	0.6835596783245041	1.0
16:23899566:23899872:DEL	DEL	3	9	0.19148936170212766	81	0.22752808988764045	24	0.21818181818181817	0.7182699889776788	1.0
16:85388298:85388298:INS	INS		2	0.0425531914893617	7	0.019662921348314606	6	0.05454545454545454	0.7505343016115579	1.0
1:3433601:3433601:INS	INS		18	0.3829787234042553	151	0.4241573033707865	47	0.42727272727272725	0.7550208094273773	1.0
2:24516957:24516957:INS	INS		11	0.23404255319148937	103	0.2893258426966292	30	0.2727272727272727	0.7569396951326696	1.0
5:134376659:134377341:DEL	DEL	3	1	0.02127659574468085	5	0.014044943820224719	3	0.02727272727272727	0.7629990720190021	1.0
13:30601448:30601783:DEL	DEL	1	1	0.02127659574468085	17	0.047752808988764044	3	0.02727272727272727	0.7629990720190021	1.0
2:230259770:230259770:INS	INS		1	0.02127659574468085	11	0.03089887640449438	3	0.02727272727272727	0.7629990720190021	1.0
9:132950665:132950665:INS	INS		1	0.02127659574468085	2	0.0056179775280898875	3	0.02727272727272727	0.7629990720190021	1.0
2:230460580:230460923:DEL	DEL	3	4	0.0851063829787234	26	0.07303370786516854	12	0.10909090909090909	0.7661131753042916	1.0
22:17404674:17404674:INS	INS		17	0.3617021276595745	128	0.3595505617977528	45	0.4090909090909091	0.7678496093020427	1.0
1:235294562:235294562:INS	INS		14	0.2978723404255319	118	0.33146067415730335	38	0.34545454545454546	0.7767534450818968	1.0
12:124417233:124417233:INS	INS		18	0.3829787234042553	140	0.39325842696629215	48	0.43636363636363634	0.7868040436061877	1.0
3:52676157:52676157:INS	INS		7	0.14893617021276595	48	0.1348314606741573	21	0.19090909090909092	0.8025288785263918	1.0
12:119002904:119005011:DEL	DEL	1	1	0.02127659574468085	11	0.03089887640449438	4	0.03636363636363636	0.8358032786536878	1.0
14:45218856:45218924:DEL	DEL	1	1	0.02127659574468085	15	0.042134831460674156	4	0.03636363636363636	0.8358032786536878	1.0
10:174942:174942:INS	INS		1	0.02127659574468085	5	0.014044943820224719	4	0.03636363636363636	0.8358032786536878	1.0
8:60775365:60775365:INS	INS		18	0.3829787234042553	164	0.4606741573033708	50	0.45454545454545453	0.8424617351517749	1.0
12:121792156:121792156:INS	INS		20	0.425531914893617	136	0.38202247191011235	55	0.5	0.8484990542296429	1.0
22:39025894:39027113:DEL	DEL	1	3	0.06382978723404255	31	0.08707865168539326	11	0.1	0.8501142957676981	1.0
4:102864370:102864370:INS	INS		5	0.10638297872340426	68	0.19101123595505617	18	0.16363636363636364	0.882402856711796	1.0
4:1236594:1237421:DEL	DEL	3	14	0.2978723404255319	103	0.2893258426966292	42	0.38181818181818183	0.8831718587937988	1.0
17:43128354:43128354:INS	INS		3	0.06382978723404255	30	0.08426966292134831	12	0.10909090909090909	0.8843906150372488	1.0
1:36283616:36283668:DEL	DEL	1	21	0.44680851063829785	193	0.5421348314606742	60	0.5454545454545454	0.9044565652871025	1.0
16:5723480:5723480:INS	INS		1	0.02127659574468085	19	0.05337078651685393	6	0.05454545454545454	0.9218792176236612	1.0
10:14894350:14894667:DEL	DEL	3	5	0.10638297872340426	69	0.19382022471910113	20	0.18181818181818182	0.9266157400797469	1.0
1:3215430:3215430:INS	INS		7	0.14893617021276595	69	0.19382022471910113	26	0.23636363636363636	0.9290335905187604	1.0
2:230497535:230497571:DEL	DEL	3	17	0.3617021276595745	174	0.4887640449438202	53	0.4818181818181818	0.9415490140353268	1.0
2:211835319:211835392:DEL	DEL	3	1	0.02127659574468085	24	0.06741573033707865	7	0.06363636363636363	0.9463570627682473	1.0
3:25658074:25658074:INS	INS		19	0.40425531914893614	146	0.4101123595505618	59	0.5363636363636364	0.9548379995930409	1.0
1:235309409:235309495:DEL	DEL	3	9	0.19148936170212766	87	0.2443820224719101	35	0.3181818181818182	0.9676926617575342	1.0
1:202740498:202740498:INS	INS		13	0.2765957446808511	135	0.3792134831460674	48	0.43636363636363634	0.9814892123018936	1.0
20:47156087:47156165:DEL	DEL	1	0	0.0	15	0.042134831460674156	6	0.05454545454545454	0.9999999999999999	1.0
17:7885315:7885315:INS	INS		0	0.0	18	0.05056179775280899	6	0.05454545454545454	0.9999999999999999	1.0
2:42586589:42586589:INS	INS		0	0.0	9	0.025280898876404494	3	0.02727272727272727	0.9999999999999999	1.0
12:96140819:96890276:DEL	DEL	5	0	0.0	1	0.0028089887640449437	0	0.0	1.0	1.0
10:11111884:11115052:DEL	DEL	3	0	0.0	1	0.0028089887640449437	0	0.0	1.0	1.0
10:11283900:11283952:DEL	DEL	3	0	0.0	0	0.0	1	0.00909090909090909	1.0	1.0
11:47515956:47523455:DEL	DEL	3	0	0.0	0	0.0	1	0.00909090909090909	1.0	1.0
16:7012010:7032758:DEL	DEL	3	0	0.0	1	0.0028089887640449437	0	0.0	1.0	1.0
16:8939972:8940818:DEL	DEL	3	0	0.0	1	0.0028089887640449437	0	0.0	1.0	1.0
16:23981683:23982223:DEL	DEL	3	0	0.0	2	0.0056179775280898875	0	0.0	1.0	1.0
16:24168595:24169821:DEL	DEL	3	0	0.0	1	0.0028089887640449437	0	0.0	1.0	1.0
17:48089163:48089983:DEL	DEL	3	0	0.0	1	0.0028089887640449437	0	0.0	1.0	1.0
3:47070909:47071008:DEL	DEL	3	0	0.0	1	0.0028089887640449437	0	0.0	1.0	1.0
8:60682368:60682472:DEL	DEL	3	0	0.0	1	0.0028089887640449437	0	0.0	1.0	1.0
9:2052884:2053049:DEL	DEL	3	0	0.0	1	0.0028089887640449437	0	0.0	1.0	1.0
x:45041140:45041190:DEL	DEL	3	0	0.0	1	0.0028089887640449437	0	0.0	1.0	1.0
1:151451168:151453541:DEL	DEL	3	0	0.0	0	0.0	1	0.00909090909090909	1.0	1.0
1:185100733:185101160:DEL	DEL	3	0	0.0	1	0.0028089887640449437	0	0.0	1.0	1.0
11:36558526:36560217:DEL	DEL	3	0	0.0	1	0.0028089887640449437	0	0.0	1.0	1.0
12:96121185:96415103:DEL	DEL	3	0	0.0	1	0.0028089887640449437	0	0.0	1.0	1.0
12:131759576:131760850:DEL	DEL	3	0	0.0	0	0.0	1	0.00909090909090909	1.0	1.0
19:4974060:4976208:DEL	DEL	3	0	0.0	2	0.0056179775280898875	0	0.0	1.0	1.0
19:6256080:6257667:DEL	DEL	3	0	0.0	1	0.0028089887640449437	0	0.0	1.0	1.0
19:19420317:19420634:DEL	DEL	3	0	0.0	1	0.0028089887640449437	0	0.0	1.0	1.0
2:135525973:135528742:DEL	DEL	3	0	0.0	1	0.0028089887640449437	0	0.0	1.0	1.0
22:17408376:17410072:DEL	DEL	3	0	0.0	10	0.028089887640449437	4	0.03636363636363636	1.0	1.0
7:152385314:152385645:DEL	DEL	3	0	0.0	4	0.011235955056179775	1	0.00909090909090909	1.0	1.0
x:40139425:40139503:DEL	DEL	3	0	0.0	2	0.0056179775280898875	0	0.0	1.0	1.0
1:3293386:3295584:DEL	DEL	1	0	0.0	1	0.0028089887640449437	0	0.0	1.0	1.0
1:246077018:246094770:DEL	DEL	1	0	0.0	1	0.0028089887640449437	0	0.0	1.0	1.0
1:246291938:246292025:DEL	DEL	1	0	0.0	0	0.0	1	0.00909090909090909	1.0	1.0
1:246325021:246325111:DEL	DEL	1	0	0.0	1	0.0028089887640449437	0	0.0	1.0	1.0
16:53732334:53735333:DEL	DEL	1	0	0.0	0	0.0	1	0.00909090909090909	1.0	1.0
16:53778585:53779438:DEL	DEL	1	0	0.0	2	0.0056179775280898875	0	0.0	1.0	1.0
16:53993360:53994703:DEL	DEL	1	0	0.0	1	0.0028089887640449437	0	0.0	1.0	1.0
16:85223633:85224813:DEL	DEL	1	0	0.0	1	0.0028089887640449437	0	0.0	1.0	1.0
17:43100610:43100687:DEL	DEL	1	0	0.0	1	0.0028089887640449437	0	0.0	1.0	1.0
18:6107635:6110132:DEL	DEL	1	0	0.0	2	0.0056179775280898875	0	0.0	1.0	1.0
20:57504167:57505447:DEL	DEL	1	0	0.0	1	0.0028089887640449437	0	0.0	1.0	1.0
22:39045760:39046977:DEL	DEL	1	0	0.0	1	0.0028089887640449437	0	0.0	1.0	1.0
3:51547261:51552592:DEL	DEL	1	0	0.0	0	0.0	1	0.00909090909090909	1.0	1.0
5:138143607:138143673:DEL	DEL	1	0	0.0	37	0.10393258426966293	11	0.1	1.0	1.0
6:133424631:133426225:DEL	DEL	1	0	0.0	9	0.025280898876404494	7	0.06363636363636363	1.0	1.0
7:151645169:151645335:DEL	DEL	1	0	0.0	1	0.0028089887640449437	0	0.0	1.0	1.0
x:53969591:53971887:DEL	DEL	1	0	0.0	0	0.0	1	0.00909090909090909	1.0	1.0
1:246200282:246200282:INS	INS		0	0.0	1	0.0028089887640449437	0	0.0	1.0	1.0
12:42178267:42178267:INS	INS		0	0.0	1	0.0028089887640449437	0	0.0	1.0	1.0
13:40629020:40629020:INS	INS		0	0.0	1	0.0028089887640449437	0	0.0	1.0	1.0
14:102653986:102653986:INS	INS		0	0.0	2	0.0056179775280898875	0	0.0	1.0	1.0
16:53141067:53141067:INS	INS		0	0.0	1	0.0028089887640449437	0	0.0	1.0	1.0
16:53149743:53149743:INS	INS		0	0.0	12	0.033707865168539325	5	0.045454545454545456	1.0	1.0
16:88001107:88001107:INS	INS		0	0.0	4	0.011235955056179775	0	0.0	1.0	1.0
16:88034654:88034654:INS	INS		0	0.0	0	0.0	1	0.00909090909090909	1.0	1.0
17:43152558:43152558:INS	INS		0	0.0	1	0.0028089887640449437	0	0.0	1.0	1.0
18:76458797:76458797:INS	INS		0	0.0	0	0.0	1	0.00909090909090909	1.0	1.0
20:47293162:47293162:INS	INS		0	0.0	1	0.0028089887640449437	0	0.0	1.0	1.0
3:71336680:71336680:INS	INS		0	0.0	1	0.0028089887640449437	0	0.0	1.0	1.0
3:152410830:152410830:INS	INS		0	0.0	1	0.0028089887640449437	0	0.0	1.0	1.0
4:745253:745253:INS	INS		0	0.0	2	0.0056179775280898875	0	0.0	1.0	1.0
6:157076541:157076541:INS	INS		0	0.0	2	0.0056179775280898875	0	0.0	1.0	1.0
7:18601415:18601415:INS	INS		0	0.0	1	0.0028089887640449437	0	0.0	1.0	1.0
7:138508702:138508702:INS	INS		0	0.0	1	0.0028089887640449437	0	0.0	1.0	1.0
8:60702010:60702010:INS	INS		0	0.0	1	0.0028089887640449437	0	0.0	1.0	1.0
8:71486985:71486985:INS	INS		0	0.0	3	0.008426966292134831	1	0.00909090909090909	1.0	1.0
9:7157755:7157755:INS	INS		0	0.0	1	0.0028089887640449437	0	0.0	1.0	1.0
