coord_key	chrom	pos	end	svtype	sv_id	cohort_carrier	cohort_rate	abnormal_carrier	abnormal_total	abnormal_rate	normal_carrier	normal_total	normal_rate	control_carrier	control_total	control_rate	p_abnormal_vs_control	p_abnormal_vs_normal	p_normal_vs_control	fdr_abnormal_vs_control	fdr_abnormal_vs_normal	fdr_normal_vs_control	delta_abnormal_vs_normal	delta_abnormal_vs_control	abnormal_specific	enrichment_pattern
chr9:108541820:108541820:INS	chr9	108541820	108541820	INS	Sniffles2.INS.ED84M8	312	0.48148148148148145	34	47	0.723404255319149	233	448	0.5200892857142857	45	153	0.29411764705882354	1.923974943984036e-07	0.005453267419389685	7.660914865693821e-07	0.0036236557634236936	1.0	0.00026520172036315586	0.20331496960486328	0.42928660826032544	0	case_vs_control
chr22:11042769:11042769:INS	chr22	11042769	11042769	INS	Sniffles2.INS.3F98M15	208	0.32098765432098764	25	47	0.5319148936170213	161	448	0.359375	22	153	0.1437908496732026	2.3862312238984215e-07	0.01622251758740419	1.42918477479228e-07	0.0036236557634236936	1.0	7.837592703583645e-05	0.17253989361702127	0.38812404394381866	0	case_vs_control
chr13:111307701:111307701:INS	chr13	111307701	111307701	INS	0003C_Sniffles2.INS.1AASC	325	0.5015432098765432	32	47	0.6808510638297872	253	448	0.5647321428571429	40	153	0.26143790849673204	2.938503203108902e-07	0.08302248646517746	4.2856318477858965e-11	0.0036236557634236936	1.0	3.3407739837832835e-07	0.11611892097264431	0.4194131553330552	0	case_vs_control
chr13:88515302:88515302:INS	chr13	88515302	88515302	INS	0002C_Sniffles2.INS.167SC	329	0.5077160493827161	33	47	0.7021276595744681	253	448	0.5647321428571429	43	153	0.28104575163398693	3.0474356223229155e-07	0.046910323445590915	7.491228912318755e-10	0.0036236557634236936	1.0	1.9596784392144436e-06	0.1373955167173252	0.42108190794048117	0	case_vs_control
chr11:69113752:69113791:DEL	chr11	69113752	69113791	DEL	Sniffles2.DEL.40BEMA	334	0.5154320987654321	33	47	0.7021276595744681	257	448	0.5736607142857143	44	153	0.2875816993464052	4.7588270704602313e-07	0.05947319530495414	5.755133569187976e-10	0.0036236557634236936	1.0	1.6777123059483348e-06	0.1284669452887538	0.4145459602280629	0	case_vs_control
chr22:22558121:22558169:DEL	chr22	22558121	22558169	DEL	Sniffles2.DEL.5984M15	189	0.2916666666666667	21	47	0.44680851063829785	153	448	0.34151785714285715	15	153	0.09803921568627451	4.932661943708959e-07	0.1018091847025957	5.609869049645076e-10	0.0036236557634236936	1.0	1.6777123059483348e-06	0.1052906534954407	0.34876929495202336	0	case_vs_control
chr22:11823569:38536104:DEL	chr22	11823569	38536104	DEL	Sniffles2.DEL.38BAM15	174	0.26851851851851855	22	47	0.46808510638297873	135	448	0.3013392857142857	17	153	0.1111111111111111	5.172907904397351e-07	0.0166969059006028	6.869004167109813e-07	0.0036236557634236936	1.0	0.0002438848735947938	0.16674582066869303	0.35697399527186763	0	case_vs_control
chr4:132646168:132646168:INS	chr4	132646168	132646168	INS	0006C_Sniffles2.INS.2C2S3	224	0.345679012345679	27	47	0.574468085106383	169	448	0.37723214285714285	28	153	0.1830065359477124	5.233849589692632e-07	0.007187462854654773	4.01872478608359e-06	0.0036236557634236936	1.0	0.0008797989266861577	0.19723594224924018	0.3914615491586706	0	case_vs_control
chr2:1764436:1764436:INS	chr2	1764436	1764436	INS	0002C_Sniffles2.INS.5DS1	246	0.37962962962962965	25	47	0.5319148936170213	197	448	0.43973214285714285	24	153	0.1568627450980392	7.573748612258603e-07	0.14584383810177276	5.587287975257066e-11	0.0046610532015086605	1.0	3.3407739837832835e-07	0.09218275075987842	0.37505214851898205	0	case_vs_control
chr5:10685224:10685224:INS	chr5	10685224	10685224	INS	Sniffles2.INS.BDDM4	209	0.32253086419753085	24	47	0.5106382978723404	163	448	0.3638392857142857	22	153	0.1437908496732026	8.616395672550785e-07	0.03596903254844188	8.611424955820784e-08	0.0047724492351124284	1.0	5.482409258080479e-05	0.1467990121580547	0.3668474481991378	0	case_vs_control
chr5:179277430:179277975:DEL	chr5	179277430	179277975	DEL	0006C_Sniffles2.DEL.791S4	76	0.11728395061728394	17	47	0.3617021276595745	50	448	0.11160714285714286	9	153	0.058823529411764705	9.983409293845336e-07	2.7556909808108702e-05	0.03667628142520974	0.00502691885425005	0.5038115177286414	0.61965116494017	0.25009498480243164	0.30287859824780977	0	abnormal_vs_control_only
chr14:63522927:63522927:INS	chr14	63522927	63522927	INS	Sniffles2.INS.4BD6MD	323	0.4984567901234568	33	47	0.7021276595744681	244	448	0.5446428571428571	46	153	0.3006535947712418	1.1249274738166184e-06	0.026410086724910388	1.119502611274517e-07	0.005192290243312905	1.0	6.753811587537519e-05	0.157484802431611	0.4014740648032263	0	case_vs_control
chr13:79460578:79460614:DEL	chr13	79460578	79460614	DEL	0006C_Sniffles2.DEL.481SC	206	0.31790123456790126	26	47	0.5531914893617021	152	448	0.3392857142857143	28	153	0.1830065359477124	1.8152486176335358e-06	0.0034959864052073516	0.00013301641639176613	0.007734076187191253	1.0	0.012508511495937425	0.21390577507598785	0.3701849534139897	0	case_vs_control
chr11:79457816:79457816:INS	chr11	79457816	79457816	INS	165_Sniffles2.INS.105SA	32	0.04938271604938271	10	47	0.2127659574468085	21	448	0.046875	1	153	0.006535947712418301	2.0878856884447394e-06	0.0002242662519456617	0.012099881444412267	0.008260272322255516	0.8642742367335806	0.3107038634414032	0.1658909574468085	0.2062300097343902	0	abnormal_vs_control_only
chr14:98168984:98168984:INS	chr14	98168984	98168984	INS	Sniffles2.INS.633BMD	264	0.4074074074074074	28	47	0.5957446808510638	202	448	0.45089285714285715	34	153	0.2222222222222222	2.8651613539572976e-06	0.040961930960063155	2.4065067524415533e-07	0.009385022352465845	1.0	0.00011295897966460404	0.14485182370820665	0.3735224586288416	0	case_vs_control
chr8:142203480:142203524:DEL	chr8	142203480	142203524	DEL	0002C_Sniffles2.DEL.4B9S7	246	0.37962962962962965	28	47	0.5957446808510638	184	448	0.4107142857142857	34	153	0.2222222222222222	2.8651613539572976e-06	0.011522666798695807	1.394045872030592e-05	0.009385022352465845	1.0	0.002351384341284523	0.1850303951367781	0.3735224586288416	0	case_vs_control
chr8:99815130:99815130:INS	chr8	99815130	99815130	INS	0011C_Sniffles2.INS.170S7	168	0.25925925925925924	19	47	0.40425531914893614	135	448	0.3013392857142857	14	153	0.0915032679738562	3.2006678176580503e-06	0.10106051891228451	2.6467621472054976e-08	0.009385022352465845	1.0	2.5275665829210016e-05	0.10291603343465044	0.3127520511750799	0	case_vs_control
chr9:137265683:137265683:INS	chr9	137265683	137265683	INS	0054c_Sniffles2.INS.2AES8	132	0.2037037037037037	19	47	0.40425531914893614	99	448	0.22098214285714285	14	153	0.0915032679738562	3.2006678176580503e-06	0.005933278256503623	0.0001567550853424771	0.009385022352465845	1.0	0.013972077270817342	0.1832731762917933	0.3127520511750799	0	case_vs_control
chr18:72172043:72172043:INS	chr18	72172043	72172043	INS	Sniffles2.INS.48DDM11	174	0.26851851851851855	20	47	0.425531914893617	138	448	0.3080357142857143	16	153	0.10457516339869281	3.388828754411008e-06	0.07156401865256237	1.1388044656661226e-07	0.009385022352465845	1.0	6.753811587537519e-05	0.11749620060790272	0.3209567514949242	0	case_vs_control
chr4:172206776:172206808:DEL	chr4	172206776	172206808	DEL	0002C_Sniffles2.DEL.683S3	192	0.2962962962962963	20	47	0.425531914893617	156	448	0.3482142857142857	16	153	0.10457516339869281	3.388828754411008e-06	0.18519359388182635	8.137611775462593e-10	0.009385022352465845	1.0	1.9596784392144436e-06	0.07731762917933133	0.3209567514949242	0	case_vs_control
chr6:169883605:169883605:INS	chr6	169883605	169883605	INS	0006C_Sniffles2.INS.383S5	250	0.38580246913580246	26	47	0.5531914893617021	194	448	0.4330357142857143	30	153	0.19607843137254902	4.789351223652387e-06	0.077774545474808	5.643274371993831e-08	0.012632027884555162	1.0	4.2817764509040316e-05	0.12015577507598785	0.35711305798915316	0	case_vs_control
chr2:242001606:242001606:INS	chr2	242001606	242001606	INS	Sniffles2.INS.C650M1	222	0.3425925925925926	25	47	0.5319148936170213	169	448	0.37723214285714285	28	153	0.1830065359477124	5.9431227323554055e-06	0.029164651235064086	4.01872478608359e-06	0.014962621904531874	1.0	0.0008797989266861577	0.15468275075987842	0.34890835766930883	0	case_vs_control
chr16:14036788:14036839:DEL	chr16	14036788	14036839	DEL	Sniffles2.DEL.DEBMF	272	0.41975308641975306	28	47	0.5957446808510638	208	448	0.4642857142857143	36	153	0.23529411764705882	6.923975841399408e-06	0.05895780686728515	2.8778420546543964e-07	0.016674137995801322	1.0	0.00013173381464727082	0.1314589665653495	0.360450563204005	0	case_vs_control
chr19:20876857:20876857:INS	chr19	20876857	20876857	INS	Sniffles2.INS.17E6M12	246	0.37962962962962965	26	47	0.5531914893617021	189	448	0.421875	31	153	0.20261437908496732	7.591273613148513e-06	0.05837678513894078	4.589469286552623e-07	0.01751939428687791	1.0	0.00018028476939260755	0.13131648936170215	0.3505771102767348	0	case_vs_control
chr4:48160861:48160861:INS	chr4	48160861	48160861	INS	0002C_Sniffles2.INS.107S3	166	0.25617283950617287	21	47	0.44680851063829785	125	448	0.27901785714285715	20	153	0.13071895424836602	1.0503213825624695e-05	0.014767919917636933	9.03623033590927e-05	0.023270080294948023	1.0	0.009443372185761183	0.1677906534954407	0.31608955638993186	0	case_vs_control
chr16:55449008:55449008:INS	chr16	55449008	55449008	INS	0008C_Sniffles2.INS.122SF	211	0.3256172839506173	20	47	0.425531914893617	173	448	0.3861607142857143	18	153	0.11764705882352941	1.1115117570828667e-05	0.35310103346007427	6.30617979520633e-11	0.023439538796919682	1.0	3.3407739837832835e-07	0.03937120060790272	0.30788485607008764	0	case_vs_control
chr20:16905716:16905716:INS	chr20	16905716	16905716	INS	Sniffles2.INS.D1CM13	340	0.5246913580246914	33	47	0.7021276595744681	255	448	0.5691964285714286	52	153	0.33986928104575165	1.182878411456583e-05	0.05289207995317759	6.735971276194933e-07	0.023439538796919682	1.0	0.00024226751756226296	0.1329312310030395	0.36225837852871645	0	case_vs_control
chr4:139368025:139368025:INS	chr4	139368025	139368025	INS	0002C_Sniffles2.INS.242S3	290	0.44753086419753085	26	47	0.5531914893617021	232	448	0.5178571428571429	32	153	0.20915032679738563	1.1849264936696597e-05	0.3798688024416322	7.985214452651564e-12	0.023439538796919682	1.0	8.845701162069297e-08	0.035334346504559244	0.3440411625643165	0	case_vs_control
chr7:100787975:100787975:INS	chr7	100787975	100787975	INS	Sniffles2.INS.5D68M6	270	0.4166666666666667	28	47	0.5957446808510638	204	448	0.45535714285714285	38	153	0.24836601307189543	1.5891591146693422e-05	0.046393145116901534	3.3578943485349474e-06	0.030351843118381214	1.0	0.000774946050736057	0.14038753799392095	0.34737866777916837	0	case_vs_control
chr16:86431244:86431244:INS	chr16	86431244	86431244	INS	Sniffles2.INS.731BMF	84	0.12962962962962962	16	47	0.3404255319148936	57	448	0.12723214285714285	11	153	0.0718954248366013	1.6553034290734422e-05	0.000376306048961748	0.0389056198949356	0.03056131544317327	0.8642742367335806	0.6319367961116401	0.21319338905775076	0.2685301070782923	0	abnormal_vs_control_only
chr8:2089228:2089228:INS	chr8	2089228	2089228	INS	Sniffles2.INS.3CAM7	255	0.39351851851851855	24	47	0.5106382978723404	203	448	0.453125	28	153	0.1830065359477124	1.838769809872363e-05	0.27405447093683105	7.241765960703645e-10	0.03285347813845498	1.0	1.9596784392144436e-06	0.057513297872340385	0.32763176192462795	0	case_vs_control
chr5:32041047:32041098:DEL	chr5	32041047	32041098	DEL	Sniffles2.DEL.1C07M4	66	0.10185185185185185	12	47	0.2553191489361702	49	448	0.109375	5	153	0.032679738562091505	2.0466854387011955e-05	0.006863229884734426	0.0018015664568190991	0.03542556658711932	1.0	0.08308506487118757	0.1459441489361702	0.2226394103740787	0	abnormal_vs_control_only
chr7:24429839:24429883:DEL	chr7	24429839	24429883	DEL	Sniffles2.DEL.15E0M6	222	0.3425925925925926	23	47	0.48936170212765956	173	448	0.3861607142857143	26	153	0.16993464052287582	2.207314439022968e-05	0.11193577012711793	2.959843860161552e-07	0.036375064709597976	1.0	0.000133284416037909	0.10320098784194526	0.31942706160478374	0	case_vs_control
chr20:33057480:33057480:INS	chr20	33057480	33057480	INS	0006C_Sniffles2.INS.C1S13	249	0.38425925925925924	25	47	0.5319148936170213	193	448	0.43080357142857145	31	153	0.20261437908496732	2.312920686399066e-05	0.12044999595881879	1.7423999943995738e-07	0.036375064709597976	1.0	9.019444008392859e-05	0.10111132218844981	0.32930051453205395	0	case_vs_control
chr5:843686:843686:INS	chr5	843686	843686	INS	Sniffles2.INS.23BM4	241	0.37191358024691357	25	47	0.5319148936170213	185	448	0.41294642857142855	31	153	0.20261437908496732	2.312920686399066e-05	0.07917437857489924	1.1724469557465327e-06	0.036375064709597976	1.0	0.00036014755514592533	0.11896846504559272	0.32930051453205395	0	case_vs_control
chr10:12544834:12544834:INS	chr10	12544834	12544834	INS	0002C_Sniffles2.INS.90S9	293	0.4521604938271605	28	47	0.5957446808510638	226	448	0.5044642857142857	39	153	0.2549019607843137	2.364234725112889e-05	0.14966917753890804	3.7943547241321265e-08	0.036375064709597976	1.0	3.3359003088925434e-05	0.0912803951367781	0.3408427200667501	0	case_vs_control
chr10:133759326:133759367:DEL	chr10	133759326	133759367	DEL	Sniffles2.DEL.A72DM3	39	0.06018518518518518	7	47	0.14893617021276595	32	448	0.07142857142857142	0	153	0.0	2.753693385801017e-05	0.06380416325833119	6.155382520711306e-05	0.038172784865791606	1.0	0.007029573753755831	0.07750759878419453	0.14893617021276595	0	case_vs_control
chr5:76724532:76724569:DEL	chr5	76724532	76724569	DEL	Sniffles2.DEL.4A56M4	17	0.026234567901234566	7	47	0.14893617021276595	10	448	0.022321428571428572	0	153	0.0	2.753693385801017e-05	0.00041895771137717545	0.051616794230699765	0.038172784865791606	0.8642742367335806	0.7289164135762886	0.12661474164133737	0.14893617021276595	0	abnormal_vs_control_only
chr1:20816025:20816075:DEL	chr1	20816025	20816075	DEL	Sniffles2.INS.1951M0	107	0.16512345679012347	15	47	0.3191489361702128	82	448	0.18303571428571427	10	153	0.06535947712418301	2.756754883064318e-05	0.024608892693565903	0.00016964734395598184	0.038172784865791606	1.0	0.014824167728006843	0.1361132218844985	0.2537894590460298	0	case_vs_control
chr4:35094625:35094642:DEL	chr4	35094625	35094642	DEL	0022C_Sniffles2.DEL.3E5S3	136	0.20987654320987653	15	47	0.3191489361702128	111	448	0.24776785714285715	10	153	0.06535947712418301	2.756754883064318e-05	0.1846435883713022	1.3384951766687403e-07	0.038172784865791606	1.0	7.576198044163482e-05	0.07138107902735563	0.2537894590460298	0	case_vs_control
chr21:43372817:43372863:DEL	chr21	43372817	43372863	DEL	Sniffles2.DEL.4429M14	182	0.2808641975308642	21	47	0.44680851063829785	139	448	0.31026785714285715	22	153	0.1437908496732026	2.938543923208129e-05	0.043127585433538736	2.3466979806619508e-05	0.03969757824845167	1.0	0.003447716386018677	0.1365406534954407	0.30301766096509525	0	case_vs_control
chr16:57628997:57628997:INS	chr16	57628997	57628997	INS	0003C_Sniffles2.INS.101SF	258	0.39814814814814814	27	47	0.574468085106383	194	448	0.4330357142857143	37	153	0.24183006535947713	3.1614290940837176e-05	0.04479577161550761	1.405192852179492e-05	0.04169172253883546	1.0	0.002351384341284523	0.14143237082066873	0.3326380197469059	0	case_vs_control
chr12:81135300:81135300:INS	chr12	81135300	81135300	INS	Sniffles2.INS.46C8MB	269	0.41512345679012347	28	47	0.5957446808510638	201	448	0.4486607142857143	40	153	0.26143790849673204	3.477021851535409e-05	0.038444020172629156	2.5078010578734845e-05	0.04172298174936878	1.0	0.0036457240155773375	0.1470839665653495	0.33430677235433176	0	case_vs_control
chr5:1848194:1848194:INS	chr5	1848194	1848194	INS	Sniffles2.INS.49CM4	330	0.5092592592592593	28	47	0.5957446808510638	262	448	0.5848214285714286	40	153	0.26143790849673204	3.477021851535409e-05	0.5072916676762851	2.3263265060670792e-12	0.04172298174936878	1.0	3.221264312951085e-08	0.010923252279635198	0.33430677235433176	0	case_vs_control
chr1:60732708:60732708:INS	chr1	60732708	60732708	INS	0003C_Sniffles2.INS.14DS0	158	0.24382716049382716	17	47	0.3617021276595745	127	448	0.28348214285714285	14	153	0.0915032679738562	3.484426688682949e-05	0.16940433420127166	2.2068237106310317e-07	0.04172298174936878	1.0	0.0001072206593723084	0.07821998480243164	0.2701988596857183	0	case_vs_control
chr21:14755732:14755732:INS	chr21	14755732	14755732	INS	Sniffles2.INS.2EB0M14	213	0.3287037037037037	25	47	0.5319148936170213	156	448	0.3482142857142857	32	153	0.20915032679738563	3.5268217216211084e-05	0.010888044099898051	0.0007577109846407579	0.04172298174936878	1.0	0.04509769764452824	0.18370060790273557	0.3227645668196356	0	case_vs_control
chr2:108122464:108122491:DEL	chr2	108122464	108122491	DEL	Sniffles2.DEL.6B3BM1	273	0.4212962962962963	29	47	0.6170212765957447	201	448	0.4486607142857143	43	153	0.28104575163398693	3.691099345921626e-05	0.020279092348998256	0.0001589020406084237	0.04172298174936878	1.0	0.014127233106291126	0.16836056231003038	0.33597552496175775	0	case_vs_control
chr3:188907518:188907518:INS	chr3	188907518	188907518	INS	Sniffles2.INS.9E13M2	333	0.5138888888888888	29	47	0.6170212765957447	261	448	0.5825892857142857	43	153	0.28104575163398693	3.691099345921626e-05	0.3846874581112471	6.634742872394042e-11	0.04172298174936878	1.0	3.3407739837832835e-07	0.034431990881458985	0.33597552496175775	0	case_vs_control
chr6:775446:775446:INS	chr6	775446	775446	INS	Sniffles2.DEL.CFM5	323	0.4984567901234568	29	47	0.6170212765957447	251	448	0.5602678571428571	43	153	0.28104575163398693	3.691099345921626e-05	0.27830704413591495	1.3406620287192659e-09	0.04172298174936878	1.0	3.0940245186126125e-06	0.05675341945288759	0.33597552496175775	0	case_vs_control
chr9:130169260:130169296:DEL	chr9	130169260	130169296	DEL	Sniffles2.DEL.FCE8M8	186	0.28703703703703703	22	47	0.46808510638297873	139	448	0.31026785714285715	25	153	0.16339869281045752	4.114483550227598e-05	0.022898704507509245	0.00020940706676696386	0.045371097170006695	1.0	0.01752060213608549	0.15781724924012158	0.30468641357252124	0	case_vs_control
